FIELDNAME,WELLIDE,RIGNO,DTTMSTART,DTTMSPUD,DTTMSTARTCALC,WELLPHASE,PHASE1,PHASE2,ACTIVITY,DURATION,UNSCHEDULE_EVENT_HRS,WBORESZACT,DEPTHACT,COM
SEBL,SEBL_001,PHR-05,11/18/2025 13:00,12/1/2025 4:00,11/18/2025 13:00,LOCN,MOB,MOVEON,R/D,11,,,0,"30% R/D Rig & Equipment
1.5% MoMi 1 of 63 Loads

Activity on SEBL 0049 @ 17:00 Hrs
- Dismantle HDPE Water Line
- Dismantle Line BOP & Accumulator
- Removed Main Compressor
- Dismantle & Removed Engine Mud Pump 2, 3
- Removed Accumulator
- R/D Top Drive
- Dismantle Front & Back Guyline
- Dismantle Escape Line
- Dismantle Monkey Board Guyline
- Loading 1 Unit Crane BNC-27
- Dismantle Rail Top Drive
- R/D Upper Mast
- Dimantle 4"" hose choke manifold
- Dimantle and reposition choke manifold
- Dimantle MGS line
- Dimantle MGS and reposition 
- Dimantle roof mudtank 1, 2, 3
- Dimantle triptank line from box assembly
- Change out linear mudpump 1 5½"" to 6""
- Dimantle prv line MP3 
- Dimantle discharge line mp 3 to mp 2, mp2 to mp 1
- Dimantle sliding cutting line shale shaker
- Loading Vdoor + Cat Walk

Load List:
1. Crane unit

Note:
- Flet moving PHR-05 only ready 3 unit (Low bed 2 unit + 1 trailer)
- Cargo GPS non active & Tandem( Repair/ W.O spare part)
- 4 unit HE additional support  f/ BN-18 i-JMS can't be process due to all GPS N/A
- SWA due to Heavy Rain
- SWA by VT due to slippery access road

=========== After Midnight ==========

00:00 - 05:00
50% R/D Rig & Equipment 50%
3% MoMi 2 of 63 Loads

Activity on SEBL 0049 @ 05:00 Hrs
- Install suction manifold mp 2
- Dismantle line transfer water doghouse to mudtank
- Dismantle walkway shale shaker
- Dismantle dresserslip elmot solid control 
- Dismantle dresserslip mudtank 1 to mudtank 2
- Dismantle dresserslip mudtank 2 to mudpump 3
- Dismantle flowline 2 section and support 
- Roll up guyline prepare rigdown lower mast
- R/D dog house

Load List : 
2. Vdoor + Cat Walk

Note:
- Medium Rain all night
"
SEBL,SEBL_001,PHR-05,11/19/2025,12/1/2025 4:00,11/19/2025,LOCN,MOB,MOVEON,R/D,12,,,0,"70% R/D Rig & Equipments
6% Moving 4 of 63 Loads

Activity on SEBL 0049 
- Install suction manifold mp 2
- Dismantle line transfer water doghouse to mudtank
- Dismantle walkway shale shaker
- Dismantle dresserslip elmot solid control 
- Dismantle dresserslip mudtank 1 to mudtank 2
- Dismantle dresserslip mudtank 2 to mudpump 3
- Dismantle flowline 2 section and support 
- Roll up guyline prepare rigdown lower mast
- R/D dog house
- Loading Cover V Belt + Mud Lab
- Dismantle & Removed walkway flowline and support
- Dismanle Dresser Sleeve Mud Tank
- Dismantle & Removed Elmot Desander, Desilter, Degasser
- R/D Lower Mast
- Dismantle & Removed Genset Rig
- Removed Main Fuel Tank
- Dismantle Rotary Table
- Dismantle  Ladder Substructure
- Dismantle Box Assembly
- Loading Dozer BNR-19
- Cont'd Dismantle 3"" HDPE Water Line
- Dismantle 4"" Vibrator Hose Mud Pump
- Tie up Slings on Rig Mast
- Dismantle & Removed Shale Shaker

Load List : 
1. 1 Unit crane BNC-27
2. V door + catwalk
3. Cover V Belt + Mud Lab
4. Dozer BNR-19

Flet moving:
- 3 Lowbed
- 2 Trailer
- 3 Crane
- 2 Dozzer

Note:
- Medium rain all night
"
SEBL,SEBL_001,PHR-05,11/19/2025,12/1/2025 4:00,11/19/2025 12:00,LOCN,MOB,MOVEON,R/D,5,,,0,"70% R/D Rig & Equipments
8 % Moving 5 of 63 Loads

Activity on SEBL 0049 @ 12:00 Hrs
- Loading Cover V Belt + Mud Lab
- Dismantle & Removed walkway flowline and support
- Dismanle Dresser Sleeve Mud Tank
- Dismantle & Removed Elmot Desander, Desilter, Degasser
- R/D Lower Mast
- Dismantle & Removed Genset Rig
- Removed Main Fuel Tank
- Dismantle Rotary Table
- Dismantle  Ladder Substructure
- Dismantle Box Assembly
- Loading Dozer BNR-19
- Cont'd Dismantle 3"" HDPE Water Line
- Dismantle 4"" Vibrator Hose Mud Pump
- Tie up Slings on Rig Mast
- Dismantle & Removed Shale Shaker

Load List : 
5. Portacamp geologist + Tower light

Flet moving:
- 3 Lowbed
- 2 Trailer
- 3 Crane
- 2 Dozzer

Note:
- Slow moving progress due to access road muddy & slippery after rain last night"
SEBL,SEBL_001,PHR-05,11/19/2025,12/1/2025 4:00,11/19/2025 17:00,LOCN,MOB,MOVEON,OPSUS,2,2,,0,SWA Due to heavy rain unsafe condition to contnue moving.
SEBL,SEBL_001,PHR-05,11/19/2025,12/1/2025 4:00,11/19/2025 19:00,LOCN,MOB,MOVEON,R/D,5,,,0,"90% R/D Rig & Equipments
8% Moving 5 of 63 Loads

Activity on SEBL 0049
- Loading 2 Ea Tool Box
- Dismantle Mud Tank 1,2,3
- Dismantle walkway mud tank 1
- Roll Up Hose HDPE
- Roll Up Kelly Hose
- Roll Up Hose 2"" 6000 psi
- Dismantle Ladder Mud Tank 3
- Cont'd Fabricated Wood Retainer on Pipe Rack for closing finding
- Loading Mud Pump 3 + BOP
- Loading Elmot Solid Control + Compressor Portable

Activity on SEBL 00050
- Unloading Vdoor + Cat Walk
- Unloading Cover V belt MP + Mud Lab
- Unloading Portacamp Geologist + Lighting Tower 2

Load ready to move: 
6. 2 Ea Tool Box
7. Mud Pump 3 + BOP
8. Elmot Solid Control + Compressor Portable

Flet Movig :
- 3 Unit Crane
- 2 Unit Dozer
- 2 Unit Trailer
- 1 Unit Low Bed Winch
- 2 Unit Low Bed Ram
- 1 Unit Cargo Truck

Note:
- SWA MOMI due to muddy & slippery access road f/ SEBL 00049 to SEBL 00050

=========== After Midnight ==========

00:00 - 05:00
100% R/D Rig & Equipments
8% Moving 5 of 63 Loads

Activity on SEBL 0049
- Loading Engine MP 1 & 2
- Reposition Mud Tank 1,2&3
- Dismantle Handraill Substructure
- Reposition Substructure
- R/D Substructure
- Reposition choke manifold
- Reposition powerpack
- Reposition mud gas separator

Activity on SEBL 00050
- Reposition Portacamp Geologist

Load ready to move : 
6. 2 Ea Tool Box
7. Mud Pump 3 + BOP
8. Elmot Solid Control + Compressor Portable
9. Engine MP 1 & 2

Note:
- SWA MOMI due to muddy & slippery access road f/ SEBL 00049 to SEBL 00050
"
SEBL,SEBL_001,PHR-05,11/20/2025,12/1/2025 4:00,11/20/2025,LOCN,MOB,MOVEON,R/D,5,,,0,"100% R/D Rig & Equipments
8% Moving 5 of 63 Loads

Activity on SEBL 0049
- Loading Engine MP 1 & 2
- Reposition Mud Tank 1,2&3
- Dismantle Handraill Substructure
- Reposition Substructure
- R/D Substructure
- Reposition choke manifold
- Reposition powerpack
- Reposition mud gas separator

Activity on SEBL 00050
- Reposition Portacamp Geologist

Load ready to move : 
6. 2 Ea Tool Box
7. Mud Pump 3 + BOP
8. Elmot Solid Control + Compressor Portable
9. Engine MP 1 & 2

Note:
- SWA MOMI due to muddy & slippery access road f/ SEBL 00049 to SEBL 00050


Activity on SEBL 0049
- Loading Engine MP 1 & 2
- Reposition Mud Tank 1,2&3
- Dismantle Handraill Substructure
- Reposition Substructure
- R/D Substructure
- Reposition choke manifold
- Reposition powerpack
- Reposition mud gas separator

- Loading Sliding Cutting, Test Pump, Super Choke, 2 Ea Bug Blower
- Loading Mud Tank 1

Activity on SEBL 00050
- Reposition Portacamp Geologist
- Unloading Elmot Solid Control + Compressor Portable

Load ready to move : 
6. 2 Ea Tool Box
7. Mud Pump 3 + BOP
8. Elmot Solid Control + Compressor Portable
9. Engine MP 1 & 2
10. Sliding Cutting, Test Pump, Super Choke, 2 Ea Bug Blower
11. Mud Tank 1

Armada Movig :
- 3 Unit Crane
- 2 Unit Dozer
- 2 Unit Trailer
- 1 Unit Low Bed Winch
- 2 Unit Low Bed Ram
- 1 Unit Cargo Truck

Note:
- SWA MOMI due to muddy & slippery access road f/ SEBL 00049 to SEBL 00050"
SEBL,SEBL_001,PHR-05,11/20/2025,12/1/2025 4:00,11/20/2025 5:00,LOCN,MOB,MOVEON,OPSUS,7,7,,0,"SWA MOMI due to muddy & slippery access road f/ SEBL 00049 to SEBL 00050

Offline Activities:
- Cont'd Fabricated Wood Retainer on Pipe Rack for closing finding
- Dismantle Tong Post
- Service Robotic TDS
- Service Genset Rig
- Team construction repair access to SEBL-00050 (Not finished yet)

Note:
- 100% R/D Rig & Equipments
- 8% Moving 5 of 63 Loads
"
SEBL,SEBL_001,PHR-05,11/20/2025,12/1/2025 4:00,11/20/2025 12:00,LOCN,MOB,MOVEON,UNITMOV,6,,,0,"24% MoMi 15 of 63 Loads from SEBL-00049 to SEBL-00050


Activity on SEBL 0049
- Service Robotic TDS
- Service Genset Rig
- Loading Sliding Cutting, Test Pump, Super Choke, 2 Ea Bug Blower
- Loading Mud Tank 1
- Dismantle Matting Board Substructure
- Loading Box Assembely, Casing Tong, Tubing Tong, Pipe Spinner, Line MGS
- Loading Mud Tank 2
- Loading Shale Shaker + Rotary Table + 6 Ea Matting Board + Hydromatic Tank
- Loading Mud Tank 3

Activity on SEBL 00050
- Reposition Portacamp Geologist
- Unloading Elmot Solid Control + Compressor Portable
- Unloading 2 Ea Tool Box
- Unloading Mud Pump 3 + BOP
- Unloading Engine MP 1 & 2
- Unloading Sliding Cutting, Test Pump, Super Choke, 2 Ea Bug Blower
- Unloading Mud Tank 1
- Unloading Box Assembely, Casing Tong, Tubing Tong, Pipe Spinner, Line MGS
- Unloading Mud Tank 2

Load list : 
6. 2 Ea Tool Box
7. Mud Pump 3 + BOP
8. Elmot Solid Control + Compressor Portable
9. Engine MP 1 & 2
10. Sliding Cutting, Test Pump, Super Choke, 2 Ea Bug Blower
11. Mud Tank 1
12. Box Assembely, Casing Tong, Tubing Tong, Pipe Spinner, Line MGS
13. Mud Tank 2
14. Shale Shaker + Rotary Table + 6 Ea Matting Board + Hydromatic Tank
15. Mud Tank 3

Armada Movig :
- 3 Unit Crane
- 2 Unit Dozer
- 2 Unit Trailer
- 1 Unit Low Bed Winch
- 2 Unit Low Bed Ram
- 1 Unit Cargo Truck

Note:
- SWA MOMI due to muddy & slippery access road f/ SEBL 00049 to SEBL 00050"
SEBL,SEBL_001,PHR-05,11/20/2025,12/1/2025 4:00,11/20/2025 18:00,LOCN,MOB,MOVEON,UNITMOV,4.5,,,0,"28% MoMi 18 of 63 Loads from SEBL-00049 to SEBL-00050

Activity on SEBL 0049
- Loading Choke Manifold + Mud Gas Separator
- Loading Ladder 3 Ea + Appar Storage + Handraill
- Loading Water Tank Saraline 500 Bbls
- Cont'd Fabricated Wood Retainer on Pipe Rack for closing finding
- Reposition flowline
- Reposition support flowline
- Reposition centrifugal mudpit
- Reposition walkway flowline

Activity on SEBL 00050
- Unloading Shale Shaker + Rotary Table + 6 Ea Matting Board + Hydromatic Tank
- Unloading Mud Tank 3
- Set up mud tank 1
- Install walk way mud tank 1 
- Install handraill mud tank 1
- Unloading Water Tank Saraline 500 Bbls
- Unloading Choke Manifold + Mud Gas Separator
- Unloading Ladder 3 Ea + Appar Storage + Handraill

Load List : 
16. Choke Manifold + Mud Gas Separator
17. Ladder 3 Ea + Appar Storage + Handraill
18. Water Tank Saraline 500 Bbls

Armada Movig :
- 3 Unit Crane
- 2 Unit Dozer
- 2 Unit Trailer
- 1 Unit Low Bed Winch
- 2 Unit Low Bed Ram
- 1 Unit Cargo Truck

Note:
- SWA due to heavy rain started at 22:30 Hrs"
SEBL,SEBL_001,PHR-05,11/20/2025,12/1/2025 4:00,11/20/2025 22:30,LOCN,MOB,MOVEON,OPSUS,1.5,1.5,,0,"SWA Due to heavy rain unsafe condition to contnue moving.

Note:
- Muddy & Slippery access road

=========== After Midnight ==========

00:00 - 04:00
28% MoMi 18 of 63 Loads from SEBL-00049 to SEBL-00050

Activity on SEBL 0049
- Cont'd Fabricated Wood Retainer on Pipe Rack for closing finding
- Loading Mud Pump 2
- Loading Engine MP 3 + Trip Tank
- Loading Ladder mudtank 1 & 2 + Centrifugal mudpit + Support flowline

Activity on SEBL 00050
- Set up mud tank 1 ,2 dan 3
- Instal elmot solid control

List Ready to move to SEBL-00050: 
19. Mud Pump 2
20. Engine MP 3 + Trip Tank
21. Ladder mudtank 1 & 2 + Ccentrifugal mudpit + Support flowline

Flet Movig :
- 3 Unit Crane
- 2 Unit Dozer
- 2 Unit Trailer
- 1 Unit Low Bed Winch
- 2 Unit Low Bed Ram
- 1 Unit Cargo Truck

Note:
- Bad & slippery access road after heavy rain

04:00-05:00
- Cont'd SWA due to bad & slippery access road
"
SEBL,SEBL_001,PHR-05,11/21/2025,12/1/2025 4:00,11/21/2025,LOCN,MOB,MOVEON,UNITMOV,4,,,0,"28% MoMi 18 of 63 Loads from SEBL-00049 to SEBL-00050

Activity on SEBL 0049
- Cont'd Fabricated Wood Retainer on Pipe Rack for closing finding
- Loading Mud Pump 2
- Loading Engine MP 3 + Trip Tank
- Loading Ladder mudtank 1 & 2 + Centrifugal mudpit + Support flowline

Activity on SEBL 00050
- Set up mud tank 1 ,2 dan 3
- Instal elmot solid control

List Load Ready to move to SEBL-00050: 
19. Mud Pump 2
20. Engine MP 3 + Trip Tank
21. Ladder mudtank 1 & 2 + Ccentrifugal mudpit + Support flowline

Flet Movig :
- 3 Unit Crane
- 2 Unit Dozer
- 2 Unit Trailer
- 1 Unit Low Bed Winch
- 2 Unit Low Bed Ram
- 1 Unit Cargo Truck

Note:
- Bad & slippery access road after heavy rain"
SEBL,SEBL_001,PHR-05,11/21/2025,12/1/2025 4:00,11/21/2025 4:00,LOCN,MOB,MOVEON,OPSUS,9,9,,0,"SWA MOMI due to muddy & slippery access road f/ SEBL 00049 to SEBL 00050

Activity on SEBL 0049 
- SWA moving due to slippery road
- Dress up for Rig Carrier Road
- Prepare Spot Primeover to Rig Carrier
- OST : Penguatan Implementasi Penggunaan APD  Crea A 

Activity on SEBL 0050 :
- Unloading Ladder Mud t50nk 1 & 2 + Ccentrifugal mudpit +  Support flowline
- Dress up Area Substructure 
- Cont'd Set up Mud Tank 1,2,3
- Set up Walkway Mud Tank 1 to Mud Tank 2 
- Set up Walkway Mud Tank 2 to mud Tank 3 
- Install Handrail Walkway Mud Tank 2 & 3 
- Install Box Assembly
- Reposition Compresor Portable
- Install Suport Canopy Mud Tank 2 
- Set up Matting Board for Substructure
- Team construction repaired access road to SEBL-00050

List Load Ready to move to SEBL-00050: 
19. Mud Pump 2
20. Engine MP 3 + Trip Tank
21. Ladder mudtank 1 & 2 + Ccentrifugal mudpit + Support flowline"
SEBL,SEBL_001,PHR-05,11/21/2025,12/1/2025 4:00,11/21/2025 13:00,LOCN,MOB,MOVEON,UNITMOV,5,,,0,"39% MoMi 25 of 63 Loads from SEBL-00049 to SEBL-00050
10% R/U Rig & Equipment at SEBL-00050


Activity on SEBL 0049 :
- Loading Welding Engine + Container Electric + Mud Lab
- Loading Rig Carrier + Rig Mast
- Loading Substructure
- Loading Engine HPU TDS


Activity on SEBL 0050 :
- Unloading Water Tank Saraline 500 Bbls
- Unloading Mud Pump 2
- Unloading Engine MP 3 + Trip Tank
- Install Support Canopy Mud Tank 1 & Mud Tank 2 
- Reposition & Set up MGS ( Mud Gas Separator)
- Install Line MGS to Box Possumbly 
- Install Guy Line MGS
- Set up Triptank 
- Unloading Ladder mudtank 1 & 2 + Centrifugal mudpit +  Support flowline
- Unloading Welding Engine + Container Electric + Mud Lab
- Unloading Substructure
- Unloading Engine HPU TDS


Load List : 
19. Mud Pump 2
20. Engine MP 3 + Trip Tank
21. Ladder mudtank 1 & 2 + Ccentrifugal mudpit + Support flowline
22. Welding Engine + Container Electric + Mud Lab
23. Rig Carrier + Rig Mast
24. Substructure
25. Engine HPU TDS



Note:
- Bad & slippery access road after heavy rain
- Moving distance 4 km field road
- Moving Flet: 2 Unit Low Bed Ram, 1 unit Low Bed Winch, 1 unit  trailer, 1 unit cargo truck, 2 unit Dozer & 3 unit Crane,
- Verification of unit moving condition & document prior moving by HFO & FHL


"
SEBL,SEBL_001,PHR-05,11/21/2025,12/1/2025 4:00,11/21/2025 18:00,LOCN,MOB,MOVEON,UNITMOV,6,,,0,"48% MoMi 25 of 63 Loads from SEBL-00049 to SEBL-00050
13% R/U Rig & Equipment at SEBL-00050

Activity on SEBL 0049 
- Loading Mud Pump 1 + Welder Shop
- Loading Portacamp Sperry
- Loading Line Manifold Mud Tank + Sliding Cutting + Ladder
- Loading Genset Rig
- Loading Oil Storage + Mini Fuel Tank

Activity on SEBL 00050 
- Unloading Mud Pump 1 + Welder Shop
- Unloading Portacamp Sperry
- Unloading Line Manifold Mud Tank + Sliding Cutting + Ladder
- Reposition Pipe Rack Portacamp Serco
- Set up Portacamp Serco
- Instal Ladder Mud Tank 2 & 3
- Welded Handraill Ladder Mud Tank 3
- Install Walkway Substructure

Load List : 
26. Mud Pump 1 + Welder Shop
27. Portacamp Sperry
28. Line Manifold Mud Tank + Sliding Cutting + Ladder
29. Genset Rig
30. Oil Storage + Mini Fuel Tank

Note:
- Bad & slippery access road after heavy rain
- Moving distance 4 km field road
- Moving Flet: 2 Unit Low Bed Ram, 1 unit Low Bed Winch, 1 unit  trailer, 1 unit cargo truck, 2 unit Dozer & 3 unit Crane,

=========== After Midnight ==========

00:00 - 05:00
57% MoMi 36 of 63 Loads from SEBL-00049 to SEBL-00050
15% R/U Rig & Equipment at SEBL-00050

Activity on SEBL 0049 
- Loading Water Tank
- Loading Loading Ram
- Loading Canopy Mud Tank 1, 2  & 3
- Loading Pipe Box 1
- Loading Matting Board 10 Ea
- Loading Robotic Top Drive

Activity on SEBL 00050 
- Unloading Water Tank
- Unloading Loading Ram
- Unloading Canopy Mud Tank 1, 2  & 3
- Unloading Pipe Box 1
- Unloading Matting Board 10 Ea
- Unloading Robotic Top Drive
- Repair Handraill Vdoor
- Repair Handraill Ladder Substructure
- Set Up Canopy Mud Tank 1, 2 & 3
- Tighteen Nut Dresser sleve Mud Tank 1 & 2
- Tighteen Nut Dresser sleve Water Tank 

Load List : 
31. Water Tank
32. Loading Ram
33. Canopy Mud Tank 1, 2  & 3
34. Pipe Box 1
35. Matting Board 10 Ea
36. Robotic Top Drive

"
SEBL,SEBL_001,PHR-05,11/22/2025,12/1/2025 4:00,11/22/2025,LOCN,MOB,MOVEON,UNITMOV,12,,,0,"69% MoMi 44 of 63 Loads from SEBL-00049 to SEBL-00050
18% R/U Rig & Equipment at SEBL-00050

Activity on SEBL 0049 
- Loading Water Tank
- Loading Loading Ram
- Loading Canopy Mud Tank 1, 2  & 3
- Loading Pipe Box 1
- Loading Matting Board 10 Ea
- Loading Robotic Top Drive
- Loading Pipe Box 2
- Loading Pipe Box 3
- Loading Box DC
- Loading Pipe Rack + Walkway
- Dismantle Electrical Line on Portacamp
- Dismantle Sanitation Line
- Dismantle Walkway Portacamp
- Loading Box HWDP
- Loading Dog House + Power Pack
- Loading Junk Box
- Loading Portacamp TDS

Activity on SEBL 00050 
- Unloading Water Tank
- Unloading Loading Ram
- Unloading Canopy Mud Tank 1, 2  & 3
- Unloading Pipe Box 1
- Unloading Matting Board 10 Ea
- Unloading Robotic Top Drive
- Repair Handraill Vdoor
- Repair Handraill Ladder Substructure
- Set Up Canopy Mud Tank 1, 2 & 3
- Tighteen Nut Dresser sleve Mud Tank 1 & 2
- Tighteen Nut Dresser sleve Water Tank
- Unloading Pipe Box 2
- Unloading Pipe Box 3
- Unloading Box DC
- Unloading Pipe Rack + Walkway
- Unloading Box HWDP
- Unloading Dog House + Power Pack
- Unoading Junk Box
- Set up Matting Board Loading Ram
- Install Rotary Table
- Tightened Dresser Slip Mud Tank
- Reposition Pipe Box

Load List : 
31. Water Tank
32. Loading Ram
33. Canopy Mud Tank 1, 2  & 3
34. Pipe Box 1
35. Matting Board 10 Ea
36. Robotic Top Drive
37. Pipe Box 2
38. Pipe Box 3
39. Box DC
40. Pipe Rack + Walkway
41. Box HWDP
42. Dog House + Power Pack
43. Junk Box
44. Portacamp TDS

Note:
- Bad & slippery access road after heavy rain
- Moving distance 4 km field road
- Moving Flet: 2 Unit Low Bed Ram, 1 unit Low Bed Winch, 1 unit  trailer, 1 unit cargo truck, 2 unit Dozer & 3 unit Crane,"
SEBL,SEBL_001,PHR-05,11/22/2025,12/1/2025 4:00,11/22/2025 12:00,LOCN,MOB,MOVEON,UNITMOV,12,,,0,"87% MoMi 55 of 63 Loads from SEBL-00049 to SEBL-00050
25% R/U Rig & Equipments at SEBL-00050

Activity on SEBL 0049 
- Loading Pipe Rack Casing
- Loading Crane BNC-14
- Loading Portacamp Sleeper 40 ft
- Loading Mechanic - Electric Shop
- Loading Portacamp Medic + Portacamp NOV
- Loading Main Fuel Tank + Genset Moving
- Loading 2 Unit Portable Toilet
- Loading Portacamp Mushola + Mini Fuel Tank
- Loading Portacamp HSE
- Loading Portacamp Access Control + Box HDPE
- Loading Portacamp Warehouse

Activity on SEBL 00050 
- Unloading Portacamp TDS
- Unloading Pipe Rack Casing
- Unloading Crane BNC-14
- Set up Conductor Pipe
- Cont'd Repair Mud Tank 1
- Set up Loading Ram
- Set up Portacamp TDS
- Install Line Mud Tank 2 to Mud Tank 3
- Unloading Portacamp Sleeper 40 ft
- Unloading Mechanic - Electric Shop
- Unloading Portacamp Medic + Portacamp NOV
- Unloading Main Fuel Tank + Genset Moving
- Unloading 2 Unit Portable Toilet
- Set Up 2 Unit Portable Toilet
- Unloading Portacamp Mushola
- Set Up Matting Board Water Tank
- Set Up Water Tank 
- Install Support Dog House
- Set Up Dog House
- Set Up Loading Ram
- Unloading Portacamp HSE
- Set Up Portacamp HSE
- Set Up Hydromatic Tank
- Set Up Test Pump 
- Set Up Bug Blower
- Unloading Portacamp Access Control + Box HDPE

Load List : 
45. Pipe Rack Casing
46. Crane BNC-14
47. Portacamp Sleeper 40 ft
48. Mechanic - Electric Shop
49. Portacamp Medic + Portacamp NOV
50. Main Fuel Tank + Genset Moving
51. 2 Unit Portable Toilet
52. Portacamp Mushola + Mini Fuel Tank
53. Portacamp HSE
54. Portacamp Access Control + Box HDPE
55. Portacamp Warehouse

Note:
- Moving distance 4 km field road
- Moving Flet: 2 Unit Low Bed Ram, 1 unit Low Bed Winch, 1 unit  trailer, 1 unit cargo truck, 2 unit Dozer & 3 unit Crane,

=========== After Midnight ==========

00:00 - 05:00
95% MoMi 60 of 63 Loads from SEBL-00049 to SEBL-00050
28% R/U Rig & Equipments at SEBL-00050

"
SEBL,SEBL_001,PHR-05,11/23/2025,12/1/2025 4:00,11/23/2025,LOCN,MOB,MOVEON,UNITMOV,6,,,0,"88% MoMi 60 of 68 Loads from SEBL-00049 to SEBL-00050
28% R/U Rig & Equipments at SEBL-00050

Activity on SEBL 0049 
- Loading Portacamp Mushola + Mini Fuel Tank
- Loading. Water Tank Office + Sling House
- Loading Portacamp Rig Specialist (send to Yard BN)
- Loading Portacamp DSR Office 
- Loading Greeting Portacamp
- Loading Support Walkway Portacamp

Activity on SEBL 00050 
- Unloading Portacamp Mushola + Mini Fuel Tank
- Unloading . Water Tank Office + Sling House
- Unloading Portacamp Rig Specialist (send to Yard BN)
- Unloading Portacamp DSR Office 
- Unloading Greeting Portacamp
- Unloading Support Walkway Portacamp
- Set Up Rack Sling
- Install Ladder Substructure
- Set Up Super Choke
- Set Up Mud Pump 1 & 2
- Reposition Power Pack
- Install Ladder Dog House
- Reposition Power Tong & Pipe Spinner
- Set Up Walkway Flow Line

Load List : 
56. Water Tank Office + Sling House
57. Portacamp Rig Specialist
58. Portacamp DSR Office
59. Greeting Portacamp
60. Support Walkway Portacamp

Note:
- Bad & slippery access road after heavy rain
- Moving distance 4 km field road
- Moving Flet: 2 Unit Low Bed Ram, 1 unit Low Bed Winch, 1 unit  trailer, 1 unit cargo truck, 2 unit Dozer & 3 unit Crane."
SEBL,SEBL_001,PHR-05,11/23/2025,12/1/2025 4:00,11/23/2025 6:00,LOCN,MOB,MOVEON,UNITMOV,6,,,0,"96% MoMi 63 of 68 Loads from SEBL-00049 to SEBL-00050
30% R/U Rig & Equipments at SEBL-00050

Activity on SEBL 0049 
- Loading Genset Office + Mini Fuel Tank
- Loading Rig Office
- Loading Pipe Rack, Support Flow Line, Stump Test BOP, Support Walkway Portacamp

Activity on SEBL 00050 
- Install Walkway Portacamp
- Reposition Engine Mud Pump 1,2,3
- Set up Portacamp DSR Office
- Install Vibrator Hose Mud Pump 1, 2 to 3
- Set up Portacamp Medic
- Set up Mushola
- Install Line Release Valve Mud Pump 1,2,3
- Install Suction Hose Mud Pump 1,2,3
- Reposition Mechanic - Electric Shop
- Reposition Portacamp NOV
- Reposition Access Control
- Continue Repair Mud Tank 1

Load List : 
61. Genset Office + Mini Fuel Tank
62. Rig Office
63. Pipe Rack, Support Flow Line, Stump Test BOP, Support Walkway Portacamp

Note:
- Bad & slippery access road after heavy rain
- Moving distance 4 km field road
- Moving Flet: 2 Unit Low Bed Ram, 1 unit Low Bed Winch, 1 unit  trailer, 1 unit cargo truck, 2 unit Dozer & 3 unit Crane."
SEBL,SEBL_001,PHR-05,11/23/2025,12/1/2025 4:00,11/23/2025 12:00,LOCN,MOB,MOVEON,UNITMOV,6,,,0,"100% MoMi 67 of 67 Loads from SEBL-00049 to SEBL-00050
40% R/U Rig & Equipments at SEBL-00050
- Remain loads crane and dozzer

Activity on SEBL 0049 
- Loading Frame Walkway Portacamp

Activity on SEBL 00050 
- Unloading Genset Office + Mini Fuel Tank
- Unloading Rig Office
- Unloading Pipe Rack, Support Flow Line, Stump Test BOP, Support Walkway Portacamp
- Spot Rig Carrier to Loading Ram
- R/U Lower Mast
- Set up Genset Office
- Install Ladder Water Tank to Rig Carrier
- Set up Rig Office
- Install Electrical Line on Portacamp
- Install Sanitation Line on Portacamp
- Rig Up Upper Mast
- Cont'd Install Walkway Portcamp
- Install Inner Guy Line

Load List : 
64. Frame Walkway Portacamp
65. Rest crew + Lighting tower
66. Dozer BNR-18
67. Crane BNC-15

Note:
- Bad & slippery access road after heavy rain
- Moving distance 4 km field road
- Moving Flet: 2 Unit Low Bed Ram, 1 unit Low Bed Winch, 1 unit  trailer, 1 unit cargo truck, 2 unit Dozer & 3 unit Crane."
SEBL,SEBL_001,PHR-05,11/23/2025,12/1/2025 4:00,11/23/2025 18:00,LOCN,MOB,MOVEON,R/U,6,,,0,"100% MoMi 67 of 67 Loads from SEBL-00049 to SEBL-00050
45% R/U Rig & Equipments at SEBL-00050

Activity on SEBL 00050 
- Unloading Rest Crew + Lighting Tower
- Unloading Dozer BNR-18
- Unloading Crane BNC-15
- Set Up Rest Crew
- Cont'd Install Walkway Portcamp
- Install Cable Power Rest Crew & Access Control
- Install All Grounding Portacamp
- Reposition & Set Up House Appar 
- Reposition & Set Up Electric Warehouse
- Install 3ea Guy Line Upper Mast
- Set up Engine Mup Pump 3
- C/O PRV MP 2
- Install Line PRV MP 2
- Tighteen Nut Dresser Sleeve MP 3
- Tighteen Nut Suction Manifold 
- Making Guy Line Pole Holes
- Reposition Flow Line
- Install Ladder from Mud Tank to Substrucutre
- Install Cat Walk
- Build a dum Area Choke Manifold


============= After Midnight ===============

00:00 - 05:00
50% R/U Rig & Equipments

Activity on SEBL 00050 
- Install engine mudpump #2 #3
- Install vanbelt mp #1 #2 #3
- Build dam genset area
- Dress up genset rig area
- Levelling traveling block
- Install tong post 4ea
- Install vdoor
- Reposition and setting pipe rack 4ea
- Reposition and setting genset rig
- Reposition and setting fuel tank
- Repair rack fosv
- Repair floor substructure
- Install propeler sub chain case
- Install cover plate chain case
- Install cover telescoping rig mast
- Install lamp genset
- Install water cooling drawwork
- Install install Trey cable genset to mudtank 3
- Reposition and setting genset moving
- Install grounding rig carier
- Install power lamp rig mast
"
SEBL,SEBL_001,PHR-05,11/24/2025,12/1/2025 4:00,11/24/2025,LOCN,MOB,MOVEON,R/U,12,,,0,"50% R/U Rig & Equipments

Activity on SEBL 00050 
- Install engine mudpump #2 #3
- Install vanbelt mp #1 #2 #3
- Build dam genset area
- Dress up genset rig area
- Levelling traveling block
- Install tong post 4ea
- Install vdoor
- Reposition and setting pipe rack 4ea
- Reposition and setting genset rig
- Reposition and setting fuel tank
- Repair rack fosv
- Repair floor substructure
- Install propeler sub chain case
- Install cover plate chain case
- Install cover telescoping rig mast
- Install lamp genset
- Install water cooling drawwork
- Install install Trey cable genset to mudtank 3
- Reposition and setting genset moving
- Install grounding rig carier
- Install power lamp rig mast
- Progress Hydro test all Pressure Vessel PHR-05 By Multiteraindo team
- Install Front Guy Line
- Install Back Guy Line
- Install Electric Cable for Mud tank and Mud pump 1, 2 & 3
- Dress up Location with Dozer
- Repair Wall Mud Tank 1
- Cutt off Drilling Line 50 Ft
- Install Cover V-Belt Engine Mud Pump 1, 2 & 3"
SEBL,SEBL_001,PHR-05,11/24/2025,12/1/2025 4:00,11/24/2025 12:00,LOCN,MOB,MOVEON,R/U,12,,,0,"60% R/U Rig & Equipments

Activity on SEBL 00050 
- Repair Location with Construction team
- Cont'd Repair Wall Mud Tank 1
- Cont'd Install Cover V-Belt Engine Mud Pump 1, 2 & 3
- Install CCTV Rig At Substructure
- Install Conductor Pipe
- Set up Piperack
- Unloading 22 Joint Drill pipe 5"" inch from Yard BN
- Install Back Guyline
- Function Test Chrownonomatic, Hydromatic, Emergency brake, & Alarm Top Drive
- Install Rail Top Drive
- Install Discharge Line Mud Pump
- Install Sling Monkey Board
- Fill up Water to Saraline Tank
- Install Escape Line

============= After Midnight ===============

00:00 - 05:00
70% R/U Rig & Equipments

Activity on SEBL 00050 
- Cont'd Fill up Water to Saraline Tank
- Cont'd R/U Top Drive, completely
- Cont'd Repair Mud Tank 1
- Clean up Thread Pin & Box HWDP
- Install 3"" HDPE Water Line
- Install Killing Line to Conductor
- Install Safety Clamp Discharge Line
- Prepare Handling Tools to Rig Floor
- Install Flow Line
- Install Double Ram to BOP
- Install 4"" Vibrator Hose to Stand Pipe
- Check Condition Mud Pump"
SEBL,SEBL_001,PHR-05,11/25/2025,12/1/2025 4:00,11/25/2025,LOCN,MOB,MOVEON,R/U,12,,,0,"Cont'd 75% R/U Rig & Equipment at SEBL-50

Activity on SEBL 00050 
- Cont'd Fill up Water to Saraline Tank
- Cont'd R/U Top Drive, completely
- Cont'd Repair Mud Tank 1
- Clean up Thread Pin & Box HWDP
- Install 3"" HDPE Water Line
- Install Killing Line to Conductor
- Install Safety Clamp Discharge Line
- Prepare Handling Tools to Rig Floor
- Install Flow Line
- Install Double Ram to BOP
- Install 4"" Vibrator Hose to Stand Pipe
- Check Condition Mud Pump
- Cont'd Repair Location by Construction team
- Cont'd Fill up Water to Saraline Tank
- Cont'd Repair wall Mud Tank 1
- Cont'd Prepare Handling Tools to Rig Floor
- Cont'd Repair Air Hoist 5 ton
- C/O Dies Manual Tong
- Install walkway from Ladder Substructure to Mud Tank 1
- Prepare for test Choke Manifold
- Tightened Dressert Sleeve at Mud Pump
- Function Test Top drive"
SEBL,SEBL_001,PHR-05,11/25/2025,12/1/2025 4:00,11/25/2025 12:00,LOCN,MOB,MOVEON,R/U,10,,,0,"Cont'd 82% R/U Rig & Equipment at SEBL-50

Activity on SEBL 00050 
- Cont'd Fill up Water to Saraline Tank
- Function Test Genset Rig No 1 & 2
- Function Test Genset Office No 1 & 2
- Function Test Agitator 1 - 5
- Function test Mud Hooper 1 & 2
- Function Test Fosv & Ibop
- Pressure Test Choke Manifold
1. Valve 4, 13, 14, 15 : Low Press 350 Psi, High Press 800 psi Hold 5 Menit OK
2. Valve 4, 10, 11, 12 : Low Press 350 Psi, High Press 800 psi Hold 5 Menit OK
3. Valve 4, 7, 8, 9 : Low Press 350 Psi, High Press 800 psi Hold 5 Menit OK
4. Valve 4, 5, 6, 7 : Low Press 350 Psi, High Press 800 psi Hold 5 Menit OK
- Function Test Main Engine Rig 1 & 2
- Function Test Emergency Shutdown Engine
- Unloading Accumulator & Duplex Pump from Yard BN
- Unloading 20 jts 9-5/8"" Casing
- Unloading well head accesories
- Unable to pressure test surface line due to 4"" Gate valve on Mud pump#1 leaking
- Unloading 20 Jts 9-5/8"" Casing
- Dismantle V-Door
- Spot BOP to Hydraulic  Rail BOP
- Unloading Well Head and Accesories
- Repair Sliding Cutting
- Cont'd Fill up Water to Saraline Tank
- Install V-Door
"
SEBL,SEBL_001,PHR-05,11/25/2025,12/1/2025 4:00,11/25/2025 22:00,LOCN,MOB,MOVEON,OPSUS,2,2,,0,"Repaired 4"" Gate Valve Kit on MP#1

Offline Activities:
- Cont'd Repair sliding cutting
- Back load 9 Jts 5"" HWDP (RHS more than 200 Hrs) to BN Yard

============= After Midnight ===============

00:00 - 05:00
R/U Rig & Equipment 85%

Activity on SEBL 00050 
- Attempted Test Surface Line - Failed
- Function Test Casing Tong
- Cont'd Fill up Water to Saraline Tank
- Cont'd Replace 4"" Gate Valve Kit on MP#2
- Cont'd Repair Sliding Cutting
- Tightened Stud Bolt of BOP
- Unloading Cabin Unit Anadril
- Installed all screen shaker with API 120
- Function Test Solid Control Equipment Witnessed by Mud Eng
- All agitator (ok)
- Hopper #1 (ok)
- Hopper #2 (ok)
- Shaker#1 : 120/120/120/120 API, gforce 7.3g 
- Shaker#2 : 120/120/120/120 API, gforce 7.3g
- Shaker#3 : 120/120/120/120 API, gforce 7.3g
- On progress fill up water for testing desander and desilter
- Drilled & installed Mouse hole
"
SEBL,SEBL_001,PHR-05,11/26/2025,12/1/2025 4:00,11/26/2025,LOCN,MOB,MOVEON,R/U,12,,,0,"R/U Rig & Equipment 87%

Activity on SEBL-00050:
- Attempted Test Surface Line - Failed
- Function Test Casing Tong
- Cont'd fill-up water to Saraline Tank
- Cont'd replace 4"" Gate Valve Kit on MP#2
- Cont'd repair Sliding Cutting
- Tightened stud bolt of BOP
- Unloading Anadrill MWD cabin unit
- Installed all screen shaker with API 120
- Function Test Solid Control Equipment Witnessed by Mud Eng
- Function test: all agitators, Hopper #1, Hopper #2 (ok)
- Shaker#1 : 120/120/120/120 API, Gforce 7.3g 
- Shaker#2 : 120/120/120/120 API, Gforce 7.3g
- Shaker#3 : 120/120/120/120 API, Gforce 7.3g
- Desander 40 psi (ok)
- Desilter have problem on coupling Elmot, in progress repairing
- Drilled Mouse hole then install scabbard
"
SEBL,SEBL_001,PHR-05,11/26/2025,12/1/2025 4:00,11/26/2025 12:00,LOCN,MOB,MOVEON,R/U,12,,,0,"R/U Rig & Equipment 90%

Activity on SEBL-00050:
- Cont'd fill-up water to Saraline Tank
- Measure length 5"" HWDP on pipe rack
- Arrangement 5"" DP to pipe rack
- Measure length 5"" DP and 9-5/8"" Casing
- C/O Liner & spare part Mud Pump #1,2,3 from 6"" to 5"" preparing for performance test combine MP
- Continue repair 4"" gate valve MP#2, dismantle complete valve and sent to BN yard for repair 
- Unloading Anadrill SLB Directional tool
- Repair 4-way Valve Accumulator
- C/O Fuel Separator Engine Mud Pump #1 & #2
- Running test Main Compressor #2

                  ===== After Midnight =====

00:00 - 05:00,
R/U Rig & Equipment 92%

Activity on SEBL-00050:
- Cont'd Fill up Water to Saraline Tank
- Cont'd Clean up Thread Pin & Box 5"" DP
- Prepare Mud Material on Mud Hopper for Mixing Preparation
- Mixing 180 bbls High concentrate 7% KCl Polymer Mud on Premix Tank & Slug Tank
- Repair Panel Box Centrifugal Pump
- Repair rubber charging Centrifugal Desilter
- Unloading additional 9 jts 5"" HWDP"
SEBL,SEBL_001,PHR-05,11/27/2025,12/1/2025 4:00,11/27/2025,LOCN,MOB,MOVEON,R/U,6,,,0,"Cont'd R/U Rig & Equipment 92%

Activity on SEBL-00050:
- Cont'd Fill up Water to Saraline Tank
- Cont'd Clean up Thread Pin & Box 5"" DP
- Prepare Mud Material on Mud Hopper for Mixing Preparation
- Mixing 180 bbls High concentrate KCl Polymer Mud on Premix Tank & Slug Tank
- Repair Panel Box Centrifugal Pump
- Repair rubber charging Centrifugal Desilter
- Unloading additional 9 jts 5"" HWDP"
SEBL,SEBL_001,PHR-05,11/27/2025,12/1/2025 4:00,11/27/2025 6:00,LOCN,MOB,MOVEON,EQRPR,6,6,,0,"Repaired Mud Pump #02.

Note:
- Found leakage on 4"" Gate valve discharge line MP#02. Sent to BN yard for repair the gate valve.
- Installed 4"" union plug on discharge line MP#02."
SEBL,SEBL_001,PHR-05,11/27/2025,12/1/2025 4:00,11/27/2025 12:00,LOCN,MOB,MOVEON,R/U,1,,,0,"PJSM. Function test Surface line. Found leakage on Goose neck plug TDS when pressure achieved 1500 psi.

Note:
- Need to replace 1 set New Goose Neck from BN yard."
SEBL,SEBL_001,PHR-05,11/27/2025,12/1/2025 4:00,11/27/2025 13:00,LOCN,MOB,MOVEON,EQRPR,11,11,,0,"Repaired Mud Pump #02 and TDS Goose neck.

Note:
- Already sent 4"" Gate valve discharge line MP#02 and leaking TDS Goose neck to BN yard for repairment.
- Installed 4"" union plug on discharge line MP#02 as safety precaution.

                  ===== After Midnight =====

00:00 - 05:00,
Cont'd repair Mud Pump #02 and TDS Goose neck.

Note:
- 4"" Gate valve MP #02 & TDS goose neck arrived on location at 01:30 hrs. In progress installment.
"
SEBL,SEBL_001,PHR-05,11/28/2025,12/1/2025 4:00,11/28/2025,LOCN,MOB,MOVEON,EQRPR,12,12,,0,"Cont'd repair Mud Pump #02 and TDS Goose neck.

Note:
- 4"" Gate valve MP #02 & TDS goose neck arrived on location at 01:30 hrs. In progress installment.
"
SEBL,SEBL_001,PHR-05,11/28/2025,12/1/2025 4:00,11/28/2025 12:00,LOCN,MOB,MOVEON,OPSUS,12,12,,0,"Suspend operations to enforce the prohibition of cellphone use and social media livestreaming at the rig site.

Last R/U Rig & Equipment progress: 95%
Activity on SEBL 00050:
- Cont'd fill up Water to Saraline Tank
- Cont'd fabricate Possum belly box 
- Cont'd clean-up thread Pin & Box 5"" DP
- Cont'd measure length 5"" DP
- Fill up Pulsation Dampener with Nitrogen
- Housekeeping all Rig area

                  ===== After Midnight =====

00:00 - 05:00,
Cont'd suspend operations to enforce the prohibition of cellphone use and social media livestreaming at the rig site.

Last R/U Rig & Equipment progress: 95%

Note:
* Unloaded 7-1/16""-5K x 4-1/16""-5K Adapter Wellhead & Tubing Hanger replacement from Baung shop.
* Unloaded 27"" Bit Adapter (PHR) for 12-1/4"" PDC Bit from Rig GW-339.
* Unloaded 8-1/2"" PDC Bit 519, SF56, SN: 14458159 (PHR) from Baung shop.
* Performed OST Handling Firex, Mitigation to H2S gas"
SEBL,SEBL_001,PHR-05,11/29/2025,12/1/2025 4:00,11/29/2025,LOCN,MOB,MOVEON,OPSUS,11,11,,0,"Cont'd suspend operations to enforce the prohibition of cellphone use and social media livestreaming at the rig site.

Last R/U Rig & Equipment progress: 95%

Note:
* Unloaded 7-1/16""-5K x 4-1/16""-5K Adapter Wellhead & Tubing Hanger replacement from Baung shop.
* Unloaded 27"" Bit Adapter (PHR) for 12-1/4"" PDC Bit from Rig GW-339.
* Unloaded 8-1/2"" PDC Bit 519, SF56, SN: 14458159 (PHR) from Baung shop.
* Performed OST Handling Firex, Mitigation to H2S gas"
SEBL,SEBL_001,PHR-05,11/29/2025,12/1/2025 4:00,11/29/2025 11:00,LOCN,MOB,MOVEON,TSTSURFEQ,2,,,0,"PJSM prior to Resume operation. Prepare to surface line pressure test to 3700 psi.
Press test surface line to 3700 psi, hold for 15 mnt and recorded on barton chart.

Note :
- Double check all safety clamp on line connection
- Decline rate 6% for 15 mnt - OK

 "
SEBL,SEBL_001,PHR-05,11/29/2025,12/1/2025 4:00,11/29/2025 13:00,LOCN,MOB,MOVEON,EQRPR,5,5,,0,"Performance Test MP#1 (single) w/ liner 5"" 
- SPR : 60 SPM / 148 GPM / 80 psi
- 117 SPM / 289 GPM / 110 Psi
Close super choke to 7/8 opening, press 2500 psi. Found pressure drop to 1600 pi, got 1/4"" hose from super choke to IDS transduser leak

Note :
- Trouble shoot pressure leak at chicksan elbow, C/O chiksan - OK
- Tighten MP#1 V-belt
- C/O line up direct from MP to CM "
SEBL,SEBL_001,PHR-05,11/29/2025,12/1/2025 4:00,11/29/2025 18:00,LOCN,MOB,MOVEON,EQRPR,6,6,,0,"Found broken connection between 4"" Vibrator hose x 4"" MP#02 Discharge line while MP Performance test.
- Welded with the new connection.

Note:
- When MP#01 Performance test with 280GPM pressure suddenly increase up to 3800psi ( Closed the choke 3/4 ).
- Need to replace the connection.

Activity on SEBL 00050 
- Cont'd Fill up Water to Saraline Tank
- Cont'd Fabricate Possembly Box 
- Dismantle 4"" Vibrator Hose MP 2 to MP 3
- Fill up Nitrogen Pulsation Dumpener MP 2
- Cut Off Discharge Line Union Hammer 4"" MP 2
- Welding 4"" Union Hammer Discharge Line MP 2

========= After Midnight ============
00:00 - 05:00
Cont'd Repair MP#02 4"" Dicharge Line

Note:
- Need to NDT after finish welded.

Activity on SEBL 00050 
- Cont'd Fill up Water to Saraline Tank
- Cont'd Welding 4"" Union Hammer Discharge Line MP 2
- Measure & Chech Cardex Number Additional 5"" DP
- House Keeping Oil Storage"
SEBL,SEBL_001,PHR-05,11/30/2025,12/1/2025 4:00,11/30/2025,LOCN,MOB,MOVEON,EQRPR,10,10,,0,"Cont'd repair 4"" Discharge line on MP#2 by welding 4"" Weco union hammer with new part (both male & female connection).

Note:
- Need to perform NDT after finish welded.

Activity on SEBL 00050 
- Cont'd fill-up water to Saraline Tank
- Measure & check Cardex number for additional 5"" DP
- Housekeeping Oil Storage"
SEBL,SEBL_001,PHR-05,11/30/2025,12/1/2025 4:00,11/30/2025 10:00,LOCN,MOB,MOVEON,TSTSURFEQ,1,,,0,"Performance test MP#1 with 117 SPM/ 280 GPM/ 3520 psi hold for 15 mins - good result.

Note:
- Done MP Performance test while awaiting NDT inspection 4"" Weco union hammer connection."
SEBL,SEBL_001,PHR-05,11/30/2025,12/1/2025 4:00,11/30/2025 11:00,LOCN,MOB,MOVEON,EQRPR,4,4,,0,"Cont'd repair 4"" Discharge line (weco union hammer) of MP#2. Performed NDT test to welding repair on weco hammer union, in progress.

Next job:
Re-installed 4"" discharge line MP#2.
Continue MPs performance test to MP#2 & #3
"
SEBL,SEBL_001,PHR-05,11/30/2025,12/1/2025 4:00,11/30/2025 15:00,LOCN,MOB,MOVEON,TSTSURFEQ,0.75,,,0,"Surface line test to 3700 psi hold for 15 minits - OK.

Note :
- Decline rate 7.5% - OK

"
SEBL,SEBL_001,PHR-05,11/30/2025,12/1/2025 4:00,11/30/2025 15:45,LOCN,MOB,MOVEON,TSTSURFEQ,0.75,,,0,"Performance test MP#3 with 114 spm/ 282 gpm/ 3300 psi, found V-Belt engine loosen.
Observed that levelling ground for Mud Pump was uneven with engine side. Decided to insert matting board for Mud Pump base assisted by Crane & Dozer."
SEBL,SEBL_001,PHR-05,11/30/2025,12/1/2025 4:00,11/30/2025 16:30,LOCN,MOB,MOVEON,EQRPR,5.5,5.5,,0,"Corrective action by rig crew related MP#3 V-Belt engine loosen by inserting matting board for Mud Pump base assisted by Crane & Dozer, ok."
SEBL,SEBL_001,PHR-05,11/30/2025,12/1/2025 4:00,11/30/2025 22:00,LOCN,MOB,MOVEON,TSTSURFEQ,1,,,0,">> Performed MP#3 performance test: 117 spm/ 289 gpm/ 3500 psi/ opening choke: 1/4 open/ HHP 586.
Endurance test for 10 mins, result: OK.

>> Performed MP#2 performance test: 116 spm/ 287 gpm/ 3500 psi/ opening choke: 1/4 open/ HHP 585.
Endurance test for 10 mins, result: OK.

Note:
* Lined-up MP discharge line directly to Choke Manifold during performance test.
* No anomalies visually observed on engine, pump & discharge line side during test.
* Keep rig personnel out of line of fire during test.
* Cooling down engine for 10 mins after carried-out performance test.

              "
SEBL,SEBL_001,PHR-05,11/30/2025,12/1/2025 4:00,11/30/2025 23:00,LOCN,MOB,MOVEON,TSTSURFEQ,1,,,0,"C/O Liner MP#1,#2,#3 from 5"" to 6"" as preparation for MP performance test and drilling 12-1/4"" Surface hole section - in progress

    ===== After Midnight =====

00:00 - 05:00,
Con't C/O Liner MP#1,#2,#3 from 5"" to 6"" as preparation for MP performance test and drilling 12-1/4"" Surface hole section - in progress.

Note:
* Mixing mud chemical to build-up 630 bbls 8.7 ppg 7% KCl Polymer mud on mud tank, ok.
"
SEBL,SEBL_001,PHR-05,12/1/2025,12/1/2025 4:00,12/1/2025,LOCN,MOB,MOVEON,TSTSURFEQ,4,,,0,"100% R/U Rig & Equipment

Activity on SEBL 0049
- Cont'd Fill up Fresh Water to Watertank Saraline
- Cont'd Mix 650 Bbls 8.7 ppg with 7% K+ of  Drilling Mud 
- Verificated & Tally 5"" HWDP
- F/T Test Shaker#1,2,3, ok ( All G-force: 7.3)
- C/O Liner MP#1,#2,#3 from 5"" to 6"" as preparation for MP performance test and drilling 12-1/4"" Surface hole section.
Performance Test Single MP
>> MP #1 : 121 SPM/ 299 GPM/ 213 psi. Endurance test for 10 mins, result: OK.
>> MP #2 : 121 SPM/ 299 GPM/ 207 psi. Endurance test for 10 mins, result: OK.
>> MP #3 : 121 SPM/ 299 GPM/ 206 psi. Endurance test for 10 mins, result: OK.

Performance Test Combine MP
>> Performed combine MP#1,#2 performance test: 113 spm/ 800 gpm/ 2000 psi/ opening choke: 1/2 open/ HHP 935. Endurance test for 10 mins, result: OK.
>> Performed combine MP#1,#3 performance test: 113 spm/ 800 gpm/ 2000 psi/ opening choke: 1/2 open/ HHP 933. Endurance test for 10 mins, result: OK.
>> Performed combine MP#2,#3 performance test: 113 spm/ 800 gpm/ 2000 psi/ opening choke: 1/2 open/ HHP 932. Endurance test for 10 mins, result: OK.

Note :
* Lined-up MP discharge line directly to Choke Manifold during performance test.
* No anomalies visually observed on engine, pump & discharge line side during test.
* Keep rig personnel out of line of fire during test.
* Cooling down engine for 10 mins after carried-out performance test.- Drilled & installed mouse hole

- Test circulation throughout flow line, ok
- Prepared stand Up Tubular for Surface section
- Conducted On-site Pre-spud meeting with rig crew & serco. Share :   
1. Drilling program  
2. Directional plan  
3. Mud program  
4. Well control hazard"
SEBL,SEBL_001,PHR-05,12/1/2025,12/1/2025 4:00,12/1/2025 4:00,DRLG,SURF,DRILL,BHAPU/LD,15,,12.25,0,"Stand up total 92 jts 5"" DP + 20 jts 5"" HWDP

Note :
- Rabbit all DP joints
- Clean out scale inside DP with hammering"
SEBL,SEBL_001,PHR-05,12/1/2025,12/1/2025 4:00,12/1/2025 19:00,DRLG,SURF,DRILL,TIH,0.5,,12.25,0,"M/U & TIH Slick BHA to clean out conductor (BHA #1): 12-1/4"" Smith PDC Bit + Bit sub + X/O + 5"" HWDP.

Data Bit 12-1/4"" PDC
Type : VL519
S/N : QF9901
Nozzle : 4x13, 3x 12
Tfa : 0.85
Used : NEW
Length : 0.92 ft
Dull grading :
NEW
"
SEBL,SEBL_001,PHR-05,12/1/2025,12/1/2025 4:00,12/1/2025 19:30,DRLG,SURF,DRILL,CLNOUT,1.5,,12.25,130,"Clean out conductor from 18 ftMD to 130 ftMD.

Drilling parameter:
Interval : 112 ft
OB hrs : 1 hrs
OB rop : 75 fph
WOB : 2 - 4 klbs
RPM : 30 - 40
FR : 300 gpm
SPP : 200 psi
TQ : 0.2 - 0.5 kft.lbs

P/U : 24
S/O : 24
R/W : 24

Note :
- Lithology : 70% clay, 30% wood
- K+ : 38000
- MW : 8.7 ppg
- Found big size wooden cutting at depth 60' MD"
SEBL,SEBL_001,PHR-05,12/1/2025,12/1/2025 4:00,12/1/2025 21:00,DRLG,SURF,DRILL,TOH,0.75,,12.25,130,"Circulated hole clean with Pump Rate 300 GPM, SPP 200 psi. Observed well for 5 min, well is static.

Note:
- Found a lot of wooden cutting at shale shaker"
SEBL,SEBL_001,PHR-05,12/1/2025,12/1/2025 4:00,12/1/2025 21:45,DRLG,SURF,DRILL,TOH,0.75,,12.25,130,"TOH and L/D Slick BHA to clean out conductor (BHA #1): 12-1/4"" Smith PDC Bit + Bit sub + X/O + 5"" HWDP.

"
SEBL,SEBL_001,PHR-05,12/1/2025,12/1/2025 4:00,12/1/2025 22:30,DRLG,SURF,DRILL,BHAPU/LD,1.5,,12.25,130,"M/U 12-1/4""  PDC Bit (Type: 519,QF9901, TFA 0.85) + Steerable BHA #2: 8-1/4"" Motor M7840 XP (12-1/8"" Sleeve Stab) + 8"" Float Sub c/w Float Valve + 12-1/8"" Stabilizer + 8-1/4"" NMDC

========= After Midnight ==========
00:00 - 05:00
Cont'd M/U 12-1/4""  PDC Bit (Type: 519,QF9901, TFA 0.85) + Steerable BHA #2: 8-1/4"" Motor M7840 XP (12-1/8"" Sleeve Stab) + 8"" Float Sub c/w Float Valve + 12-1/8"" Stabilizer + 8-1/4"" NMDC + 8-1/4"" XEM with APWD + 8-1/4"" Pony NMDC + X/O at 120' MD

P_SEBL-MSF25_0001_Run1
AKO Motor : 0.78 deg 
RPG Motor : 0.19 rev/gal

Motor Bearing Gap in/out = 0.5 mm / - mm

Dir Sensor Distance = 82.96 ft
PWD Senson Distance = 102.07 ft
TFO : 275.66 deg

Total Circulating Time of : 
* 8-1/4” Motor in/out = 0 / -  hours
* 8-1/4” Float Sub in/out = 0 / - hours
* 12"" String Stabilizer = 0 / -  hours
* 8-1/4"" NMDC in/out = 0 / - hours
* 8-1/4"" MWD Collar & Gap Sub in/out = 0 / - hours
* 8-1/4"" NMPC in/out = 0 / - hours
* X-Over 6-5/8 REG x 4-1/2 IF in/out = 0 / - hours
* 6-1/2 Drilling Jar = 0 / - hours

Jar Setting
Up = 90
Down = 50
Delay = 78 sec


Bit TCB 12-1/4"" 
Manufacture : Smith
S/N : QF-9901
RR   : new
Nozzle : 3x14, 2x16
TFA.   : 0.844 sq.in

Dull Grade:
In  : 1-1-WT-A-X-I-NO-BHA
Out : -"
SEBL,SEBL_001,PHR-05,12/2/2025,12/1/2025 4:00,12/2/2025,DRLG,SURF,DRILL,BHAPU/LD,5,,12.25,130,"Cont'd M/U 12-1/4""  PDC Bit (Type: 519,QF9901, TFA 0.85) + Steerable BHA #2: 8-1/4"" Motor M7840 XP (12-1/8"" Sleeve Stab) + 8"" Float Sub c/w Float Valve + 12-1/8"" Stabilizer + 8-1/4"" NMDC + 8-1/4"" XEM with APWD + 8-1/4"" Pony NMDC + X/O at 120' MD

P_SEBL-MSF25_0001_Run1
AKO Motor : 0.78 deg 
RPG Motor : 0.19 rev/gal

Motor Bearing Gap in/out = 0.5 mm / - mm

Dir Sensor Distance = 82.96 ft
PWD Senson Distance = 102.07 ft
TFO : 275.66 deg

Total Circulating Time of : 
* 8-1/4” Motor in/out = 0 / -  hours
* 8-1/4” Float Sub in/out = 0 / - hours
* 12"" String Stabilizer = 0 / -  hours
* 8-1/4"" NMDC in/out = 0 / - hours
* 8-1/4"" MWD Collar & Gap Sub in/out = 0 / - hours
* 8-1/4"" NMPC in/out = 0 / - hours
* X-Over 6-5/8 REG x 4-1/2 IF in/out = 0 / - hours
* 6-1/2 Drilling Jar = 0 / - hours

Jar Setting
Up = 90
Down = 50
Delay = 78 sec


Bit TCB 12-1/4"" 
Manufacture : Smith
S/N : QF-9901
RR   : new
Nozzle : 3x14, 2x16
TFA.   : 0.844 sq.in

Dull Grade:
In  : 1-1-WT-A-X-I-NO-BHA
Out : -"
SEBL,SEBL_001,PHR-05,12/2/2025,12/1/2025 4:00,12/2/2025 5:00,DRLG,SURF,DRILL,DRLROT,9,,12.25,660,"Rotate Drilling 12-1/4"" HS f/ 130' MD to 660' MD (Casing Point)
 I-ROP: 226.47 fph. Avg ROP: 75.7 fph. 

Drilling Parameter :
- WOB : 2 klbs
- Flowrate : 400 - 800 gpm
- Pump press : (Off/ On bottom) : 1400 psi/ 1450 psi
- Drill Torque : (Off/ On bottom) : 500 ft-lbs/ 1000 ft-lbs
- RPM : 50 - 80
- P/U / S/O / R/W : 52 / 49 / 50 klbs
- Slide/Rotate (%):  3% / 97%
- MW  : 9 ppg
- ECD. : 9.30 ppg
- Cutting : Sand/ Clay : 0%/100 %

Last Survey at 576.17 ft MD/ 576.15 ft TVD
Inc  : 0.36 deg
Azm : 295.38 deg

Note:
- Swept 30 bbl of hi-vis per 5 stand
- Ream up & wash down 1x prior to connection"
SEBL,SEBL_001,PHR-05,12/2/2025,12/1/2025 4:00,12/2/2025 14:00,DRLG,SURF,DRILL,CLNOUT,1.5,,12.25,660,"CHC 2X Bottoms up w/ 800 gpm, RPM 40-90, SPP: 1350 psi. Return 100% Shale. 
Swept HiVis 2X 40 bbls 120 SMF.

Note:
- CHC while Mud Condition as per WSDP prior TOH.
- Observed Well after CHC for 5 min, observed fluid level static. OK.
- Record baseline prior to TOH BHA

Baseline @ 660 ftMD (12-1/4"" TD)

Depth : 660  ft-MD
Pump On  800gpm
P/U : 55 klbs
S/O : 55 klbs
R/W :  55 klbs
RPM : 40 rpm
Off Btm Torque : 0.5k ft-lbs
Pressure : 1480 psi
MW /ECD:   9 / 9.23 ppg
 
Pump OFF 
P/U : 56 klbs
S/O : 56 klbs
"
SEBL,SEBL_001,PHR-05,12/2/2025,12/1/2025 4:00,12/2/2025 15:30,DRLG,SURF,DRILL,TOH,2,,12.25,660,"TOH 12-1/4"" PDC Bit + Steerable BHA#2 (Anadrill) to surface. 

Note
- No significant drag while TOH
- Keep hole full
- JAR out : 05-Nov-2025 at ??:00 hrs"
SEBL,SEBL_001,PHR-05,12/2/2025,12/1/2025 4:00,12/2/2025 17:30,DRLG,SURF,DRILL,BHAPU/LD,3,,12.25,660,"L/D 12-1/4""  PDC Bit (Type: 519,QF9901, TFA 0.85) + Steerable BHA #2: 8-1/4"" Motor M7840 XP (12-1/8"" Sleeve Stab) + 8"" Float Sub c/w Float Valve + 12-1/8"" Stabilizer + 8-1/4"" NMDC + 8-1/4"" XEM with APWD + 8-1/4"" Pony NMDC + X/O

P_SEBL-MSF25_0001_Run1
AKO Motor : 0.78 deg 
RPG Motor : 0.19 rev/gal

Motor Bearing Gap in/out = 0.5 mm / 1.5 mm

Dir Sensor Distance = 82.96 ft
PWD Senson Distance = 102.07 ft
TFO : 275.66 deg

Total Circulating Time of : 
* 8-1/4” Motor in/out = 0 / 8.98 hours
* 8-1/4” Float Sub in/out = 0 / 8.98 hours
* 12"" String Stabilizer = 0 / 8.98 hours
* 8-1/4"" NMDC in/out = 0 / 8.98 hours
* 8-1/4"" MWD Collar & Gap Sub in/out = 0 / 8.98 hours
* 8-1/4"" NMPC in/out = 0 / 8.98 hours
* X-Over 6-5/8 REG x 4-1/2 IF in/out = 0 / 8.98 hours
* 6-1/2 Drilling Jar = 0 / 8.98 hours

Jar Setting
Up = 90
Down = 50
Delay = 78 sec


Bit TCB 12-1/4"" 
Manufacture : Smith
S/N : QF-9901
RR   : new
Nozzle : 3x14, 2x16
TFA.   : 0.844 sq.in

Dull Grade:
In  : 1-1-WT-A-X-I-NO-BHA
Out : 1-1-WT-S-X-IN-NO-TD"
SEBL,SEBL_001,PHR-05,12/2/2025,12/1/2025 4:00,12/2/2025 20:30,DRLG,SURF,CSGCMT,CSGR/U,1,,12.25,660,"Prepared & R/U 9-5/8"" Casing handling tools (Slip, elevator, tong, swadge, centralizers) for running 9-5/8"" Surface casing.

Note:
- C/O TDS link from short to long link."
SEBL,SEBL_001,PHR-05,12/2/2025,12/1/2025 4:00,12/2/2025 21:30,DRLG,SURF,CSGCMT,CSGRUN,2.5,,12.25,660,"PJSM and TIH 9-5/8"" Float Shoe (BTC) + 1 jt 9-5/8"" Csg + 9-5/8"" Float Collar (NR) + Total 16 jts 9-5/8"" Casing R3.

Note:
- Filled-up 9-5/8"" csg FS with mud, checked FS and FC on surface, no plug indication on floats.
- Shoe track length: 42 ft, 3.25 bbls (6.37% of displacement volume).
- Observe Well is static.
- 9-5/8"" Casing (36 ppf, K55, BTC, R3).
- Not found any drag during TIH casing to bottom
- SLB Dowell ready to mixed chemical cement

=========== After Midnight ===========
00:00 - 0:30
Continue TIH 9-5/8"" Float Shoe (BTC) + 1 jt 9-5/8"" Csg + 9-5/8"" Float Collar (NR) + Total 16 jts 9-5/8"" Casing R3.

00:30 - 01:30
R/U SLB Cementing Head. CHC prior cementing job with reduced PV/YP from 14/24  to 13/20. with 300GPM 140 psi.

Note:
- Setup Top Plug in Cementing head with turned 31 times, witness by DSR.

01:30 - 04:30
PJSM. Cementing 9-5/8 Surface Casing job by SLB

Cementing Surface 9-5/8in casing by SLB:
1. Mix & pump 40 bbls 11 ppg Scavenger, 4 Bpm, 100-110 psi
2. Mix & pump 125.9 bbls (200% excess theo) 15.8 ppg Tail slurry, 4 bpm, 180-300 psi
3. Flush line, drop Top plug.
4. Displace w/ 47.9 bbls 8.9 ppg Mud.
5. Observe 29 bbls 15.8 ppg cement return on surface
6. Final pressure: 314 psi (theoretical: 219 psi).
7. Bump Plug 814 psi. Hold 15 minutes.
8. Bleed back volume 0.3 bbls return, Flow Check 30 Mins after CIP, Confirm well static.
9. CIP at 04.30 hrs on 06 November 2025.

04:30 - 05:00
Flushed Bell nipple & flowline. R/D cementing unit & treating lines. N/D cementing head. ( On Process )

Note:
- R/D and M/O Cementing unit.
"
SEBL,SEBL_001,PHR-05,12/3/2025,12/1/2025 4:00,12/3/2025,DRLG,SURF,CSGCMT,CSGRUN,0.5,,12.25,660,"Cont'd TIH 9-5/8"" Float Shoe (BTC) + 1 jt 9-5/8"" Casing + 9-5/8"" Float Collar (NR) + 16 jts 9-5/8"" Casing. Tagged bottom with 5 Klbs, set FS at 660' MD, FC at 619' MD.

Note:
- Filled-up 9-5/8"" csg FS with mud, checked FS and FC on surface, no plug indication on floats.
- Shoe track length: 42 ft, 3.25 bbls (6.37% of displacement volume).
- 9-5/8"" Casing (36 ppf, K55, BTC, R3).
- Observed well is static.
- Found no dragging during TIH casing to bottom.
- SLB Dowell in progress mixing cement chemical."
SEBL,SEBL_001,PHR-05,12/3/2025,12/1/2025 4:00,12/3/2025 0:30,DRLG,SURF,CSGCMT,CMTR/U,1,,12.25,660,"R/U SLB Cementing Head. CHC prior cementing job with reduced PV/YP from 14/24  to 13/20 by added Lignite with FR 300 gpm, 140 psi.

Note:
- Inserted Top Plug into Cementing head with turned 31 times, witnessed by DSR."
SEBL,SEBL_001,PHR-05,12/3/2025,12/1/2025 4:00,12/3/2025 1:30,DRLG,SURF,CSGCMT,CMTCSG,3,,12.25,660,"PJSM. Cementing 9-5/8 Surface Casing job by SLB:
* Mix & pump 40 bbls 11 ppg Scavenger, 4 bpm, 100-110 psi
* Mix & pump 125.9 bbls (200% excess theo) 15.8 ppg Tail Slurry, 4 bpm, 180-300 psi
* Flush line, dropped Top Plug (NR).
* Displaced with 47.9 bbls 8.9 ppg Mud with 3-4 bpm.
* Observed 29 bbls 15.8 ppg cement return on surface (satisfy WSEA 12-A)
* Final pressure: 314 psi (theoretical: 219 psi).
* Bump Plug 814 psi, hold 15 minutes - ok (satisfy WSEA 6-B)
* Bleed back volume 0.3 bbls return. Flow check for 30 mins after CIP, confirmed well static.
* CIP at 04.30 hrs on 03-Dec-2025.

Chemical Usage:
D907 : 666 sxs
D047 : 7 gal
D020 : 192 lb
D065 : 169 lb
D167A : 113 lb
D153 : 57 lb
M002 : 113 lb

Casing accessories used:
Float Shoe (PDC Drillable) 9-5/8 in, 36#, K55 : 1ea
Float Collar (PDC Drillable) 9-5/8 in, 36#, K55, BTC : 1 ea
Bow Spring hinged - welded 9-5/8 x 12-1/4 : 6 ea
Hinged Stop Collar w/ Nail Locking Device 9-5/8in : 1 ea
PDC Drillable and Anti-Rotational Top Plug 9-5/8in; 36# : 1 ea

On location : 
1 unit Water Tank
1 unit Pump Truck
2 unit Cement Bulker
103 km Mileage charge
Cementing unit on loc at 16:00, 02-Dec-2025

Cost: $ 20.713,17"
SEBL,SEBL_001,PHR-05,12/3/2025,12/1/2025 4:00,12/3/2025 4:30,DRLG,SURF,CSGCMT,CMTR/D,1,,12.25,660,"Flushed Bell nipple & flowline. R/D SLB treating lines. N/D cementing head.

Note:
- Released SLB Cementing unit from location."
SEBL,SEBL_001,PHR-05,12/3/2025,12/1/2025 4:00,12/3/2025 5:30,DRLG,SURF,CSGCMT,WHDINST,2.5,,12.25,660,"Hung-up Bell nipple. Rough cut & L/D 9-5/8"" excess casing. Continued cut conductor pipe. L/D Bell nipple. Welded Casing support clamp between conductor pipe and 9-5/8"" surface casing.

Note:
- Checked annulus 9-5/8"" Casing - Conductor. Found no bubble. Checked gas reading, LEL 0 %, H2S 0 ppm.
- Dried-up cellar using Wilden pump."
SEBL,SEBL_001,PHR-05,12/3/2025,12/1/2025 4:00,12/3/2025 8:00,DRLG,SURF,CSGCMT,WHDINST,3,,12.25,660,"Final cut casing excess.
Installed & welded 9-5/8"" SOW BTM x 11""-2M TOP Wellhead Sec-A by PT ACS Rigless.
Cooling down for 30 mins. Cavity test on wellhead with 1,400 psi using nitrogen, hold 5 mins (satisfy WSEA 10-B).

Note:
- WH preheat: 178 degC.
- Top flange Casing Head: 0.46 ft (5.5 in) below ground level."
SEBL,SEBL_001,PHR-05,12/3/2025,12/1/2025 4:00,12/3/2025 11:00,DRLG,SURF,CSGCMT,BOPN/U,1.5,,12.25,660,"P/U & installed DSAF 11""-2M x 13-5/8""-5M + Riser Spool 13-5/8""-5M x 13-5/8""-5M (2 ft) to 11""-2M Wellhead Section-A."
SEBL,SEBL_001,PHR-05,12/3/2025,12/1/2025 4:00,12/3/2025 12:30,DRLG,SURF,CSGCMT,BOPN/U,2.5,,12.25,660,"N/U 13-5/8""-5M Class-III BOP.

Final BOP Configuration (sequence from top):
* 13-5/8""-5M Annular
* 13-5/8""-5M Double Ram (BSR + 5"" Pipe Ram)
* 13-5/8""-5M x 13-5/8''-5M Drilling Spool
* 13-5/8""-5M x 13-5/8''-5M Riser Spool (2 ft)
* 13-5/8""-5M x 11""-2M DSAF
* 9-5/8"" SOW BTTM x 11""-2M TOP Wellhead Sec-A

Installed Pitcher nipple on Annular BOP."
SEBL,SEBL_001,PHR-05,12/3/2025,12/1/2025 4:00,12/3/2025 15:00,DRLG,SURF,CSGCMT,BOPN/U,1.5,,12.25,660,"Installed & tightened all studbolts between Drilling spool to Riser spool, Riser spool to DSAF and DSAF to Casing Head Sec-A by PHR-05 rig crew.

Offline activity:
- Changed-out shale shaker screen with API 140
- C/O TDS link
- Tighten bolt and nut by rig crew, OMS crew N/A for the tools.
- C/O Liner all Mud Pumps from 6"" to 5-1/2"" as preparation for drilling 8-1/2"" HS"
SEBL,SEBL_001,PHR-05,12/3/2025,12/1/2025 4:00,12/3/2025 16:30,DRLG,SURF,CSGCMT,BOPN/U,1,,12.25,660,"Installed lines to kill line & choke manifold. Installed flowline from Pitcher nipple to possum belly. Installed 2"" line from Trip Tank to Pitcher nipple. Installed all BOP hydraulic line. Function test BOP line."
SEBL,SEBL_001,PHR-05,12/3/2025,12/1/2025 4:00,12/3/2025 17:30,DRLG,SURF,CSGCMT,BOPTST,1,,12.25,660,"Performed Accumulator drawdown test (satisfy WSEA 9):
Charging the accumulator system to 3,000 psi in 9 min with both Air Pump & Electric Pump
Verified pressure in Accumulator system:
- Precharge: 1000 psi
- Annular: 1200 psi
- Manifold: 1500 psi
- Accumulator: 3000 psi
- Air Pressure: 120 psi

Switched-off pump system. Checked BOP element closing system as follows:
• Close Pipe Ram: 6 sec, remaining pressure: 2500 psi
• Open Pipe Ram: 6 sec, remaining pressure: 2200 psi (to simulate closing Blind ram)
• Close Annular: 28 sec, remaining pressure: 1700 psi
• Open HCR: 1 sec, Final remaining pressure: 1700 psi (more than 1200 psi), ok

Performed Full Pressure Test BOP: 
- Test #1. P/T Blind Shear Ram BOP against valve HCR w/ Low/high pressure: 300/700 psi, hold 5 mins - OK.

Note:
- MASP 47 psi"
SEBL,SEBL_001,PHR-05,12/3/2025,12/1/2025 4:00,12/3/2025 18:30,DRLG,SURF,CSGCMT,TIH,1,,12.25,660,"TIH 5 stds (10 jts) 5"" HWDP from boarddesk for full test BOP purpose."
SEBL,SEBL_001,PHR-05,12/3/2025,12/1/2025 4:00,12/3/2025 19:30,DRLG,SURF,CSGCMT,BOPTST,2.5,,12.25,660,"Full Pressure Test BOP (satisfy WSEA 9-B)
- Test #2. P/T Annular BOP against Valve #4,#5#6,#7 w/ Low/High pressure: 300/700 psi, hold 5 mins - OK.
- Test #3. P/T Pipe Ram BOP against Valve #3 w/ Low/High pressure: 300/700 psi, hold 5 mins - OK.


Note :
- FOSV, IBOP, Valve #7, #8, #9, #10, #11, #12, #13, #14, #15 already offline pressure test prior to spud in with Low/High pressure: 300/700 psi, hold 5 mins.
- All P/T recorded in Barton chart.
- MASP 47 psi"
SEBL,SEBL_001,PHR-05,12/3/2025,12/1/2025 4:00,12/3/2025 22:00,DRLG,SURF,CSGCMT,TOH,1,,12.25,660,"TOH and R/B 5 stds 5"" HWDP after performed full test BOP.

Note:
- Mixing mud chemical to increase MW from 9.0 ppg to 9.3 ppg by added Barite combine with CaCO3. Also build-up 85 bbls Prehydrate PHPA on Slug Tank."
SEBL,SEBL_001,PHR-05,12/3/2025,12/1/2025 4:00,12/3/2025 23:00,DRLG,SURF,CSGCMT,DPP/U,1,,12.25,660,"Stand-up additional tubulars for drill 8-1/2"" HS: 2 jts (1 std) 5"" DP

Note:
- Plan stand-up: 26 jts (13 stds) 5"" HWDP + 30 jts (15 stds) 5"" DP
- Check thread & shoulder on tool joints, hammering tubular prior connection.
- Drift 5"" HWDP using 1-7/8"" rabbit & 5"" DP using 2-7/8"" rabbit.

                  ===== After Midnight =====

00:00 - 05:00,
Cont'd stand-up additional tubulars for drill 8-1/2"" HS: 30 jts (15 stds) 5"" DP + 14 jts (7 stds) of 26 jts 5"" HWDP.

Note:
- Total tubular on board-desk for drilling until LP: 23 stds (46 jts) 5"" HWDP + 1 std Combi (1 jt 5"" HWDP + 1 jt SLB Drilling Jar) + 61 stds (122 jts) 5"" DP
- Check thread & shoulder on tool joints, hammering tubular prior connection.
- Drift 5"" HWDP using 1-7/8"" rabbit & 5"" DP using 2-7/8"" rabbit.
"
SEBL,SEBL_001,PHR-05,12/4/2025,12/1/2025 4:00,12/4/2025,DRLG,SURF,CSGCMT,DPP/U,7,,12.25,660,"Cont'd stand-up additional tubulars for drill 8-1/2"" HS: 30 jts (15 stds) 5"" DP + 26 jts (13 stds) 5"" HWDP.

Note:
- Total tubular on board-desk for drilling until LP: 23 stds (46 jts) 5"" HWDP + 1 std Combi (1 jt 5"" HWDP + 1 jt SLB Drilling Jar) + 61 stds (122 jts) 5"" DP
- Check thread & shoulder on tool joints, hammering tubular prior connection.
- Drift 5"" HWDP using 1-7/8"" rabbit & 5"" DP using 2-7/8"" rabbit."
SEBL,SEBL_001,PHR-05,12/4/2025,12/1/2025 4:00,12/4/2025 7:00,DRLG,SURF,CSGCMT,TSTSURFEQ,1,,12.25,660,"Lined-up 4"" line from discharge line Mud Pumps directly to Choke Manifold (instead of to Standpipe) for MP performance test purpose."
SEBL,SEBL_001,PHR-05,12/4/2025,12/1/2025 4:00,12/4/2025 8:00,DRLG,SURF,CSGCMT,TSTSURFEQ,3.5,,12.25,660,"Performed Mud Pump Performance test as follow :
1. Performed MP#1 performance test: 101 spm/ 302 gpm/ 226 psi/ opening choke: full open/ HHP 40.
Endurance test for 5 mins, result: OK.
2. Performed MP#2 performance test: 99 spm/ 296 gpm/ 222 psi/ opening choke: full open/ HHP 38.
Endurance test for 5 mins, result: OK.
3.  Performed MP#3 performance test: 101 spm/ 302 gpm/ 234 psi/ opening choke: full open/ HHP 41.
Endurance test for 5 mins, result: OK.
4. Performed MP#1 & MP#2 combination performance test : 202 spm/ 611 gpm/ 2560 psi/ opening choke: 1/2 open/ HHP 904. Endurance test for 10 mins, result: OK.
5. Performed MP#1 & MP#3 combination performance test : 201 spm/ 605 gpm/ 2588 psi/ opening choke: 1/2 open/ HHP 909. Endurance test for 10 mins, result: OK.
6. Performed MP#2 & MP#3 combination performance test : 202 spm/ 289 gpm/ 2564 psi/ opening choke: 1/2 open/ HHP 905. Endurance test for 10 mins, result: OK.

Note:
* Change out 6"" liner into 5.5"" liner prior intermediate section.
* Lined-up MP discharge line directly to Choke Manifold during performance test.
* No anomalies visually observed on engine, pump & discharge line side during test.
* Keep rig personnel out of line of fire during test.
* Cooling down engine for 10 mins after carried-out performance test."
SEBL,SEBL_001,PHR-05,12/4/2025,12/1/2025 4:00,12/4/2025 11:30,DRLG,SURF,CSGCMT,BHAPU/LD,4,,12.25,660,"PJSM. M/U & TIH 8-1/2"" PDC Bit (New) + Directional BHA #2 (AKO: 1.5 deg)

Note: 
Directional BHA#2: 
A675M7850XP  +  6-3/4” OD Float Sub c/w Float Valve (NP)  + 7-1/2"" String Stabilizer + A RC-6  (GR, RES, APWD) installed with zinc + MWD 6 3/4"" TeleScope + 6-3/4"" NMDC

8-1/2"" PDC (HDBS)  data: 
Type	: Sf56
S/N	: 14458159
Size 	: 8-1/2""
Nozzles	: 4X13 - 3X12
TFA	: 0.85 sq.in
Used	: New
Length	: 0.8 ft
Dull Grade In : New

6-3/4"" A675M7850XP (SN 06374) motor data:

AKO Motor : 1.50 deg 
RPG Motor : 0.28 rev/gal

Motor Bearing Gap in/out = 1 mm / - mm

Dir Sensor Distance = 70.06 ft
PWD Sensor Distance = 43.68 ft
Zinc Sensor Distance = 36.40 ft
Resistivity Sensor Distance = 47.31 ft
Gamma Ray Sensor Distance = 41.65 ft
TFO : 245.82 deg

Total Circulating Time of : 
* 6-3/4” Motor in/out = 0 / - hours
* 6-3/4” Float Sub in/out =  0 / - hours
* 7-1/2"" String Stabilizer =  0 / - hours
* 6-3/4"" ARC LWD in/out = 0 / - hours
* 6-3/4"" Telescope MWD  = 0 / - hours
* 6-3/4"" NMDC in/out =  0 / - hours
* 6-1/2 Drilling Jar = 8.98 / - hours

Jar Setting
Up = 90
Down = 50
Delay = 78 sec

Dull Grade:
In  : NEW 
Out :
"
SEBL,SEBL_001,PHR-05,12/4/2025,12/1/2025 4:00,12/4/2025 15:30,DRLG,SURF,CSGCMT,TIH,1,,12.25,660,"TIH 8-1/2"" PDC Bit + Directional BHA #2.
Tag TOC at 615 ftMD

Shallow Test
MP 1-3 (75x75)
FR: 450 GPM
SPPA: ~800 psi
TRPM: 2226

MP 2-3 (75x75)
FR: 450 GPM
SPPA: ~820 psi
TRPM: 2226

MP 1-2 (75x75)
FR: 450 GPM
SPPA: ~800 psi
TRPM: 2226"
SEBL,SEBL_001,PHR-05,12/4/2025,12/1/2025 4:00,12/4/2025 16:30,DRLG,SURF,CSGCMT,HESDRL,1,,12.25,660,"Performed Choke Drill with Crew B
- Closed Annular
- Opened HCR & Hydraulic Choke
- Flushed to MGS Line
- Closed Remote Choke Valve 
- Pressure Test to 300 psi. Hold for 5 mnts
- Built CP to 500 psi using MP#1 SPR w/ 50% 
  Choke Opening Position and keep CP constant
- Simulated to hold CP constant at 500 psi while 
  shut off MP and fully closed Choke
- Recorded parameter during Choke Drill:
  • Choke Opening
  • DP and Csg Pressure Readings on Remote 
     Choke
  • MP Parameter (Rate and Pressure)

"
SEBL,SEBL_001,PHR-05,12/4/2025,12/1/2025 4:00,12/4/2025 17:30,DRLG,SURF,CSGCMT,DRLCMT,3,,8.5,665,"DOC  f/ 615 to 665 ftMD (5 ft new formation)
Drilling Parameter:
- RPM		: 40
- FR 		: 450 gpm
- WOB		: 2-4 klbs
- SPP On/Off 	: 834/800 psi
- Torque On/Off	: 600/400 ft-lbs
- IROP		: 16.8 fph

Note:
CHC 1 x BU, confirm 100% shale on return

Baseline Parameter:
Depth : 665  ftMD
Pump Rate:  450 gpm
Pressure : 800 psi
P/U : 43 klbs
S/O : 43 klbs
R/W :  43 klbs
RPM : 40 rpm
Off Btm Torque : 400 ft-lbs
MW / ECD: 9.3 / 9.42 ppg
 
Pump OFF 
P/U : 44 klbs
S/O : 44 klbs"
SEBL,SEBL_001,PHR-05,12/4/2025,12/1/2025 4:00,12/4/2025 20:30,DRLG,SURF,CSGCMT,EQRPR,1,1,8.5,665,Found TDS link hydraulic piston leaking. C/O with backup hydraulic piston.
SEBL,SEBL_001,PHR-05,12/4/2025,12/1/2025 4:00,12/4/2025 21:30,DRLG,SURF,CSGCMT,FIT,1,,8.5,665,"Performed FIT:
1. Picked up string 8-1/2"" PDC Bit inside casing
2. Line up test pump
3. Closed Annular Preventer
4. Plan EMW 12.5 ppg w/ MW: 9.3 ppg. surface pressure 110 psi [WSEA 7-A]
5. Performed FIT using Rig test pump w/ 3 pressure points: 

Press	Vol	Result	Times
(psi)	(ltr)		(min)
=============================
50	15	Hold	2
80	16.2	Hold	2
110	18	Hold	5

Note:
- TVD casing shoe @ 660' TVD
- MW inside string and annulus = 9.3 ppg
- Bleed back volume after FIT = 9 ltrs
- All pressure test recorded w/ Barton Chart
- Disconnected line Test pump"
SEBL,SEBL_001,PHR-05,12/4/2025,12/1/2025 4:00,12/4/2025 22:30,DRLG,PRODCSG,DRILL,DRLROT,1.5,,8.5,778,"Vertical Drilling 8.5in Landing Section f/ 665 ftMD to 778 ftMD.
- WOB : 4 klbs
- Flow Rate : 500 gpm
- RPM : 60
- Pump Press (Off/On) : 1060 / 1140 psi
- Torque (Off/On) : 1.0 - 1.8 Kft-lbs

Recorded References
- PU / SO / RW : 46 / 45 / 45 Klbs
- MW : 9.3 ppg
- ECD : 9.78 ppg
- Slide/Rotate : 0% / 100%
- Avg ROP : 50.2 fph
- Inst ROP : 236 fph

Last Survey Depth : 708.31 ftMD / 708.29 ftTVD
Incl.: 0.32 deg
Azim.: 296.46 deg
DLS: 0.03 deg/100ft
Ct-Ct: 5.32 ft (2.44 North, 4.72 West )

Notes:
- Hole monitoring prior to connection
- Last Cutting Description: 100% shale
- MW In/Out: 9.3 / 9.3 ppg
- K+ : 38K
- BHT : 113.0 degF
- PHPA 0.25 ppb added gradually to active system
- Preventive LCM 10 ppb + Graphite 3 ppb in active system
- No dynamic loss observed

=========== After Midnight ===========
00:00 - 05:00
Cont'd Vertical Drilling 8-1/2"" Landing Section  f/ 665 ftMD to 1212 ftMD.
- WOB : 5 Klbs
- Flow Rate : 600 gpm
- RPM : 80
- Pump Press (Off/On) : 1500 / 1545 psi
- Torque (Off/On) : 1.1 / 1.9 Kft-lbs

Recorded References
- PU / SO / RW : 57 / 55 / 56 Klbs
- MW : 9.3 ppg
- ECD : 9.67 ppg
- Slide/Rotate : 0% / 100%
- Avg ROP : 87 fph
- Inst ROP : 210 fph

Last Survey Update
Survey Depth: 1077.9 ftMD / 1077.9 ftTVD
Incl.: 0.48 deg
Azim.: 308.97 deg
DLS: 0.07 deg/100ft
Ct-Ct: 7.91 ft (6.99 West , 3.71 North )

Notes:
- Hole monitoring prior to connection
- Last Cutting Description: 100% shale
- MW In/Out: 9.3 / 9.3 ppg
- K+ : 38K
- BHT : 123 degF
- PHPA 0.25 ppb in active system
- 20 ppb Preventive LCM  + 5 ppb Graphite in mud system
- Soltex 2 ppb added gradually to active system
- No dynamic loss observed"
SEBL,SEBL_001,PHR-05,12/5/2025,12/1/2025 4:00,12/5/2025,DRLG,PRODCSG,DRILL,DRLROT,5,,8.5,1212,"Cont'd Vertical Drilling 8-1/2"" Landing Section  f/ 778 ftMD to 1212 ftMD.
- WOB : 5 Klbs
- Flow Rate : 600 gpm
- RPM : 80
- Pump Press (Off/On) : 1500 / 1545 psi
- Torque (Off/On) : 1.1 / 1.9 Kft-lbs

Recorded references
- PU / SO / RW : 57 / 55 / 56 Klbs
- MW : 9.3 ppg
- ECD : 9.67 ppg
- Slide/Rotate : 0% / 100%
- Avg ROP : 87 fph
- Inst ROP : 210 fph

Last Survey Update
Survey Depth: 1077.9 ftMD / 1077.9 ftTVD
Incl.: 0.48 deg
Azim.: 308.97 deg
DLS: 0.07 deg/100ft
Ct-Ct: 7.91 ft (6.99 West , 3.71 North )

Notes:
- Hole monitoring prior to connection
- Last Cutting Description: 100% shale
- MW In/Out: 9.3 / 9.3 ppg
- K+ : 38K
- BHT : 123 degF
- PHPA 0.25 ppb in active system
- 20 ppb Preventive LCM  + 5 ppb Graphite in mud system
- Soltex 2 ppb added gradually to active system
- No dynamic loss observed"
SEBL,SEBL_001,PHR-05,12/5/2025,12/1/2025 4:00,12/5/2025 5:00,DRLG,PRODCSG,DRILL,DRLROT,7,,8.5,1707,"Cont'd Vertical Drilling 8-1/2"" Landing Section  f/  1212 ftMD to 1707 ftMD.
- WOB : 5 Klbs
- Flow Rate : 600 gpm
- RPM : 80
- Pump Press (Off/On) : 1500 / 1545 psi
- Torque (Off/On) : 1.1 / 1.9 Kft-lbs

Recorded References
- PU / SO / RW : 65 / 64 / 64 Klbs
- MW : 9.3 ppg
- ECD : 9.76 ppg
- Slide/Rotate : 1% / 99%
- Avg ROP : 70 fph
- Inst ROP : 160 fph

Last Survey Update
Survey Depth: 1511.36 ftMD / 1511.31 ftTVD
Incl.: 0.51 deg
Azim.: 105.78 deg
DLS: 0.22 deg/100ft
Ct-Ct: 9.19 ft (4.99 North , 7.72 West )

Notes:
- Hole monitoring prior to connection
- Last Cutting Description: 100% shale
- MW In/Out: 9.3 / 9.3 ppg
- K+ : 38K
- BHT : 123 degF
- PHPA 0.25 ppb in active system
- 20 ppb Preventive LCM  + 5 ppb Graphite in mud system
- Soltex 2 ppb added gradually to active system
- No dynamic loss observed"
SEBL,SEBL_001,PHR-05,12/5/2025,12/1/2025 4:00,12/5/2025 12:00,DRLG,PRODCSG,DRILL,DRLDD,5,,8.5,1944,"Cont'd Pattern Drilling 8-1/2"" Landing Section  f/ 1707 ftMD to 1944 ftMD.
- WOB : 5 Klbs
- Flow Rate : 600 gpm
- RPM : 60
- Pump Press (Off/On) : 1750 / 1650 psi
- Torque (Off/On) : 1.0 / 2.0 Kft-lbs

Recorded References
- PU / SO / RW : 72 / 71 / 69 Klbs
- MW : 9.3 ppg
- ECD : 9.97 ppg
- Slide/Rotate : 6% / 94%
- Avg ROP : 48 fph
- Inst ROP : 102 fph

Last Survey Update
Survey Depth: 1871.78 ftMD / 1871.22 ftTVD
Incl.: 6.15 deg
Azim.: 82.89 deg
DLS: 1.66 deg/100ft
Ct-Ct: 3.97 ft (3.75 North, 1.3 East)

Notes:
- Hole monitoring prior to connection
- Last Cutting Description: (90% shale, 10% sand)
- MW In/Out: 9.3 / 9.3 ppg
- K+ : 38K
- Temp in/out : 138 ⁰F/ 142⁰F
- PHPA 0.25 ppb in active system
- 20 ppb Preventive LCM  + 5 ppb Graphite in mud system
- Soltex 3 ppb added gradually to active system
- No dynamic loss observed"
SEBL,SEBL_001,PHR-05,12/5/2025,12/1/2025 4:00,12/5/2025 17:00,DRLG,PRODCSG,DRILL,DRLDD,6,,8.5,2312,"Cont'd Pattern Drilling 8-1/2"" Landing Section  from 1944 ftMD to 2312 ftMD (Baseline #1).

Drilling parameter:
- WOB : 5 Klbs
- Flow Rate : 600 gpm
- RPM : 60
- Pump Press (Off/On) : 1550 / 1600 psi
- Torque (Off/On) : 1.4 / 2.0 Kft-lbs

Recorded references:
- PU / SO / RW : 87 / 85 / 86 Klbs
- Slide/Rotate : 27% / 73%
- Avg ROP : 61 fph
- Inst ROP : 119 fph
- MW In/Out: 9.3 / 9.3 ppg
- ECD : 9.98 ppg
- BHT : 149 degF
- Temp in/out : 142 degF/ 146 degF

Last Survey:
Survey Depth: 2240.97 ftMD / 2233.98 ftTVD
Incl.: 14.57 deg
Azim.: 76.32 deg
DLS: 2.02 deg/100ft
Ct-Ct: 5.19 ft (1.31 Above, 5.02 Left)

Notes:
- Hole monitoring prior to connection
- Last cutting description: 90% shale, 10% sand (1% sloughing)
- K+ : 38K
- 0.25 ppb PHPA in active system.
- 20 ppb Preventive LCM + 5 ppb Graphite in mud system.
- 3 ppb Soltex added gradually to active system.
- No dynamic loss observed."
SEBL,SEBL_001,PHR-05,12/5/2025,12/1/2025 4:00,12/5/2025 23:00,DRLG,PRODCSG,DRILL,CC,1,,8.5,2312,"Sweep 20 bbls 120 smf Hi-Vis mud. CHC 2x bottom-up with FR 600 gpm (1588 psi) & 30 rpm until no significant cutting observed on shakers. Set TF on HS.

Record Baseline #1 parameter at depth 2312 ftMD prior short-trip to 1525 ftMD:
Pump ON with 600 gpm
PU/SO/RW : 87/86/86 Klbs
RPM : 40
Off Bottom Torque : 1.4 Kft-lbs
SPP : 1600 psi
MW/ECD: 9.3 / 9.98 ppg
MWD Turbine RPM : 3125

Pump OFF
PU/SO : 91/86 Klbs

Observed well: static. Ready to TOH Bit to 1525 ftMD for short-trip as per program.

                  ===== After Midnight =====

00:00-02:00
TOH 8-1/2"" PDC Bit + Directional BHA#2 from 2312 ftMD to 1525 ftMD for short trip purpose. R/B 10 stds 5"" HWDP + 3 stds 5"" DP. Found no significant drag.

02:00-02:30
Connect TDS. Pump with 600 gpm (1350 psi) & 40 rpm. CHC 1x bottom-up. No significant cutting observed on shakers.

Record Baseline parameter at depth 1525 ftMD:
Pump ON with 600 gpm
PU/SO/RW : 60/60/60 Klbs
RPM : 40
Off Bottom Torque : 0.6 Kft-lbs
SPP : 1350 psi
MW/ECD: 9.3 / 9.9 ppg
MWD Turbine rpm : 3164

Pump OFF
PU/SO : 64/63 Klbs

02:30-04:30
Re-TIH 8-1/2"" PDC Bit from 1525 ft MD to bottom (2312 ftMD). Found no tagging.
Connect TDS. Pump with 600 gpm (1550 psi) & 40 rpm, check PU/SO: 87/86 Klbs same as previous Baseline record. Decided to continue DOF.

04:30-05:00
Cont'd Pattern Drilling 8-1/2"" Landing Section  from 2312 ftMD to 2333 ftMD. IROP 42 fph.


"
SEBL,SEBL_001,PHR-05,12/6/2025,12/1/2025 4:00,12/6/2025,DRLG,PRODCSG,DRILL,TOH,2,,8.5,2312,"TOH 8-1/2"" PDC Bit + Directional BHA#2 from 2312 ftMD to 1525 ftMD for short trip purpose. R/B 10 stds 5"" HWDP + 3 stds 5"" DP. Found no significant drag during TOH."
SEBL,SEBL_001,PHR-05,12/6/2025,12/1/2025 4:00,12/6/2025 2:00,DRLG,PRODCSG,DRILL,CC,0.5,,8.5,2312,"Connect TDS. Pump with 600 gpm (1350 psi) & 40 rpm. CHC 1x bottom-up. No significant cutting observed on shakers.

Record Baseline parameter at depth 1525 ftMD:
Pump ON with 600 gpm
PU/SO/RW : 60/60/60 Klbs
RPM : 40
Off Bottom Torque : 0.6 Kft-lbs
SPP : 1350 psi
MW/ECD: 9.3 / 9.9 ppg
MWD Turbine RPM : 3164

Pump OFF
PU/SO : 64/63 Klbs

"
SEBL,SEBL_001,PHR-05,12/6/2025,12/1/2025 4:00,12/6/2025 2:30,DRLG,PRODCSG,DRILL,TIH,2,,8.5,2312,"Re-TIH 8-1/2"" PDC Bit from 1525 ft MD to bottom (2312 ftMD). Found no tagging.
Connect TDS. Pump with 600 gpm (1550 psi) & 40 rpm, check PU/SO: 87/86 Klbs same as previous Baseline record. Decided to continue DOF."
SEBL,SEBL_001,PHR-05,12/6/2025,12/1/2025 4:00,12/6/2025 4:30,DRLG,PRODCSG,DRILL,DRLDD,1.5,,8.5,2370,"Cont'd Pattern Drilling 8-1/2"" Landing Section  from 2312 ftMD to 2370 ftMD.

Drilling parameter:
- WOB : 5 Klbs
- Flow Rate : 600 gpm
- RPM : 60
- Pump Press (Off/On) : 1550 / 1600 psi
- Torque (Off/On) : 1.4 / 2.0 Kft-lbs

Recorded references:
- PU / SO / RW : 89 / 85 / 87 Klbs
- Slide/Rotate : 20% / 80%
- Avg ROP : 39 fph
- Inst ROP : 39 fph
- MW In/Out: 9.3 / 9.3 ppg
- ECD : 9.98 ppg
- BHT : 149 degF
- Temp in/out : 142 degF/ 146 degF

Last Survey:
Survey Depth: 2299.85 ftMD / 2290.85 ftTVD
Incl.: 15.5 deg
Azim.: 76.59 deg
DLS: 1.58 deg/100ft
Ct-Ct: 5.15 ft (1.32 Above, 4.98 Left)

Notes:
- Hole monitoring prior to connection
- Last cutting description: 90% shale, 10% sand (1% sloughing)
- K+ : 38K
- 0.25 ppb PHPA in active system.
- 20 ppb Preventive LCM + 5 ppb Graphite in mud system.
- 3 ppb Soltex added gradually to active system.
- No dynamic loss observed."
SEBL,SEBL_001,PHR-05,12/6/2025,12/1/2025 4:00,12/6/2025 6:00,DRLG,PRODCSG,DRILL,DRLDD,3,,8.5,2558,"Cont'd Pattern Drilling 8-1/2"" Landing Section  from 2370 ftMD to 2558 ftMD (Baseline #2).

Drilling parameter:
- WOB : 5 Klbs
- Flow Rate : 600 gpm
- RPM : 60
- Pump Press (Off/On) : 1550 / 1600 psi
- Torque (Off/On) : 1.4 / 2.0 Kft-lbs

Recorded references:
- PU / SO / RW : 89 / 85 / 87 Klbs
- Slide/Rotate : 20% / 80%
- Avg ROP : 63 fph
- Inst ROP : 149 fph
- MW In/Out: 9.3 / 9.3 ppg
- ECD : 9.98 ppg
- BHT : 149 degF
- Temp in/out : 142 degF/ 146 degF

Last Survey:
Survey Depth: 2299.85 ftMD / 2290.85 ftTVD
Incl.: 15.5 deg
Azim.: 76.59 deg
DLS: 1.58 deg/100ft
Ct-Ct: 5.15 ft (1.32 Above, 4.98 Left)

Notes:
- Hole monitoring prior to connection
- Last cutting description: 90% shale, 10% sand (1% sloughing)
- K+ : 38K
- 0.25 ppb PHPA in active system.
- 20 ppb Preventive LCM + 5 ppb Graphite in mud system.
- 3 ppb Soltex added gradually to active system.
- No dynamic loss observed.
- Sweep 20 bbls 120 smf Hi-Vis mud. CHC 2x bottom-up with FR 600 gpm (1588 psi) & 30 rpm until no significant cutting observed on shakers. Set TF on HS.
"
SEBL,SEBL_001,PHR-05,12/6/2025,12/1/2025 4:00,12/6/2025 9:00,DRLG,PRODCSG,DRILL,CC,1,,8.5,2558,"Sweep 20 bbls 120 smf Hi-Vis mud. CHC 2x bottom-up with FR 600 gpm (1588 psi) & 30 rpm until no significant cutting observed on shakers. Set TF on HS.

Record Baseline #2 parameter at depth 2558 ftMD.
PUMP ON  w/ 600 gpm
SPP : 1620 psi
PU/SO/RW : 94/92/93 Klbs
Rpm / Torque OFF Bott : 60 / 1.5 - 1.8 Kft.lbs
MW/ECD : 9.4 / 10.22 ppg
MWD TRPM 3203 c/min

Pump OFF 
PU/SO : 100/93 Klbs

Observed well: static. Ready to TOH Bit to 2312 ftMD Baseline #1 for short-trip as per program.

"
SEBL,SEBL_001,PHR-05,12/6/2025,12/1/2025 4:00,12/6/2025 10:00,DRLG,PRODCSG,DRILL,TOH,0.75,,8.5,2558,"TOH 8-1/2"" PDC Bit + Directional BHA#2 from 2558 ftMD to 2312 ftMD for short trip purpose. R/B 3 stds 5"" HWDP + 1 stds 5"" DP. 
Found no significant drag during TOH."
SEBL,SEBL_001,PHR-05,12/6/2025,12/1/2025 4:00,12/6/2025 10:45,DRLG,PRODCSG,DRILL,CC,0.5,,8.5,2558,"Connect TDS. Pump with 600 gpm (1550 psi) & 60 rpm. CHC 1x bottom-up. No significant cutting observed on shakers.

Record Baseline #1 parameter at depth 2312 ftMD.
PUMP ON  w/ 600 gpm
SPP : 1550 psi
PU/SO/RW : 88/86/86 Klbs
Rpm / Torque OFF Bott : 60 / 1.5 - 1.7 Kft.lbs
MW/ECD : 9.4 / 10.28 ppg
MWD TRPM 3164 c/min

Pump OFF 
PU/SO : 93/87 Klbs
"
SEBL,SEBL_001,PHR-05,12/6/2025,12/1/2025 4:00,12/6/2025 11:15,DRLG,PRODCSG,DRILL,TIH,0.75,,8.5,2558,"Re-TIH 8-1/2"" PDC Bit from 2312 ft MD to bottom (2558 ftMD). Found no tagging.
Connect TDS. Pump with 600 gpm (1620 psi) & 40 rpm, check PU/SO: 94/93 Klbs same as previous Baseline record. Decided to continue DOF."
SEBL,SEBL_001,PHR-05,12/6/2025,12/1/2025 4:00,12/6/2025 12:00,DRLG,PRODCSG,DRILL,DRLDD,5,,8.5,2803,"Cont'd Pattern Drilling 8-1/2"" Landing Section  from 2558 ftMD to 2803 ftMD.

Drilling parameter:
- WOB : 5 Klbs
- Flow Rate : 600 gpm
- RPM : 60
- Pump Press (Off/On) : 1650 / 1750 psi
- Torque (Off/On) : 2.0 / 2.7 Kft-lbs

Recorded references:
- PU / SO / RW : 98 / 94 / 96 Klbs
- Slide/Rotate : 20% / 80%
- Avg ROP : 49 fph
- Inst ROP : 100 fph
- MW In/Out: 9.4 / 9.4 ppg
- ECD : 10.2 ppg
- BHT : 154.4 degF
- Temp in/out : 146 ⁰F/ 150⁰F

Last Survey:
Survey Depth: 2671.99 ftMD / 2640.07 ftTVD
Incl.: 26.06 deg
Azim.: 60.34 deg
DLS: 5.63 deg/100ft
Ct-Ct: 6.11 ft ( 2.47 ft Above, 5.59 ft Right of Plan)

Notes:
- Hole monitoring prior to connection
- Last cutting description: 100% shale(1% sloughing)
- K+ : 43K
- 0.25 ppb PHPA in active system.
- 20 ppb Preventive LCM + 5 ppb Graphite in mud system.
- 4 ppb Soltex added gradually to active system.
- No dynamic loss observed.
- Sweep 20 bbls 120 smf Hi-Vis mud. CHC 2x bottom-up with FR 600 gpm (1588 psi) & 30 rpm until no significant cutting observed on shakers. Set Tool Face on HS."
SEBL,SEBL_001,PHR-05,12/6/2025,12/1/2025 4:00,12/6/2025 17:00,DRLG,PRODCSG,DRILL,DRLDD,7,,8.5,3043,"Cont'd Pattern Drilling 8-1/2"" Landing Section from 2803 ftMD to 3043 ftMD.

Drilling parameter:
- WOB : 10 Klbs
- Flow Rate : 600 gpm
- RPM : 60
- Pump Press (Off/On) : 1750 / 1800 psi
- Torque (Off/On) : 2.1 / 2.8 Kft-lbs

Recorded references:
- PU / SO / RW : 109 / 101 / 103 Klbs
- Slide/Rotate : 61% / 39%
- Avg ROP : 34.3 fph
- Inst ROP : 54.3 fph
- MW In/Out: 9.4 / 9.4 ppg
- ECD : 10.25 ppg
- BHT : 159.8 degF
- Temp in/out : 152 ⁰F/ 156⁰F

Last Survey:
Survey Depth: 2973.22 ftMD / 2899.17 ftTVD
Incl.: 31.86 deg
Azim.: 34.39 deg
DLS: 5.9 deg/100ft
Ct-Ct: 15.68 ft (6.75 Above , 14.15 Right )

Notes:
- Hole monitoring prior to connection
- Last cutting description: 30% shale, 70% sand (1% sloughing)
- K+ : 43K
- 0.25 ppb PHPA in active system.
- 20 ppb Preventive LCM + 5 ppb Graphite in mud system.
- 4 ppb Soltex in active system.
- No dynamic loss observed.
- Sweep 20 bbls 120 smf Hi-Vis mud every 5 stds drilled.

                  ===== After Midnight =====

00:00-05:00
Cont'd Pattern Drilling 8-1/2"" Landing Section from 3043 ftMD to 3167 ftMD.

Drilling parameter:
- WOB : 8 Klbs
- Flow Rate : 600 gpm
- RPM : 30-60
- Pump Press (Off/On) : 1750 / 1800 psi
- Torque (Off/On) : 2.3 / 3.1 Kft-lbs

Recorded references:
- PU / SO / RW : 112 / 103 / 107 Klbs
- Slide/Rotate : 51% / 49%
- Avg ROP : 25 fph
- Inst ROP : 39 fph
- MW In/Out: 9.4 / 9.4 ppg
- ECD : 10.24 ppg
- BHT : 161.6 degF
- Mud Temp in/out : 154 ⁰F/ 158⁰F

Last Survey:
Survey Depth: 3096.87 ftMD / 3004.68 ftTVD
Incl.: 31.22 deg
Azim.: 24.54 deg
DLS: 3.4 deg/100ft
Ct-Ct: 19.52 ft (8.32 Above, 17.66 Right)

Notes:
- Last cutting description: 10% shale, 90% sand (1% sloughing)
- K+ : 43K
- 0.25 ppb PHPA in active system.
- 20 ppb Preventive LCM + 5 ppb Graphite in mud system.
- 4 ppb Soltex added gradually to active system.
- No dynamic loss observed.
- 0.25%Lubricant added to system due to bit hanging indication (3070 ftMD)."
SEBL,SEBL_001,PHR-05,12/7/2025,12/1/2025 4:00,12/7/2025,DRLG,PRODCSG,DRILL,DRLDD,5.5,,8.5,3167,"Cont'd Pattern Drilling 8-1/2"" Landing Section from 3043 ftMD to 3167 ftMD.

Drilling parameter:
- WOB : 8 Klbs
- Flow Rate : 600 gpm
- RPM : 30-60
- Pump Press (Off/On) : 1750 / 1800 psi
- Torque (Off/On) : 2.3 / 3.1 Kft-lbs

Recorded references:
- PU / SO / RW : 112 / 103 / 107 Klbs
- Slide/Rotate : 51% / 49%
- Avg ROP : 25 fph
- Inst ROP : 39 fph
- MW In/Out: 9.4 / 9.4 ppg
- ECD : 10.24 ppg
- BHT : 161.6 degF
- Mud Temp in/out : 154 ⁰F/ 158⁰F

Last Survey:
Survey Depth: 3096.87 ftMD / 3004.68 ftTVD
Incl.: 31.22 deg
Azim.: 24.54 deg
DLS: 3.4 deg/100ft
Ct-Ct: 19.52 ft (8.32 Above, 17.66 Right)

Notes:
- Last cutting description: 10% shale, 90% sand (1% sloughing)
- K+ : 43K
- 0.25 ppb PHPA in active system.
- 20 ppb Preventive LCM + 5 ppb Graphite in mud system.
- 4 ppb Soltex added gradually to active system.
- No dynamic loss observed.
- 0.25%Lubricant added to system due to bit hanging indication (3070 ftMD)."
SEBL,SEBL_001,PHR-05,12/7/2025,12/1/2025 4:00,12/7/2025 5:30,DRLG,PRODCSG,DRILL,EQRPR,3.5,3.5,8.5,3167,"Found SPP drop to 1560 psi after connection (previous std off bottom pressure 1750 psi).
Change MP combination, got same pressure.
Decided to TOH and R/B 2 stds 5"" DP + 5 stds 5"" HWDP while troubleshooting.

Note:
- Monitor hole, well static.
- Use trip tank to keep hole full.
- C/O insert valve MP#3 while check all MP#1 & MP#2 components
- Clean out screen all MP
- TOH to 2743 ftMD until finish all mud pumps maintenance
- No drag/overpul during TOH & R/B
- Check Combination mud pump performance prior re-TIH to bottom :
   1. MP#2 & MP#3 602 gpm, 1655 psi, Turbine RPM : 3125 c/min
   2. MP#1 & MP#3 604 gpm, 1660 psi, Turbine RPM : 3125 c/min
   3. MP#1 & MP#2 605 gpm, 1660 psi, Turbine RPM : 3125 c/min
- Re-TIH to bottom at 3167 ftMD
- No tag observed during TIH to bottom"
SEBL,SEBL_001,PHR-05,12/7/2025,12/1/2025 4:00,12/7/2025 9:00,DRLG,PRODCSG,DRILL,DRLDD,3,,8.5,3240,"Cont'd Pattern Drilling 8-1/2"" Landing Section from 3167 ftMD to 3240 ftMD.

Drilling parameter:
- WOB : 5-8 Klbs
- Flow Rate : 600 gpm
- RPM : 30-60
- Pump Press (Off/On) : 1790 / 1830 psi
- Torque (Off/On) : 2.5 / 3.4 Kft-lbs

Recorded references:
- PU / SO / RW : 117 / 107 / 110 Klbs
- Slide/Rotate : 73% / 27%
- Avg ROP : 24 fph
- Inst ROP : 40 fph
- MW In/Out: 9.4 / 9.4 ppg
- ECD : 10.26 ppg
- BHT : 158 degF
- Mud Temp in/out : 154 ⁰F/ 158⁰F

Last Survey Update

Survey Depth: 3159.36 ftMD / 3057.84 ftTVD
Incl.: 32.25 deg
Azim.: 19.97 deg
DLS: 4.18 deg/100ft
Ct-Ct: 22.36 ft (9.34 Above , 20.31 Right )

Notes:
- Hole monitoring prior to connection
- Last cutting description: 90% shale, 10% sand (1% sloughing)
- K+ : 43K
- 0.25 ppb PHPA in active system.
- 20 ppb Preventive LCM + 5 ppb Graphite in mud system.
- 4 ppb Soltex added gradually to active system.
- No dynamic loss observed.
- Sweep 20 bbls 120 smf Hi-Vis mud every 5 stands drilled.
- 0.25% Lubricant in active system"
SEBL,SEBL_001,PHR-05,12/7/2025,12/1/2025 4:00,12/7/2025 12:00,DRLG,PRODCSG,DRILL,DRLDD,4,,8.5,3355,"Cont'd Pattern Drilling 8-1/2"" Landing Section from 3240 ftMD to 3355 ftMD.

Drilling parameter:
- WOB : 5-10 Klbs
- Flow Rate : 600 gpm
- RPM : 60
- Pump Press (Off/On) : 1900 / 1800 psi
- Torque (Off/On) : 2.7 / 3.7 Kft-lbs

Recorded references:
- PU / SO / RW : 120 / 107 / 112 Klbs
- Slide/Rotate : 60% / 40%
- Avg ROP : 29 fph
- Inst ROP : 67 fph
- MW In/Out: 9.4 / 9.4+ ppg
- ECD : 10.33 ppg
- BHT : 161.6 degF
- Mud Temp in/out : 154 ⁰F/ 158⁰F

Last Survey Update

Survey Depth: 3283.37 ftMD / 3163.18 ftTVD
Incl.: 32.29 deg
Azim.: 7.34 deg
DLS: 5.26 deg/100ft
Ct-Ct: 27.1 ft (11.06 Above , 24.73 Right )

Notes:
- Hole monitoring prior to connection
- Last cutting description: 80% shale, 20% sand (<1% sloughing)
- K+ : 43K
- 0.25 ppb PHPA in active system.
- 20 ppb Preventive LCM + 5 ppb Graphite in mud system.
- 4 ppb Soltex added gradually to active system.
- 0.25% Lubricant in active system
- No dynamic loss observed.
- Sweep 20 bbls 120 smf Hi-Vis mud every 3-5 stands drilled."
SEBL,SEBL_001,PHR-05,12/7/2025,12/1/2025 4:00,12/7/2025 16:00,DRLG,PRODCSG,DRILL,DRLDD,6,,8.5,3480,"Cont'd Pattern Drilling 8-1/2"" Landing Section from 3355 ftMD to 3480 ftMD.

Drilling parameter:
- WOB : 5 Klbs
- Flow Rate : 600 gpm
- RPM : 60
- Pump Press (Off/On) : 1780 / 1880 psi
- Torque (Off/On) : 3.0 / 4.0 Kft-lbs

Recorded references:
- PU / SO / RW : 122 / 106 / 113 Klbs
- Slide/Rotate : 65% / 35%
- Avg ROP : 25 fph
- Inst ROP : 69 fph
- MW In/Out: 9.4 / 9.4+ ppg
- ECD : 10.33 ppg
- BHT : 163.4 degF
- Mud Temp in/out : 156 ⁰F/ 160 ⁰F

Last Survey Update:
Survey Depth: 3409.15 ftMD / 3269.46 ftTVD
Incl.: 31.16 deg
Azim.: 356.54 deg
DLS: 5.63 deg/100ft
Ct-Ct: 29.84 ft (12.02 Above, 27.31 Right)

Notes:
- Hole monitoring prior to connection
- Last cutting description: 80% shale, 20% sand (<1% sloughing)
- K+ : 43K
- 0.25 ppb PHPA in active system.
- 20 ppb Preventive LCM + 5 ppb Graphite in mud system.
- 4 ppb Soltex added gradually to active system.
- 0.25% Lubricant in active system
- No dynamic loss observed.
- Sweep 20 bbls 120 smf Hi-Vis mud every 3-5 stands drilled."
SEBL,SEBL_001,PHR-05,12/7/2025,12/1/2025 4:00,12/7/2025 22:00,DRLG,PRODCSG,DRILL,CC,0.75,,8.5,3480,"Performed CHC prior penetrate Top Menggala sand (3578 ftMD/3418 ftTVD). Sweep 1x30 bbls 120 smf Hi-Vis mud. CHC 1x bottom-up with FR 600 gpm (1840 psi) & 30 rpm. Observed minor amount of cuttings on shakers.

>> During circulation, observed small leaking on connection between TDS Saver-sub with tool joint DP std #31. Disconnect connection, found scratch on shoulder both on Saver-sub and tool joint DP std #31. Decided to TOH 8-1/2"" Bit to vertical open hole section to C/O Saver-sub with spare.


Record Baseline data at depth 3480 ftMD (Baseline #2B):
Pump ON with 600 gpm
PU/SO/RW : 122/106/113 Klbs
RPM : 30
Off Bottom Torque : 3.0 Kft-lbs
SPP : 1840 psi
MW/ECD: 9.4 / 10.2 ppg
MWD Turbine RPM : 3125

Pump OFF
PU/SO : 130/105 Klbs"
SEBL,SEBL_001,PHR-05,12/7/2025,12/1/2025 4:00,12/7/2025 22:45,DRLG,PRODCSG,DRILL,TOH,1.25,1.25,8.5,3480,"TOH 8-1/2"" PDC Bit + Directional BHA#2 from 3480 ftMD to 3043 ftMD for C/O TDS Saver-sub purpose. R/B 7 stds 5"" DP.

                  ===== After Midnight =====

00:00-04:00
Cont'd TOH 8-1/2"" PDC Bit + Directional BHA#2 from 3043 ftMD to 1584 ftMD for C/O TDS Saver-sub purpose. R/B total 15 stds 5"" DP + 16 stds 5"" HWDP.

Note:
- Inclination at depth 1584 ftMD: 0.61 deg (DLS 0.13 deg/100ft)

04:00-04:30
Connect TDS. CHC 2x bottom-up with 600 gpm (1380 psi) & 30 rpm until clean return on shakers, ok.

04:30-05:00
C/O TDS Saver-sub (4-1/2"" IF Pin x 4-1/2"" Reg Pin) with spare by TDS technician.

Note:
- Keep pumping with SPR 183 gpm (190 psi) during release saver-sub clamp.
"
SEBL,SEBL_001,PHR-05,12/8/2025,12/1/2025 4:00,12/8/2025,DRLG,PRODCSG,DRILL,TOH,4,4,8.5,3480,"Cont'd TOH 8-1/2"" PDC Bit + Directional BHA#2 from 3043 ftMD to 1584 ftMD for C/O TDS Saver-sub purpose. R/B total 15 stds 5"" DP + 16 stds 5"" HWDP. Found no significant drag during TOH.

Note:
- Inclination at depth 1584 ftMD: 0.61 deg (DLS 0.13 deg/100ft)"
SEBL,SEBL_001,PHR-05,12/8/2025,12/1/2025 4:00,12/8/2025 4:00,DRLG,PRODCSG,DRILL,CC,0.5,0.5,8.5,3480,"Connect TDS. CHC 2x bottom-up with 600 gpm (1380 psi) & 30 rpm until clean return on shakers, ok."
SEBL,SEBL_001,PHR-05,12/8/2025,12/1/2025 4:00,12/8/2025 4:30,DRLG,PRODCSG,DRILL,EQRPR,1,1,8.5,3480,"C/O TDS Saver-sub (4-1/2"" IF Pin x 4-1/2"" Reg Pin) with spare by TDS technician.

Note:
- Keep pumping with SPR 183 gpm (190 psi) during disconnect & connect saver-sub clamp.
- Applied M/U torque 20 Kft-lbs between Saver-sub with IBOP.
- Function test make-up & break-out Saver-sub with HWDP tool joint (14 Kft-lbs) - ok. No leaking found on connection during pumping with 600 gpm (1350 psi)."
SEBL,SEBL_001,PHR-05,12/8/2025,12/1/2025 4:00,12/8/2025 5:30,DRLG,PRODCSG,DRILL,TIH,4,4,8.5,3480,"Re-TIH 8-1/2"" PDC Bit + Directional BHA#2 from 1584 ftMD to 3480 ftMD (bottom). Found no tagging during TIH."
SEBL,SEBL_001,PHR-05,12/8/2025,12/1/2025 4:00,12/8/2025 9:30,DRLG,PRODCSG,DRILL,CC,2.5,2.5,8.5,3480,"Connect TDS. CHC 2x bottom-up with 600 gpm (1880 psi) & 30 rpm until clean return on shakers, found pressure decline from 1880 psi to 1600 psi.

Note :
- Troubleshoot Mud Pump #1 , Mud Pump #2, and Mud Pump #3
"
SEBL,SEBL_001,PHR-05,12/8/2025,12/1/2025 4:00,12/8/2025 12:00,DRLG,PRODCSG,DRILL,TOH,5,5,8.5,3480,"Slowly TOH 8-1/2"" PDC Bit + Directional BHA#2 from 3480 ftMD to 2370 ftMD for Mud Pump troubleshoot. R/B total 12 stds 5"" DP + 6 stds 5"" HWDP. Found no significant drag during TOH.

Notes :
- After trouble shoot found scratch on seat valve MP#3, replace with new seat valve.
- Complete check MP#1, MP#2, and MP#3, decided to change seat valve MP#1
- Check Combination mud pump performance prior re-TIH to bottom :
   1. MP#1 & MP#2 599 gpm, 1640 psi, Turbine RPM : 3203 c/min
   2. MP#1 & MP#3 602 gpm, 1620 psi, Turbine RPM : 3203 c/min
   3. MP#2 & MP#3 605 gpm, 1550 psi, Turbine RPM : 3085 c/min
"
SEBL,SEBL_001,PHR-05,12/8/2025,12/1/2025 4:00,12/8/2025 17:00,DRLG,PRODCSG,DRILL,TIH,3,3,8.5,3480,"Re-TIH 8-1/2"" PDC Bit + Directional BHA#2 from 2370 ftMD to 3480 ftMD (bottom). Found no tagging during TIH.

Note :
During TIH, Record Baseline #2 parameter at depth 2558 ftMD.
PUMP ON  w/ 600 gpm
SPP : 1550 psi
PU/SO/RW : 88/86/86 Klbs
Rpm / Torque OFF Bott : 60 / 1.5 - 1.7 Kft.lbs
MW/ECD : 9.4 / 10.28 ppg
MWD TRPM 3164 c/min

Pump OFF 
PU/SO : 93/87 Klbs"
SEBL,SEBL_001,PHR-05,12/8/2025,12/1/2025 4:00,12/8/2025 20:00,DRLG,PRODCSG,DRILL,DRLDD,4,,8.5,3543,"Cont'd Pattern Drilling 8-1/2"" Landing Section from 3480 ftMD to 3543 ftMD.

Drilling parameter:
- WOB : 12 Klbs
- Flow Rate : 600 gpm
- RPM : 60
- Pump Press (Off/On) : 1850 / 1950 psi
- Torque (Off/On) : 3.0 / 4.0 Kft-lbs

Recorded references:
- PU / SO / RW : 123 / 107 / 111 Klbs
- Slide/Rotate : 66% / 34%
- Avg ROP : 16 fph
- Inst ROP : 25.6 fph
- MW In/Out: 9.4+ / 9.4+ ppg
- ECD : 10.33 ppg
- BHT : 156.2 degF
- Temp in/out : 154⁰F/ 158⁰F

Last Survey:
Survey Depth: 3471.81 ftMD / 3323.03 ftTVD
Incl.: 31.39 deg
Azim.: 349.99 deg
DLS: 5.44 deg/100ft
Ct-Ct: 28.45 ft (11.02 Above , 26.23 Right )

Notes:
- Hole monitoring prior to connection
- Last cutting description: 80% shale, 20% sand (<1% sloughing)
- K+ : 43K
- 0.25 ppb PHPA in active system.
- 20 ppb Preventive LCM + 5 ppb Graphite in mud system.
- 4 ppb Soltex added gradually to active system.
- 0.5% Lubricant in active system
- No dynamic loss observed.
- Sweep 20 bbls 120 smf Hi-Vis mud every 3-5 stands drilled.
- LCM pill standby in additional square tank.

                  ===== After Midnight =====
00:00-05:00
Cont'd Pattern Drilling 8-1/2"" Landing Section from 3543 ftMD to 3640 ftMD.

Drilling parameter:
- WOB : 10 Klbs
- Flow Rate : 600 gpm
- RPM : 60
- Pump Press (Off/On) : 1870 / 1940 psi
- Torque (Off/On) : 3.0 / 4.3 Kft-lbs

Recorded references:
- - PU / SO / RW : 124 / 108 / 114 Klbs
- Slide/Rotate : 67% / 33%
- Avg ROP : 16 fph
- Inst ROP : 25.6 fph
- MW In/Out: 9.4+ / 9.4+ ppg
- ECD : 10.33 ppg
- BHT : 159.8 degF
- Temp in/out : 154⁰F/ 158⁰F

Last Survey Update
Survey Depth: 3534.1 ftMD / 3376 ftTVD
Incl.: 32.15 deg
Azim.: 343.29 deg
DLS: 5.79 deg/100ft
Ct-Ct: 25.62 ft (9.55 Above, 23.77 Right)"
SEBL,SEBL_001,PHR-05,12/9/2025,12/1/2025 4:00,12/9/2025,DRLG,PRODCSG,DRILL,DRLDD,5,,8.5,3643,"Cont'd Pattern Drilling 8-1/2"" Landing Section from 3543 ftMD to 3643 ftMD.

Drilling parameter:
- WOB : 12 Klbs
- Flow Rate : 600 gpm
- RPM : 60
- Pump Press (Off/On) : 1900 / 1960 psi
- Torque (Off/On) : 3.2 / 4.4 Kft-lbs

Recorded references:
- PU / SO / RW : 124 / 108 / 114 Klbs
- Slide/Rotate : 74% / 26%
- Avg ROP : 20 fph
- Inst ROP : 22.3 fph
- MW In/Out: 9.4+ / 9.4+ ppg
- ECD : 10.24 ppg
- BHT : 165.2 degF
- Temp in/out : 156⁰F/ 160⁰F

Last Survey Update
Survey Depth: 3534.1 ftMD / 3376 ftTVD
Incl.: 32.15 deg
Azim.: 343.29 deg
DLS: 5.79 deg/100ft
Ct-Ct: 25.62 ft (9.55 Above, 23.77 Right)

Notes:
- Hole monitoring prior to connection
- Last cutting description: 70% shale, 30% sand (<1% sloughing)
- K+ : 43K
- 0.25 ppb PHPA in active system.
- 20 ppb Preventive LCM + 5 ppb Graphite in mud system.
- 4 ppb Soltex added gradually to active system.
- 0.5% Lubricant in active system
- No dynamic loss observed.
- Sweep 20 bbls 120 smf Hi-Vis mud every 3-5 stands drilled.
- LCM pill standby in additional square tank."
SEBL,SEBL_001,PHR-05,12/9/2025,12/1/2025 4:00,12/9/2025 5:00,DRLG,PRODCSG,DRILL,DRLDD,9,,8.5,3854,"Cont'd Pattern Drilling 8-1/2"" Landing Section from 3643 ftMD to 3854 ftMD.

Drilling parameter:
- WOB : 5-10 Klbs
- Flow Rate : 600 gpm
- RPM : 60
- Pump Press (Off/On) : 1950 / 2020 psi
- Torque (Off/On) : 3.6 / 4.6 Kft-lbs

Recorded references:
- PU / SO / RW : 132 / 112 / 120 Klbs
- Slide/Rotate : 34% / 66%
- Avg ROP : 23 fph
- Inst ROP : 39 fph
- MW In/Out: 9.5 / 9.5 ppg
- ECD : 10.18 ppg
- BHT : 165.2 degF
- Temp in/out : 158/162 ⁰F

Last Survey Update
Survey Depth: 3783.56 ftMD / 3579.57 ftTVD
Incl.: 39.42 deg
Azim.: 334.12 deg
DLS: 3.37 deg/100ft
Ct-Ct: 11.86 ft (2.87 Above, 11.51 Right)

Notes:
- Hole monitoring prior to connection
- Last cutting description: 60% shale, 40% sand (1% sloughing)
- K+ : 43K
- 0.25 ppb PHPA in active system.
- 20 ppb Preventive LCM + 5 ppb Graphite in mud system.
- 4 ppb Soltex added gradually to active system.
- 0.5% Lubricant in active system
- No dynamic loss observed.
- Sweep 20 bbls 120 smf Hi-Vis mud every 3-5 stands drilled.
- LCM pill standby in additional square tank.
- LWD Memory : 40% (60 hrs used / 150 hrs)
"
SEBL,SEBL_001,PHR-05,12/9/2025,12/1/2025 4:00,12/9/2025 14:00,DRLG,PRODCSG,DRILL,CC,1,,8.5,3854,"Sweep 20 bbls 120 smf Hi-Vis mud. CHC 2x bottom-up with FR 600 gpm (1920 psi) & 30 rpm until no significant cutting observed on shakers. Set TF on HS.

Record Baseline #3 parameter at depth 3854 ftMD.
PUMP ON with 600 gpm
SPP : 1920 psi
PU/SO/RW : 130/111/118 Klbs
RPM / Torque Off-bottom : 60 / 3.4 Kft.lbs
MW/ECD : 9.5 / 10.18 ppg
MWD TRPM : 3203 c/min

PUMP OFF 
PU/SO : 130/113 Klbs

Observed well: static. 

Note :
- Ready to TOH Bit to 3480 ftMD for short-trip as per discussion with DE & Asst. Manager SLS 3.
- Previous TOH to 1584 ftMD & 2370 ftMD (Baseline #1) prior to change out saver sub and mud pump troubleshooting.
- Recorded parameter at Baseline #2 at 2558 ftMD during previous TOH"
SEBL,SEBL_001,PHR-05,12/9/2025,12/1/2025 4:00,12/9/2025 15:00,DRLG,PRODCSG,DRILL,TOH,2.5,,8.5,3854,"TOH 8-1/2"" PDC Bit + Directional BHA#2 from 3854 ftMD to 3480 ftMD for short trip purpose as per program. R/B 5 stds 5"" DP. 

Notes :
- Got overpull 10 klbs on 3551 ftMD. Connect TDS, ream up & ream down w/ 30 rpm 600 gpm 1866 psi until free - success."
SEBL,SEBL_001,PHR-05,12/9/2025,12/1/2025 4:00,12/9/2025 17:30,DRLG,PRODCSG,DRILL,CC,0.5,,8.5,3854,"Connect TDS. Pump with 600 gpm (1950 psi) & 60 rpm. CHC 1x bottom-up. No significant cutting observed on shakers.

Record Baseline #2B parameter at depth 3480 ftMD.

PUMP ON with 600 gpm
SPP : 1830 psi
PU/SO/RW : 125/106/114 Klbs
RPM / Torque Off-bottom : 40 / 3.0 Kft.lbs
MW/ECD : 9.5 / 10.32 ppg
MWD TRPM : 3203 c/min

PUMP OFF 
PU/SO : 126/107 Klbs

Compared this Baseline data with previous data recorded on 07-Dec-2025 at 22:00 hrs at same depth 3480 ftMD, result: Normal (no anomaly). Decided to re-TIH Bit back to bottom to continue DOF."
SEBL,SEBL_001,PHR-05,12/9/2025,12/1/2025 4:00,12/9/2025 18:00,DRLG,PRODCSG,DRILL,TIH,1.5,,8.5,3854,"Re-TIH 8-1/2"" PDC Bit from 3480 ft MD to bottom (3854 ftMD). Found no tagging.

Connect TDS. Pump with 600 gpm (1920 psi) & 40 rpm, check PU/SO: 130/111 Klbs same as previous Baseline record. Decided to continue DOF."
SEBL,SEBL_001,PHR-05,12/9/2025,12/1/2025 4:00,12/9/2025 19:30,DRLG,PRODCSG,DRILL,DRLDD,1,,8.5,3904,"Cont'd Pattern Drilling 8-1/2"" Landing Section from 3854 ftMD to 3904 ftMD

Drilling parameter:
- WOB : 12 Klbs
- Flow Rate : 600 gpm
- RPM : -
- Pump Press (Off/On) : 1880 / 1930 psi
- Torque (Off/On) : - / - Kft-lbs

Recorded references:
- PU / SO / RW : 132 / 112 / 120 Klbs
- Slide/Rotate : 100% / 0%
- Avg ROP : 50 fph
- Inst ROP : 50 fph
- MW In/Out: 9.5 / 9.5 ppg
- ECD : 10.20 ppg
- BHT : 161.6 degF
- Temp in/out : 158/162 ⁰F

Last Survey Update
Survey Depth: 3783.56 ftMD / 3579.57 ftTVD
Incl.: 39.42 deg
Azim.: 334.12 deg
DLS: 3.37 deg/100ft
Ct-Ct: 11.86 ft (2.87 Above, 11.51 Right)

Notes:
- Hole monitoring prior to connection
- Last cutting description: 60% shale, 40% sand (1% sloughing)
- K+ : 43K
- 0.25 ppb PHPA in active system.
- 20 ppb Preventive LCM + 5 ppb Graphite in mud system.
- 4 ppb Soltex added gradually to active system.
- 0.5% Lubricant in active system
- No dynamic loss observed.
- Sweep 20 bbls 120 smf Hi-Vis mud every 3-5 stands drilled.
- LCM pill standby in additional square tank.
- LWD Memory : 47% (70 hrs used / 150 hrs)
"
SEBL,SEBL_001,PHR-05,12/9/2025,12/1/2025 4:00,12/9/2025 20:30,DRLG,PRODCSG,DRILL,TOH,3.5,3.5,8.5,3904,"Found pressure dropped 250 psi. Attempted pumping with several MP combination, but SPP off-bottom still not achieved to 1950 psi (MWD TRPM 3202 c/min). Decided to TOH Bit while troubleshooting MPs.

TOH 8-1/2"" PDC Bit from 3904 ftMD to 2803 ftMD. R/B 14 stds 5"" DP + 4 stds 5"" HWDP. Observed no significant drag while TOH.

Note:
- Set TF on HS prior TOH Bit.
- C/O fluid-end module no.1 of MP#3 with spare, due to found wash-out on mating tapered surface on the module (discharge line) - in progress. Valve seat found wash-out also.

                  ===== After Midnight =====
00:00-05:00
Cont'd TOH 8-1/2"" PDC Bit from 2803 ftMD to 630 ftMD (inside csg).

Note:
- Set TF on HS prior TOH Bit.
- Cont'd C/O fluid-end module no.1 of MP#3 with spare, due to found wash-out on mating tapered surface on the module (discharge line) - in progress
- Found no significant drag during TOH
- R/B total 32 stds 5"" DP + 20 stds 5"" HWDP
- R/B 1 jt 5"" HWDP + 6-1/2"" Hydraulic Jar
- Monitor hole, well static."
SEBL,SEBL_001,PHR-05,12/10/2025,12/1/2025 4:00,12/10/2025,DRLG,PRODCSG,DRILL,TOH,5,5,8.5,3904,"Cont'd TOH 8-1/2"" PDC Bit from 2803 ftMD to 630 ftMD (inside csg).

Note:
- Set TF on HS prior TOH Bit.
- Cont'd C/O fluid-end module no.1 of MP#3 with spare, due to found wash-out on mating tapered surface on the module (discharge line) - in progress
- Found no significant drag during TOH
- R/B total 32 stds 5"" DP + 20 stds 5"" HWDP
- R/B 1 jt 5"" HWDP + 6-1/2"" Hydraulic Jar
- Monitor hole, well static."
SEBL,SEBL_001,PHR-05,12/10/2025,12/1/2025 4:00,12/10/2025 5:00,DRLG,PRODCSG,DRILL,EQRPR,12,12,8.5,3904,"Repair Mud Pump

Notes :
- C/O fluid-end module MP#3 due to wash out
- C/O seating fluid end MP#3
- Check all seating and insert valve MP#3
- Check screen suction line MP#3
- Visual check MP#1 & MP#2 normal, no anomaly.
- Current bit position 630 ftMD (inside casing).

- Combination test Mud Pump #1, Mud Pump #2, & Mud Pump #3
1. MP#1 & MP#2 combination performance test : 450 gpm/ 660 psi / 2344 c/min (shallow test 450 gpm / 800 psi / 2226 c/min) 	
2. MP#2 & MP#3 combination performance test : 446 gpm/ 660 psi / 2305 c/min (shallow test 450 gpm / 820 psi / 2226 c/min) 
3. MP#1 & MP#3 combination performance test : 458 gpm/ 668 psi / no reading (shallow test 450 gpm / 800 psi / 2226 c/min) 
- Discuss w/ Asst. Manager DRL OPS SLS 3, decided to completely disassemble Mud Pump #1, Mud Pump #2, Mud Pump #3.

- Repair Seal Cover Mud Pump #2
- After completely reassemble mud pump #1, #2, and #3. decided to conduct combination test @ 783 ftMD
1. MP#1 & MP#2 557 gpm 1014 psi 2930 c/min
2. MP#1 & MP#3 554 gpm 1016 psi 2930 c/min
3. MP#1 & MP#2 553 gpm 1010 psi 2891 c/min
- All pressure still 200 psi lower compared to drilling SPP"
SEBL,SEBL_001,PHR-05,12/10/2025,12/1/2025 4:00,12/10/2025 17:00,DRLG,PRODCSG,DRILL,TIH,7,7,8.5,3904,"Re-TIH 8-1/2"" PDC Bit + Directional BHA#2 from 630 ftMD to 3850 ftMD.

Note :
- No significant tag obesrved during TIH
- Keep fill up string
- Recorded parameter at :
>> Baseline#1 TIH stand#17 @ 2312 ftMD
Depth : 2312 ft-MD
Pump On  600 gpm
P/U : 89 klbs
S/O : 86 klbs
R/W : 87  klbs
RPM : 40 rpm
Off Btm Torque : 1 ft-klbs
Pressure : 1570 psi
MWD Turbine RPM : 3164 c/min
MW /ECD: 9.5/  ppg
 
Pump OFF 
P/U : 92 klbs
S/O : 89 klbs

>>Baseline#2 TIH stand#22 @ 2558 ftMD
Depth : 2558 ft-MD
Pump On  605 gpm
P/U : 94 klbs
S/O : 90 klbs
R/W : 93  klbs
RPM : 40 rpm
Off Btm Torque : 1.5 ft-klbs
Pressure : 1650 psi
MWD Turbine RPM : 3203 c/min
MW /ECD: 9.5/  ppg
 
Pump OFF 
P/U : 99 klbs
S/O : 91 klbs

>>Baseline#3 TIH stand#37 @ 3850 ftMD
Depth : 3850 ft-MD
Pump On  605 gpm
P/U : 130 klbs
S/O : 106 klbs
R/W : 117  klbs
RPM : 40 rpm
Off Btm Torque : 4 ft-klbs
Pressure : 1880 psi
MWD Turbine RPM 3164 c/min
MW /ECD: 9.5/  ppg
 
Pump OFF 
P/U : 140 klbs
S/O : 111 klbs

                  ===== After Midnight =====
00:00-02:30
Washdown to 3094 ftMD (last drilled depth).
Slow progress (got hanging indication).

Note:
- Add lubricant to 0.75% into system.

02:30-05:00
Cont'd Pattern Drilling 8-1/2"" Landing Section from 3904 ftMD to 3926 ftMD

Drilling parameter:
- WOB : 12 Klbs
- Flow Rate : 600 gpm
- RPM : 60
- Pump Press (Off/On) : 1890 / 1950 psi
- Torque (Off/On) : 4.8 / 3.8 Kft-lbs

Recorded references:
- PU / SO / RW : 131 / 113 / 121 Klbs
- Slide/Rotate : 18% / 82%
- Avg ROP : 8.8 fph
- Inst ROP : 46.8 fph
- MW In/Out: 9.5 / 9.5 ppg
- ECD : 10.13 ppg
- BHT : 159.8 degF
- Temp in/out : 152⁰F/ 156⁰F"
SEBL,SEBL_001,PHR-05,12/11/2025,12/1/2025 4:00,12/11/2025,DRLG,PRODCSG,DRILL,TIH,2.5,2.5,8.5,3904,"Washdown to 3094 ftMD (last drilled depth).
Slow progress (got hanging indication).

Note:
- Add lubricant to 0.75% into system."
SEBL,SEBL_001,PHR-05,12/11/2025,12/1/2025 4:00,12/11/2025 2:30,DRLG,PRODCSG,DRILL,DRLDD,3.5,,8.5,3979,"Cont'd Pattern Drilling 8-1/2"" Landing Section from 3904 ftMD to 3979 ftMD.

Drilling parameter:
- WOB : 12 Klbs
- Flow Rate : 600 gpm
- RPM : 60
- Pump Press (Off/On) : 1890 / 1950 psi
- Torque (Off/On) : 4.8 / 3.8 Kft-lbs

Recorded references:
- PU / SO / RW : 131 / 113 / 121 Klbs
- Slide/Rotate : 18% / 82%
- Avg ROP : 30.4 fph
- Inst ROP : 41 fph
- MW In/Out: 9.5 / 9.5 ppg
- ECD : 10.12 ppg
- BHT : 161.6 degF
- Temp in/out : 152⁰F/ 156⁰F

Last Survey:
Survey Depth: 3908.86 ftMD / 3672.68 ftTVD
Incl.: 45.25 deg
Azim.: 333.33 deg
DLS: 5.85 deg/100ft
Ct-Ct: 10.82 ft (3.61 Above , 10.2 Right )

Notes:
- Hole monitoring prior to connection
- Last cutting description: ??% shale, ??% sand (<1% sloughing)
- K+ : 43K
- 0.25 ppb PHPA in active system.
- 20 ppb Preventive LCM + 5 ppb Graphite in mud system.
- 4 ppb Soltex added gradually to active system.
- 0.75% Lubricant in active system
- No dynamic loss observed.
- Sweep 20 bbls 120 smf Hi-Vis mud every 3-5 stands drilled.
- LCM pill standby in additional square tank.

Marker	 TVD Plan   TVD Actual      Diff	
T_D	     2073.79    2078.84    5.05 ft Coming Low
T_BK	     2409.48    2420.97  11.49 ft Coming Low
T_BN	     3065.45    3088.29  22.84 ft Coming Low
T_MN	     3418.49    3420.54    2.05 ft Coming Low
T_PM3250 3630.49    3643.66  13.17 ft Coming Low
T_BSH	     3655.49    3660.88    5.39 ft Coming Low

	
"
SEBL,SEBL_001,PHR-05,12/11/2025,12/1/2025 4:00,12/11/2025 6:00,DRLG,PRODCSG,DRILL,DRLDD,6,,8.5,4105,"Cont'd Pattern Drilling 8-1/2"" Landing Section from 3979 ftMD to 4105 ftMD.

Drilling parameter:
- WOB : 12 Klbs
- Flow Rate : 600 gpm
- RPM : 60
- Pump Press (Off/On) : 1890 / 1980 psi
- Torque (Off/On) : 4.0 / 4.2 Kft-lbs

Recorded references:
- PU / SO / RW : 134 / 114 / 122 Klbs
- Slide/Rotate : 64% / 36%
- Avg ROP : 21 fph
- Inst ROP : 54 fph
- MW In/Out: 9.5 / 9.5 ppg
- ECD : 10.07 ppg
- BHT : 165.2 degF
- Temp in/out : 158⁰F/ 160⁰F

Last Survey:
Survey Depth: 3846.48 ftMD / 3627.39 ftTVD
Incl.: 41.63 deg
Azim.: 333.93 deg
DLS: 3.52 deg/100ft
Ct-Ct: 11.45 ft (3.12 Above , 11.01 Right )

Notes:
- Hole monitoring prior to connection
- Last cutting description: 100% shale, 0% sand (<1% sloughing)
- K+ : 43K
- 0.25 ppb PHPA in active system.
- 20 ppb Preventive LCM + 5 ppb Graphite in mud system.
- 4 ppb Soltex added gradually to active system.
- 0.75% Lubricant in active system
- No dynamic loss observed.
- Sweep 20 bbls 120 smf Hi-Vis mud every 3-5 stands drilled.
- LCM pill standby in additional square tank."
SEBL,SEBL_001,PHR-05,12/11/2025,12/1/2025 4:00,12/11/2025 12:00,DRLG,PRODCSG,DRILL,DRLDD,6,,8.5,4293,"Cont'd Pattern Drilling 8-1/2"" Landing Section from 4105 ftMD to 4293 ftMD.

Drilling parameter:
- WOB : 5-14 Klbs
- Flow Rate : 600 gpm
- RPM : 60
- Pump Press (Off/On) : 2050 / 2100 psi
- Torque (Off/On) : 4.3 / 5.0 Kft-lbs

Recorded references:
- PU / SO / RW : 135 / 111 / 120 Klbs
- Slide/Rotate : 34% / 66%
- Avg ROP : 27.2 fph
- Inst ROP : 47.4 fph
- MW In/Out: 9.5 / 9.5+ ppg
- ECD : 10.09 ppg
- BHT : 168.8 degF
- Temp in/out : 158⁰F/ 162⁰F

Last Survey:
Survey Depth: 4222.76 ftMD / 3861.94 ftTVD
Incl.: 59.44 deg
Azim.: 334.47 deg
DLS: 4.44 deg/100ft
Ct-Ct: 5.21 ft (2.63 Above , 4.5 Right )

Notes:
- Hole monitoring prior to connection
- Last cutting description: 100% shale, 0% sand (<1% sloughing)
- K+ : 43K
- 0.25 ppb PHPA in active system.
- 20 ppb Preventive LCM + 5 ppb Graphite in mud system.
- 4 ppb Soltex added gradually to active system.
- 0.75% Lubricant in active system
- No dynamic loss observed.
- Sweep Tandem 30 bbls 36 smf & 20 bbls 180 smf Hi-Vis mud every 3-4 stands drilled.
- LCM pill standby in additional square tank."
SEBL,SEBL_001,PHR-05,12/11/2025,12/1/2025 4:00,12/11/2025 18:00,DRLG,PRODCSG,DRILL,CC,1.5,,8.5,4293,"Sweep Tandem 30 bbls 36 smf & 20 bbls 180 smf Hi-Vis mud. CHC 2x bottom-up with FR 600 gpm (1970 psi) & 30 rpm until no significant cutting observed on shakers.

Record Baseline #4 parameter at depth 4293 ftMD.
Depth : 4293 ft-MD
Pump On  605 gpm
P/U : 133 klbs
S/O : 111 klbs
R/W : 118 klbs
RPM : 40 rpm
Off Btm Torque : 3.8 ft-klbs
Pressure : 1970 psi
MW /ECD: 9.5/ 10.07 ppg
 
Pump OFF 
P/U : 140 klbs
S/O : 113 klbs"
SEBL,SEBL_001,PHR-05,12/11/2025,12/1/2025 4:00,12/11/2025 19:30,DRLG,PRODCSG,DRILL,TOH,2.5,,8.5,4293,"TOH 8-1/2"" PDC Bit + Directional BHA#2 from 4293 ftMD to 3854 ftMD (Baseline #3) for short trip purpose as per program. R/B 7 stds 5"" DP. 

Notes :
- Monitor hole prior to TOH. Well static.
- Got OP 10 klbs at 4278 ftMD. Continue CHC with 600 gpm (2000 psi) while increasing lubricant to 1% into active system. Attempt TOH pump off. OK.
- Found no other significant drag during TOH.
- Keep well full."
SEBL,SEBL_001,PHR-05,12/11/2025,12/1/2025 4:00,12/11/2025 22:00,DRLG,PRODCSG,DRILL,TIH,2,,8.5,4293,"Re-TIH from 3854 ftMD to 4106 ftMD.

Baseline#3  stand#37 @ 3850 ftMD (befor re-TIH)
Depth : 3850 ft-MD
Pump On  600 gpm
P/U : 130 klbs
S/O : 108 klbs
R/W : 119  klbs
RPM : 40 rpm
Off Btm Torque : 3.4 ft-klbs
Pressure : 1930 psi
MW /ECD: 9.5/  ppg
 
Pump OFF 
P/U : 138 klbs
S/O : 110 klbs

Note:
- Got tag 10 klbs at 3857 ftMD. Connect with TDS, washdown and ream up with 600 gpm. Attempt to TIH with pump off. OK.
- Got tag 10 klbs at 4106 ftMD. Connect with TDS.

                  ===== After Midnight =====
00:00-01:00
Re-TIH from 4106 ftMD to 4293 ftMD (Baseline #4).

Baseline#4 after trip @ 4293 ftMD:
Depth : 4293 ft-MD
Pump On  605 gpm
P/U : 132 klbs
S/O : 110 klbs
R/W : 120 klbs
RPM : 40 rpm
Off Btm Torque : 3.8 ft-klbs
Pressure : 1970 psi
MW /ECD: 9.5/ 10.43 ppg
 
Pump OFF 
P/U : 138 klbs
S/O : 108 klbs

Note:
- Got tag 10 klbs at 4106 ftMD. Connect with TDS and circulate with 600 gpm. Attempt to TIH with pump off. OK.

01:00-05:00
Cont'd Pattern Drilling 8-1/2"" Landing Section from 4293 ftMD to 4386 ftMD.

Drilling parameter:
- WOB : 5-15 Klbs
- Flow Rate : 600 gpm
- RPM : 60
- Pump Press (Off/On) : 2000 / 2100 psi
- Torque (Off/On) : 4.8 / 5.2 Kft-lbs

Recorded references:
- PU / SO / RW : 132 / 110 / 117 Klbs
- Slide/Rotate : 63% / 37%
- Avg ROP : 23.3 fph
- Inst ROP : 37.5 fph
- MW In/Out: 9.5+ / 9.6 ppg
- ECD : 10.09 ppg
- BHT : 167 degF
- Temp in/out : 158⁰F/ 162⁰F

Last Survey:
Survey Depth: 4283.06 ftMD / 3891.84 ftTVD
Incl.: 61.11 deg
Azim.: 334.38 deg
DLS: 2.77 deg/100ft
Ct-Ct: 4.95 ft (2.69 Above , 4.15 Right )

Notes:
- Hole monitoring prior to connection
- Last cutting description: 95% shale, 5% sand (<1% sloughing)
- K+ : 43K
- 0.25 ppb PHPA in active system.
- 20 ppb Preventive LCM + 5 ppb Graphite in mud system.
- 4 ppb Soltex added gradually to active system.
- 1% Lubricant in active system
- No dynamic loss observed."
SEBL,SEBL_001,PHR-05,12/12/2025,12/1/2025 4:00,12/12/2025,DRLG,PRODCSG,DRILL,TIH,1,,8.5,4293,"Re-TIH from 4106 ftMD to 4293 ftMD (Baseline #4).

Baseline#4 after trip @ 4293 ftMD:
Depth : 4293 ft-MD
Pump On  605 gpm
P/U : 132 klbs
S/O : 110 klbs
R/W : 120 klbs
RPM : 40 rpm
Off Btm Torque : 3.8 ft-klbs
Pressure : 1970 psi
MW /ECD: 9.5/ 10.43 ppg
 
Pump OFF 
P/U : 138 klbs
S/O : 108 klbs

Note:
- Got tag 10 klbs at 4106 ftMD. Connect with TDS and circulate with 600 gpm. Attempt to TIH with pump off. OK."
SEBL,SEBL_001,PHR-05,12/12/2025,12/1/2025 4:00,12/12/2025 1:00,DRLG,PRODCSG,DRILL,DRLDD,5,,8.5,4417,"Cont'd Pattern Drilling 8-1/2"" Landing Section from 4293 ftMD to 4417 ftMD.

Drilling parameter:
- WOB : 5-15 Klbs
- Flow Rate : 600 gpm
- RPM : 60
- Pump Press (Off/On) : 2000 / 2100 psi
- Torque (Off/On) : 4.8 / 5.2 Kft-lbs

Recorded references:
- PU / SO / RW : 133 / 107 / 118 Klbs
- Slide/Rotate : 65% / 35%
- Avg ROP : 30 fph
- Inst ROP : 31.6 fph
- MW In/Out: 9.5+ / 9.6 ppg
- ECD : 10.29 ppg
- BHT : 167 degF
- Temp in/out : 160⁰F/ 164⁰F

Last Survey:
Survey Depth: 4283.06 ftMD / 3891.84 ftTVD
Incl.: 61.11 deg
Azim.: 334.38 deg
DLS: 2.77 deg/100ft
Ct-Ct: 4.95 ft (2.69 Above , 4.15 Right )

Notes:
- Hole monitoring prior to connection
- Last cutting description: 100% shale, 0% sand (<1% sloughing)
- K+ : 43K
- 0.25 ppb PHPA in active system.
- 20 ppb Preventive LCM + 5 ppb Graphite in mud system.
- 4 ppb Soltex added gradually to active system.
- 1% Lubricant in active system
- No dynamic loss observed.
- Sweep Tandem 30 bbls 36 smf & 20 bbls 180 smf Hi-Vis mud every 3-4 stands drilled.
- LCM pill standby in additional square tank.

Marker        | TVD Plan | TVD Act. | Diff
T_D            | 2073.79 | 2078.84     | 5.05 ft Coming Low
T_BK          | 2409.48 | 2420.97     | 11.49 ft Coming Low
T_BN          | 3065.45 | 3088.29     | 22.84 ft Coming Low
T_MN         | 3418.49 | 3420.54     | 2.05 ft Coming Low
T_PM3250 | 3630.49 | 3643.66     | 13.17 ft Coming Low
T_BSH       | 3655.49 | 3660.88     | 5.39 ft Coming Low"
SEBL,SEBL_001,PHR-05,12/12/2025,12/1/2025 4:00,12/12/2025 6:00,DRLG,PRODCSG,DRILL,CC,1,,8.5,4417,"Perform downlink to LWD. Sent command to LWD by adjusting FR 500 - 600 gpm (SPP: 1400 - 2000 psi).

Note:
- Geosteering team required resistivity dataframe to be sent by LWD.
- Rotate with 20 rpm."
SEBL,SEBL_001,PHR-05,12/12/2025,12/1/2025 4:00,12/12/2025 7:00,DRLG,PRODCSG,DRILL,DRLDD,5,,8.5,4479,"Cont'd Pattern Drilling 8-1/2"" Landing Section from 4417 ftMD to 4479 ftMD.

Drilling parameter:
- WOB : 5-20 Klbs
- Flow Rate : 600 gpm
- RPM : 60
- Pump Press (Off/On) : 2030 / 2100 psi
- Torque (Off/On) : 4.8 / 5.2 Kft-lbs

Recorded references:
- PU / SO / RW : 133 / 108 / 119 Klbs
- Slide/Rotate : 65% / 35%
- Avg ROP : 12 fph
- Inst ROP : 16 fph
- MW In/Out: 9.5+ / 9.6 ppg
- ECD : 10.25 ppg
- BHT : 172.4 degF
- Temp in/out : 158⁰F/ 162⁰F

Last Survey:
Survey Depth: 4406.49 ftMD / 3945.52 ftTVD
Incl.: 67.32 deg
Azim.: 334.41 deg
DLS: 5.06 deg/100ft
Ct-Ct: 3.51 ft (1.89 Above , 2.96 Right )

Notes:
- Hole monitoring prior to connection
- Last cutting description: 100% shale, 0% sand (<1% sloughing)
- K+ : 43K
- 0.25 ppb PHPA in active system.
- 20 ppb Preventive LCM + 5 ppb Graphite in mud system.
- 4 ppb Soltex added gradually to active system.
- 1.5% Lubricant in active system
- No dynamic loss observed.
- Sweep Tandem 30 bbls 36 smf & 20 bbls 180 smf Hi-Vis mud every 3 stands drilled.
- LCM pill standby in additional square tank.
- Experience hanging several times during 4417 ftMD - 4479 ftMD.

Marker        | TVD Plan | TVD Act. | Diff
T_D            | 2073.79 | 2078.84     | 5.05 ft Coming Low
T_BK          | 2409.48 | 2420.97     | 11.49 ft Coming Low
T_BN          | 3065.45 | 3088.29     | 22.84 ft Coming Low
T_MN         | 3418.49 | 3420.54     | 2.05 ft Coming Low
T_PM3250 | 3630.49 | 3643.66     | 13.17 ft Coming Low
T_BSH       | 3655.49 | 3660.88     | 5.39 ft Coming Low"
SEBL,SEBL_001,PHR-05,12/12/2025,12/1/2025 4:00,12/12/2025 12:00,DRLG,PRODCSG,DRILL,DRLDD,5,,8.5,4541,"Cont'd Pattern Drilling 8-1/2"" Landing Section from 4479 ftMD to 4541 ftMD.

Drilling parameter:
- WOB : 5-20 Klbs
- Flow Rate : 600 gpm
- RPM : 60
- Pump Press (Off/On) : 2000 / 2090 psi
- Torque (Off/On) : 5.0 / 5.4 Kft-lbs

Recorded references:
- PU / SO / RW : 131 / 107 / 117 Klbs
- Slide/Rotate : 73% / 27%
- Avg ROP : 15 fph
- Inst ROP : 41 fph
- MW In/Out: 9.6/ 9.6+ ppg
- ECD : 10.21 ppg
- BHT : 172.2 degF
- Temp in/out : 160⁰F/ 164⁰F

Last Survey:
Survey Depth: 4464.58 ftMD / 3966.3 ftTVD
Incl.: 70.75 deg
Azim.: 334.97 deg
DLS: 5.98 deg/100ft
Ct-Ct: 3.07 ft (1.31 Above , 2.78 Right )

Notes:
- Hole monitoring prior to connection
- Last cutting description: 98% shale, 2% sand (<1% sloughing)
- K+ : 43K
- 0.25 ppb PHPA in active system.
- 20 ppb Preventive LCM + 5 ppb Graphite in mud system.
- 4 ppb Soltex added gradually to active system.
- 1.5% Lubricant in active system
- No dynamic loss observed.
- Sweep Tandem 30 bbls 36 smf & 20 bbls 180 smf Hi-Vis mud every 3 stands drilled.
- LCM pill standby in additional square tank.
- Experience hanging several times during 4417 ftMD - 4479 ftMD.

Marker        | TVD Plan | TVD Act. | Diff
T_D            | 2073.79 | 2078.84     | 5.05 ft Coming Low
T_BK          | 2409.48 | 2420.97     | 11.49 ft Coming Low
T_BN          | 3065.45 | 3088.29     | 22.84 ft Coming Low
T_MN         | 3418.49 | 3420.54     | 2.05 ft Coming Low
T_PM3250 | 3630.49 | 3643.66     | 13.17 ft Coming Low
T_BSH       | 3655.49 | 3660.88     | 5.39 ft Coming Low
T_PM3650 | 3975.49 | 3951.29     | -24.20 ft Coming High"
SEBL,SEBL_001,PHR-05,12/12/2025,12/1/2025 4:00,12/12/2025 17:00,DRLG,PRODCSG,DRILL,DRLROT,6.5,,8.5,4729,"Cont'd Rotate Drilling 8-1/2"" Landing Section from 4541 ftMD to 4729 ftMD (Baseline #5).
Pump placement interval: 4534 - 4720 ftMD

Drilling parameter:
- WOB : 5-7 Klbs
- Flow Rate : 600 gpm
- RPM : 80
- Pump Press (Off/On) : 2000 / 2050 psi
- Torque (Off/On) : 5.3 / 5.7 Kft-lbs

Recorded references:
- PU / SO / RW : 134 / 116 / 123 Klbs
- Slide/Rotate : 0% / 100%
- Avg ROP : 28.1 fph
- Inst ROP : 39 fph
- MW In/Out: 9.6/ 9.6 ppg
- ECD : 10.25 ppg
- BHT : 174.2 degF
- Temp in/out : 164⁰F/ 170⁰F

Last Survey:
Survey Depth: 4657.29 ftMD / 4018.53 ftTVD
Incl.: 74.81 deg
Azim.: 334.33 deg
DLS: 0.62 deg/100ft
Ct-Ct: 2.35 ft (1.04 Above , 2.11 Right )

Notes:
- Hole monitoring prior to connection
- Last cutting description: 90% shale, 10% sand (<1% sloughing)
- K+ : 43K
- 0.25 ppb PHPA in active system.
- 20 ppb Preventive LCM + 5 ppb Graphite in mud system.
- 4 ppb Soltex added gradually to active system.
- 1.75% Lubricant in active system
- No dynamic loss observed.
- Sweep Tandem 30 bbls 36 smf & 20 bbls 180 smf Hi-Vis mud every 3 stands drilled.
- LCM pill standby in additional square tank.

Marker         | TVD Plan | TVD Act. | Diff
T_D             | 2073.79 | 2078.84     | 5.05 ft Coming Low
T_BK           | 2409.48 | 2420.97     | 11.49 ft Coming Low
T_BN           | 3065.45 | 3088.29     | 22.84 ft Coming Low
T_MN          | 3418.49 | 3420.54     | 2.05 ft Coming Low
T_PM3250   | 3630.49 | 3643.66     | 13.17 ft Coming Low
T_BSH         | 3655.49 | 3660.88     | 5.39 ft Coming Low
T_PM3650   | 3975.49 | 3951.29     | -24.20 ft Coming High
T_PM3770A | 4232.49 | 4005.17     | -27.32 ft Coming High"
SEBL,SEBL_001,PHR-05,12/12/2025,12/1/2025 4:00,12/12/2025 23:30,DRLG,PRODCSG,DRILL,CC,0.5,,8.5,4729,"Sweep Tandem 30 bbls 36 smf & 20 bbls 180 smf Hi-Vis mud. CHC 2x bottom-up with FR 600 gpm (2030 psi) & 30 rpm until no significant cutting observed on shakers.

                  ===== After Midnight =====
00:00-01:00
Cont'd Sweep Tandem 30 bbls 36 smf & 20 bbls 180 smf Hi-Vis mud. CHC 2x bottom-up with FR 600 gpm (2030 psi) & 30 rpm until no significant cutting observed on shakers.

Record Baseline#5 parameter at depth 4729 ftMD (prior short trip)
Depth : 4729 ft-MD
Pump On  602 gpm
P/U : 135 klbs
S/O : 105 klbs
R/W : 118  klbs
RPM : 40 rpm
Off Btm Torque : 5.2 ft-klbs
Pressure : 2030 psi
MW /ECD: 9.6 / 10.25 ppg
 
Pump OFF 
P/U : 140 klbs
S/O : 111 klbs

01:00-03:00
TOH 8-1/2"" PDC Bit + Directional BHA#2 from 4729 ftMD to 4293 ftMD (Baseline #4) for short trip purpose as per program. R/B 7 stds 5"" DP. 

Notes :
- Set toolface to highside prior to TOH
- Monitor hole prior to TOH. Well static.
- Found no significant drag during TOH.
- Keep well full.

03:00-05:00
Re-TIH from 4293 ftMD to 4729 ftMD.

Record Baseline#4 parameter at depth 4293 ftMD (prior re-TIH)
Depth : 4293 ft-MD
Pump On  600 gpm
P/U : 130 klbs
S/O : 111 klbs
R/W : 119 klbs
RPM : 60 rpm
Off Btm Torque : 4.2 ft-klbs
Pressure : 1890 psi
MW /ECD: 9.6 / 10.17 ppg
 
Pump OFF 
P/U : 136 klbs
S/O : 112 klbs

Record Baseline#5 parameter at depth 4729 ftMD (after short trip)
Depth : 4729 ft-MD
Pump On  600 gpm
P/U : 134 klbs
S/O : 105 klbs
R/W : 119 klbs
RPM : 30 rpm
Off Btm Torque : 5 ft-klbs
Pressure : 2050 psi
MW /ECD: 9.6/ 10.22 ppg

Pump OFF 
P/U : 140 klbs
S/O : 107 klbs

Notes :
- Set toolface to highside prior to re-TIH
- Monitor hole prior to re-TIH. Well static.
- Found no significant drag during re-TIH."
SEBL,SEBL_001,PHR-05,12/13/2025,12/1/2025 4:00,12/13/2025,DRLG,PRODCSG,DRILL,CC,1,,8.5,4729,"Cont'd Sweep Tandem 30 bbls 36 smf & 20 bbls 180 smf Hi-Vis mud. CHC 2x bottom-up with FR 600 gpm (2030 psi) & 30 rpm until no significant cutting observed on shakers.

Record Baseline#5 parameter at depth 4729 ftMD (prior short trip)
Depth : 4729 ft-MD
Pump On  602 gpm
P/U : 135 klbs
S/O : 105 klbs
R/W : 118  klbs
RPM : 40 rpm
Off Btm Torque : 5.2 ft-klbs
Pressure : 2030 psi
MW /ECD: 9.6 / 10.25 ppg
 
Pump OFF 
P/U : 140 klbs
S/O : 111 klbs"
SEBL,SEBL_001,PHR-05,12/13/2025,12/1/2025 4:00,12/13/2025 1:00,DRLG,PRODCSG,DRILL,TOH,2,,8.5,4729,"TOH 8-1/2"" PDC Bit + Directional BHA#2 from 4729 ftMD to 4293 ftMD (Baseline #4) for short trip purpose as per program. R/B 7 stds 5"" DP. 

Notes :
- Set toolface to highside prior to TOH
- Monitor hole prior to TOH. Well static.
- Found no significant drag during TOH.
- Keep well full."
SEBL,SEBL_001,PHR-05,12/13/2025,12/1/2025 4:00,12/13/2025 3:00,DRLG,PRODCSG,DRILL,TIH,2,,8.5,4729,"Re-TIH from 4293 ftMD to 4729 ftMD.

Record Baseline#4 parameter at depth 4293 ftMD (prior re-TIH)
Depth : 4293 ft-MD
Pump On  600 gpm
P/U : 130 klbs
S/O : 111 klbs
R/W : 119 klbs
RPM : 60 rpm
Off Btm Torque : 4.2 ft-klbs
Pressure : 1890 psi
MW /ECD: 9.6 / 10.17 ppg
 
Pump OFF 
P/U : 136 klbs
S/O : 112 klbs

Record Baseline#5 parameter at depth 4729 ftMD (after short trip)
Depth : 4729 ft-MD
Pump On  600 gpm
P/U : 134 klbs
S/O : 105 klbs
R/W : 119 klbs
RPM : 30 rpm
Off Btm Torque : 5 ft-klbs
Pressure : 2050 psi
MW /ECD: 9.6/ 10.22 ppg

Pump OFF 
P/U : 140 klbs
S/O : 107 klbs

Notes :
- Set toolface to highside prior to re-TIH
- Monitor hole prior to re-TIH. Well static.
- Found no significant drag during re-TIH."
SEBL,SEBL_001,PHR-05,12/13/2025,12/1/2025 4:00,12/13/2025 5:00,DRLG,PRODCSG,DRILL,DRLDD,6.5,,8.5,4792,"Cont'd Pattern Drilling 8-1/2"" Landing Section from 4729 ftMD to 4792 ftMD.

Drilling parameter:
- WOB : 5-25 Klbs
- Flow Rate : 600 gpm
- RPM : 60
- Pump Press (Off/On) : 1970 / 2010 psi
- Torque (Off/On) : 5.5 / 5.8 Kft-lbs

Recorded references:
- PU / SO / RW : 134 / 105 / 118 Klbs
- Slide/Rotate : 56% / 44%
- Avg ROP : 10 fph
- Inst ROP : 14 fph
- MW In/Out: 9.6/ 9.6+ ppg
- ECD : 10.23 ppg
- BHT : 174.2 degF
- Temp in/out : 164⁰F/ 170⁰F

Last Survey:
Survey Depth: 4720.25 ftMD / 4034.84 ftTVD
Incl.: 75.17 deg
Azim.: 334.21 deg
DLS: 0.6 deg/100ft
Ct-Ct: 1.91 ft (1.12 Above , 1.55 Right)

Notes:
- Hole monitoring prior to connection
- Last cutting description: 40% shale, 30% sand, 30% siltstone (<1% sloughing)
- K+ : 43K
- 0.25 ppb PHPA in active system.
- 20 ppb Preventive LCM + 5 ppb Graphite in mud system.
- 4 ppb Soltex added gradually to active system.
- 2% Lubricant in active system
- No dynamic loss observed.
- Sweep Tandem 30 bbls 36 smf & 20 bbls 180 smf Hi-Vis mud every 3 stands drilled.
- LCM pill standby in additional square tank.
- Got tight spot @ 4761-4762 ftMD, no overpull but got stall during ream up. Decided to smoothen the hole by ream up wash down - success"
SEBL,SEBL_001,PHR-05,12/13/2025,12/1/2025 4:00,12/13/2025 11:30,DRLG,PRODCSG,DRILL,EQRPR,3,3,8.5,4792,"Repair Mud Pump #1 & Mud Pump #3

Notes :
- Slowly POOH from 4792 ftMD to 4293 ftMD while repair Mud Pump #1 & Mud Pump #3
- Change out 5.5"" Liner Gasket Mud Pump #1
- Change out Header Seal Manifold Mud Pump #3
- Check Combination mud pump performance prior re-TIH to bottom :
   1. MP#1 & MP#3 600 gpm, 2010 psi, Turbine RPM : 3200 c/min
   2. MP#2 & MP#3 600 gpm, 2031 psi, Turbine RPM : 3200 c/min
   3. MP#1 & MP#2 600 gpm, 2011 psi, Turbine RPM : 3200 c/min
- Re-TIH 8.5"" PDC Bit w/ directional BHA #2 to bottom (4792 ftMD)
- No tag observed during TIH to bottom"
SEBL,SEBL_001,PHR-05,12/13/2025,12/1/2025 4:00,12/13/2025 14:30,DRLG,PRODCSG,DRILL,DRLDD,4,,8.5,4855,"Cont'd Pattern Drilling 8-1/2"" Landing Section from 4792 ftMD to 4855 ftMD.

Drilling parameter:
- WOB : 5-25 Klbs
- Flow Rate : 600 gpm
- RPM : 60
- Pump Press (Off/On) : 2050 / 2090 psi
- Torque (Off/On) : 5.7 / 6.0 Kft-lbs

Recorded references:
- PU / SO / RW : 134 / 105 / 118 Klbs
- Slide/Rotate : 80% / 20%
- Avg ROP : 18 fph
- Inst ROP : 25 fph
- MW In/Out: 9.6/ 9.6+ ppg
- ECD : 10.32 ppg
- BHT : 172.4 degF
- Temp in/out : 164⁰F/ 170⁰F

Last Survey:
Survey Depth: 4785.02 ftMD / 4049.91 ftTVD
Incl.: 77.91 deg
Azim.: 334.59 deg
DLS: 4.28 deg/100ft
Ct-Ct: 2.26 ft (1.94 Above , 1.16 Right )

Notes:
- Hole monitoring prior to connection
- Last cutting description: 40% shale, 30% sand, 30% siltstone (<1% sloughing)
- K+ : 43K
- 0.25 ppb PHPA in active system.
- 20 ppb Preventive LCM + 5 ppb Graphite in mud system.
- 4 ppb Soltex added gradually to active system.
- 2% Lubricant in active system
- No dynamic loss observed.
- Sweep Tandem 30 bbls 36 smf & 20 bbls 180 smf Hi-Vis mud every 2-3 stands drilled.
- LCM pill standby in additional square tank."
SEBL,SEBL_001,PHR-05,12/13/2025,12/1/2025 4:00,12/13/2025 18:30,DRLG,PRODCSG,DRILL,DRLDD,5.5,,8.5,4921,"Cont'd Pattern Drilling 8-1/2"" Landing Section from 4855 ftMD to 4921 ftMD.

Drilling parameter:
- WOB : 5-27 Klbs
- Flow Rate : 600 gpm
- RPM : 60
- Pump Press (Off/On) : 2020 / 2120 psi
- Torque (Off/On) : 6.1 / 7.2 Kft-lbs

Recorded references:
- PU / SO / RW : 135 / 100 / 118 Klbs
- Slide/Rotate : 45% / 55%
- Avg ROP : 12 fph
- Inst ROP : 21.7 fph
- MW In/Out: 9.6/ 9.6+ ppg
- ECD : 10.30 ppg
- BHT : 174.2 degF
- Temp in/out : 168⁰F/ 172⁰F

Last Survey:
Survey Depth: 4845.38 ftMD / 4061.36 ftTVD
Incl.: 80.23 deg
Azim.: 335.24 deg
DLS: 3.98 deg/100ft
Ct-Ct: 3.24 ft (2.97 Above , 1.31 Right)

Notes:
- Hole monitoring prior to connection
- Last cutting description: 40% shale, 60% sand, 0% siltstone (<1% sloughing)
- K+ : 43K
- 0.25 ppb PHPA in active system.
- 20 ppb Preventive LCM + 5 ppb Graphite in mud system.
- 4 ppb Soltex added gradually to active system.
- 2% Lubricant in active system
- No dynamic loss observed.
- Sweep Tandem 30 bbls 36 smf & 20 bbls 180 smf Hi-Vis mud every 2-3 stands drilled.
- LCM pill standby in additional square tank.

                  ===== After Midnight =====
00:00-05:00
Cont'd Pattern Drilling 8-1/2"" Landing Section from 4921 ftMD to 4994 ftMD.

Drilling parameter:
- WOB : 6-27 Klbs
- Flow Rate : 600 gpm
- RPM : 60
- Pump Press (Off/On) : 2040 / 2060 psi
- Torque (Off/On) : 6.2 / 7.4 Kft-lbs

Recorded references:
- PU / SO / RW : 135 / 100 / 116 Klbs
- Slide/Rotate : 45% / 55%
- Avg ROP : 14.6 fph
- Inst ROP : 17.0 fph
- MW In/Out: 9.6/ 9.6 ppg
- ECD : 10.41 ppg
- BHT : 177.8 degF
- Temp in/out : 170⁰F/ 174⁰F

Last Survey:
Survey Depth: 4907.54 ftMD / 4070.52 ftTVD
Incl.: 82.83 deg
Azim.: 335.32 deg
DLS: 4.19 deg/100ft
Ct-Ct: 4.6 ft (4.24 Above , 1.79 Right )

Note:
- Est. LP at 5205 ftMD / 4098.7 ftTVD (target sand coming low) (lastest discussion w/ Subsurface and Geosteering)"
SEBL,SEBL_001,PHR-05,12/14/2025,12/1/2025 4:00,12/14/2025,DRLG,PRODCSG,DRILL,DRLDD,6,,8.5,5008,"Cont'd Pattern Drilling 8-1/2"" Landing Section from 4921 ftMD to 5008 ftMD.

Drilling parameter:
- WOB : 6-27 Klbs
- Flow Rate : 600 gpm
- RPM : 60
- Pump Press (Off/On) : 2040 / 2060 psi
- Torque (Off/On) : 6.2 / 7.4 Kft-lbs

Recorded references:
- PU / SO / RW : 135 / 100 / 116 Klbs
- Slide/Rotate : 45% / 55%
- Avg ROP : 14.6 fph
- Inst ROP : 17.0 fph
- MW In/Out: 9.6/ 9.6 ppg
- ECD : 10.41 ppg
- BHT : 177.8 degF
- Temp in/out : 170⁰F/ 174⁰F

Last Survey:
Survey Depth: 4907.54 ftMD / 4070.52 ftTVD
Incl.: 82.83 deg
Azim.: 335.32 deg
DLS: 4.19 deg/100ft
Ct-Ct: 4.6 ft (4.24 Above , 1.79 Right )

Notes:
- Hole monitoring prior to connection
- Last cutting description: 5% shale, 85% sand, 10% siltstone (<1% sloughing)
- K+ : 43K
- 0.25 ppb PHPA in active system.
- 20 ppb Preventive LCM + 5 ppb Graphite in mud system.
- 4 ppb Soltex added gradually to active system.
- 2% Lubricant in active system
- No dynamic loss observed.
- Sweep Tandem 30 bbls 36 smf & 20 bbls 180 smf Hi-Vis mud every 2-3 stands drilled.
- LCM pill standby in additional square tank.
- Est. LP at 5205 ftMD / 4098.7 ftTVD (target sand coming low) (lastest discussion w/ Subsurface and Geosteering)"
SEBL,SEBL_001,PHR-05,12/14/2025,12/1/2025 4:00,12/14/2025 6:00,DRLG,PRODCSG,DRILL,EQRPR,1,1,8.5,5008,"Repair Mud Pump #1 & Mud Pump #3

Notes :
- CHC prior TOH with MP1 (330 gpm)
- Swept hivis 30 bbls 180 smf Hi-Vis mud untill reach on surface prior to POOH BHA
- Continue drilling after MP back operation
"
SEBL,SEBL_001,PHR-05,12/14/2025,12/1/2025 4:00,12/14/2025 7:00,DRLG,PRODCSG,DRILL,DRLDD,5,,8.5,5078,"Cont'd Pattern Drilling 8-1/2"" Landing Section from 5008 ftMD to 5078 ftMD.

Drilling parameter:
- WOB : 5-30 Klbs
- Flow Rate : 600 gpm
- RPM : 60
- Pump Press (Off/On) : 2020 / 2060 psi
- Torque (Off/On) : 6.5 / 7.5 Kft-lbs

Recorded references:
- PU / SO / RW : 134 / 100 / 116 Klbs
- Slide/Rotate : 0% / 100%
- Avg ROP : 14 fph
- Inst ROP : 30 fph
- MW In/Out: 9.6/ 9.6 ppg
- ECD : 10.38 ppg
- BHT : 176 degF
- Temp in/out : 170⁰F/ 174⁰F

Last Survey:
Survey Depth: 4971 ftMD / 4076.82 ftTVD
Incl.: 85.78 deg
Azim.: 335.2 deg
DLS: 4.65 deg/100ft
Ct-Ct: 6.43 ft (6.02 ft Above , 2.26 ft Right)

Notes:
- Hole monitoring prior to connection
- Last cutting description: 5% shale, 85% sand, 10% siltstone (<1% sloughing)
- K+ : 43KA
- 0.25 ppb PHPA in active system.
- 20 ppb Preventive LCM + 5 ppb Graphite in mud system.
- 4 ppb Soltex added gradually to active system.
- 2% Lubricant in active system
- No dynamic loss observed.
- Sweep Tandem 30 bbls 36 smf & 20 bbls 180 smf Hi-Vis mud every 2-3 stands drilled.
- LCM pill standby in additional square tank.
- Got decision to set LP at 5105 ftMD f/ Geosteering team

Mud properties
Sample : Active
Temp in/out : 170/174 ⁰F
MW : 9.6 ppg
Vis : 55
600/300 : 61/46
200/100 : 37/31
6/3 : 11/10
LSRYP : 9
PV/YP : 15/31
Gel 10'/10"" : 11/15
Mud Cake : 1
Filtrate : 4.6
pH : 10
K+ : 43000 mg/lt
Cl- : 57000 mg/lt
Tot. Hardness : 80
MBT : 8.75
Retort water : 91
Uncorrected solids : 9
Sand content : 0.4
"
SEBL,SEBL_001,PHR-05,12/14/2025,12/1/2025 4:00,12/14/2025 12:00,DRLG,PRODCSG,DRILL,DRLDD,3,,8.5,5105,"Cont'd Pattern Drilling 8-1/2"" Landing Section from 5078 ftMD to 5105  ftMD.

Drilling parameter:
- WOB : 8-30 Klbs
- Flow Rate : 600 gpm
- RPM : 60
- Pump Press (Off/On) : 2020 / 2080 psi
- Torque (Off/On) : 6.8 / 7.7 Kft-lbs

Recorded references:
- PU / SO / RW : 133 / 99 / 115 Klbs
- Slide/Rotate : 80% / 20%
- Avg ROP : 8.5 fph
- Inst ROP : 34 fph
- MW In/Out: 9.6/ 9.6 ppg
- ECD : 10.42 ppg
- BHT : 177.8 degF
- Temp in/out : 170⁰F/ 174⁰F

Last Survey:
Survey Depth: 5032.74 ftMD / 4081.45 ftTVD
Incl : 85.58 deg
Azim : 334.82 deg
DLS: 0.69 deg/100ft
Ct-Ct: 7.17 ft (6.74 ft Above , 2.44 ft Right)

Projection to Landing Point:
Survey Depth : 5105 ftMD / 4085.18 ftTVD
Incl : 88.5 deg
Azim : 335 deg
DLS : 4.05 deg/100ft
Ct-Ct : 7.4 ft (6.95 ft Above , 2.55 ft Right)

Notes:
- Hole monitoring prior to connection
- Last cutting description: 50% shale, 40% sand, 10% siltstone (<1% sloughing)
- K+ : 43KA
- 0.25 ppb PHPA in active system.
- 20 ppb Preventive LCM + 5 ppb Graphite in mud system.
- 4 ppb Soltex added gradually to active system.
- 2% Lubricant in active system
- No dynamic loss observed.
- Sweep Tandem 30 bbls 36 smf & 20 bbls 180 smf Hi-Vis mud every 2-3 stands drilled.
- LCM pill standby in additional square tank.
- Got decision to set LP at 5105 ftMD f/ Geosteering team
- Found MP #1 problem on bearing pinion power end, switch to MP #2 #3 drilling to LP

Mud properties
Sample : Active
Temp in/out : 170/174 ⁰F
MW : 9.6 ppg
Vis : 56
600/300 : 61/46
200/100 : 38/31
6/3 : 11/10
LSRYP : 9
PV/YP : 15/31
Gel 10'/10"" : 11/15
Mud Cake : 1
Filtrate : 4.6
pH : 10
K+ : 43000 mg/lt
Cl- : 58000 mg/lt
Tot. Hardness : 80
MBT : 8.75
Retort water : 91
Uncorected solids : 9
Sand content : 0.4"
SEBL,SEBL_001,PHR-05,12/14/2025,12/1/2025 4:00,12/14/2025 15:00,DRLG,PRODCSG,DRILL,CC,5,,8.5,5105,"CHC 2X Bottoms up w/ 600 gpm, RPM 30, SPP: 2100 psi.
- Swept tandem lovis-hivis 2x30 bbls 180 smf Hi-Vis mud untill reach on surface

Note:
- Ensure clean return on shaker after CHC
- Record baseline prior to TOH BHA
- Found MP #2 problem (leaking on rubber piston) 
- Mixed and pump 0.2 ppg trip margin before TOH 8.5"" directional BHA, actual MW on system 9.8 ppg
- Fill up trip tank for TOH preparation
- Mixed and Pump 40 bbls 11ppg slug prior toTOH BHA 
- Monitor and ensure well static after pump off - OK

Baseline parameter @ 5105 ftMD (8-1/2"" CP Landing Point)

Depth : 5105 ft-MD
Pump On  600 gpm
P/U : 135 klbs
S/O : 100 klbs
R/W : 115  klbs
RPM : 40 rpm
Off Btm Torque : 6 ft-klbs
Pressure : 2080 psi
MW /ECD: 9.6/ 10.40 ppg
 
Pump OFF 
P/U : 140 klbs
S/O : 107 klbs

"
SEBL,SEBL_001,PHR-05,12/14/2025,12/1/2025 4:00,12/14/2025 20:00,DRLG,PRODCSG,DRILL,TOH,4,,8.5,5105,"TOH 8-1/2"" PDC Bit + Directional BHA #3. Bit Position at 4100 ftMD.

Notes: 
- No excessive drag observed during trip
- Observed well static
- Filled up well thru Trip Tank
- Hard connetion during disconnecting DP stand

======After Midnight=======
00:00 - 05:00
Cont'd TOH 8-1/2"" PDC Bit + Directional BHA #3. Bit Position at 2190 ftMD.

Notes: 
- No excessive drag observed during trip
- Observed well static
- Filled up well thru Trip Tank
- Hard connetion during disconnecting DP stand"
SEBL,SEBL_001,PHR-05,12/15/2025,12/1/2025 4:00,12/15/2025,DRLG,PRODCSG,DRILL,TOH,5,,8.5,5105,"Cont'd TOH 8-1/2"" PDC Bit + Directional BHA #3. Bit Position at 2190 ftMD.

Notes: 
- No excessive drag observed during trip
- Observed well static
- Filled up well thru Trip Tank
- Hard connetion during disconnecting DP stand"
SEBL,SEBL_001,PHR-05,12/15/2025,12/1/2025 4:00,12/15/2025 5:00,DRLG,PRODCSG,DRILL,TOH,3,,8.5,5105,"Cont'd TOH 8-1/2"" PDC Bit + Directional BHA #3 to surface
- R/B 114 jts 5"" DP
- R/B 14 jts 5"" HWDP + 1 ea 6-1/2"" Dual Acting Hydraulic Jar

Notes: 
- No excessive drag observed during POOH
- Observed well static
- Filled up well thru Trip Tank
- Found Hard connetion during disconnecting DP stand"
SEBL,SEBL_001,PHR-05,12/15/2025,12/1/2025 4:00,12/15/2025 8:00,DRLG,PRODCSG,DRILL,BHAPU/LD,3,,8.5,5105,"L/D 8-1/2"" PDC Bit + Directional BHA #3 (Motor A675M7850XP  +  6-3/4” OD Float Sub c/w Float Valve (NP)  + 7-1/2"" String Stabilizer + A RC-6  (GR, RES, APWD) installed with zinc + MWD 6 3/4"" TeleScope + 6-3/4"" NMDC)

P_SEBL-MSF25_0001_Run3
AKO Motor : 1.50 deg 
RPG Motor : 0.28 rev/gal

Motor Bearing Gap in/out = 1 mm / 6 mm

Dir Sensor Distance = 70.06 ft
PWD Sensor Distance = 43.68 ft
Zinc Sensor Distance = 36.40 ft
Resistivity Sensor Distance = 47.31 ft
Gamma Ray Sensor Distance = 41.65 ft
TFO : 245.82 deg

Total Circulating Time of : 
* 6-3/4” Motor in/out = 0 / 176.65 hours
* 6-3/4” Float Sub in/out =  0 / 176.65 hours
* 7-1/2"" String Stabilizer =  0 / 176.65 hours
* 6-3/4"" ARC LWD in/out = 0 / 176.65 hours
* 6-3/4"" Telescope MWD  = 0 / 176.65 hours
* 6-3/4"" NMDC in/out =  0 / 176.65 hours
* 6-1/2 Drilling Jar = 8.98 / 185.63 hours

Jar Setting
Up = 90
Down = 50
Delay = 78 sec

Bit PDC 8-1/2"" 
Manufacture : HDBS
S/N : 14458159
RR   : new
Nozzle : 4 x 13, 3 x 12
TFA.   : 0.85 sq.in

Dull Grade:
In  : NEW 
Out : 1-1-CT-N-X-IN-NO-TD
"
SEBL,SEBL_001,PHR-05,12/15/2025,12/1/2025 4:00,12/15/2025 11:00,DRLG,PRODCSG,DRILL,TIH,4,,8.5,5105,"M/U & TIH 8-1/2"" PDC HO + Bit Sub 4-1/2"" Reg x 4-1/2"" IF + 6 jts 5"" HWDP + 12 jts 5"" DP + 7 jts 5"" DP + 1 ea 6-1/2"" Dual Acting Hydraulic Jar + 14 jts 5"" DP, on depth 1172 ftMD

Notes:
- No found tagged during TIH to bottom
- Break circulation on casing shoe @660 ftMD, FR : 600 GPM, PP : 570 psi, full return
- Break circulation on depth 1170 ftMD, PP : FR : 600 GPM, PP : 600 psi, full return
- Found problem engine TDS (Could not make up/break out/ rotate connection)
- Found problem on throtlle MP #3
- Decided to POOH BHA to shoe, R/B 14 jts 5"" DP + 4 jts 5"" HWDP"
SEBL,SEBL_001,PHR-05,12/15/2025,12/1/2025 4:00,12/15/2025 15:00,DRLG,PRODCSG,DRILL,EQRPR,3,3,8.5,5105,"Repair MP #3 due to engine problem
- POOH BHA to shoe.
- MP #1 under repair 
- Only MP #2 ready to use
- Found governer of MP #3 broken. Repair. OK
- Re-TIH to 1172 ftMD."
SEBL,SEBL_001,PHR-05,12/15/2025,12/1/2025 4:00,12/15/2025 18:00,DRLG,PRODCSG,DRILL,TIH,6,,8.5,5105,"Continue PDC TIH 8-1/2"" HO + Bit Sub 4-1/2"" Reg x 4-1/2"" IF + 6 jts 5"" HWDP + 12 jts 5"" DP + 7 jts 5"" DP + 1 ea 6-1/2"" Dual Acting Hydraulic Jar + 20 jts 5"" DP + 18 jts 5"" HWDP + 6 jts 5"" DP + 4 jts 5"" HWDP + 10 jts 5"" DP + 12 jts 5"" HWDP + 70 jts 5"" DP, to depth 3127 ftMD

Notes:
- No found tagged during TIH to bottom
- Break circulation on depth 1602 ftMD, PP : FR : 400 GPM, PP : 450 psi, full return
- Break circulation on depth 2580 ftMD, PP : FR : 400 GPM, PP : 600 psi, full return
- Break circulation on depth 3002 ftMD, PP : FR : 400 GPM, PP : 700 psi, full return

======After Midnight=======
00:00 - 05:00
Continue TIH 8-1/2"" HO + Bit Sub 4-1/2"" Reg x 4-1/2"" IF + 6 jts 5"" HWDP + 12 jts 5"" DP + 7 jts 5"" DP + 1 ea 6-1/2"" Dual Acting Hydraulic Jar + 20 jts 5"" DP + 18 jts 5"" HWDP + 6 jts 5"" DP + 4 jts 5"" HWDP + 10 jts 5"" DP + 12 jts 5"" HWDP + 70 jts 5"" DP, to LP at 5105 ftMD

Notes:
- No found tagged during TIH to bottom
- Break circulation on depth 4190 ftMD, PP : FR : 600 GPM, PP : 1300 psi, full return
"
SEBL,SEBL_001,PHR-05,12/16/2025,12/1/2025 4:00,12/16/2025,DRLG,PRODCSG,DRILL,TIH,5,,8.5,5105,"Continue TIH 8-1/2"" PDC HO + Bit Sub 4-1/2"" Reg x 4-1/2"" IF + 6 jts 5"" HWDP + 12 jts 5"" DP + 7 jts 5"" DP + 1 ea 6-1/2"" Dual Acting Hydraulic Jar + 20 jts 5"" DP + 18 jts 5"" HWDP + 6 jts 5"" DP + 4 jts 5"" HWDP + 10 jts 5"" DP + 12 jts 5"" HWDP + 70 jts 5"" DP (Slick BHA#4), to depth 5105 ftMD

Notes:
- No found tagged during TIH to bottom
- Break circulation on depth 1602 ftMD, PP : FR : 400 GPM, PP : 450 psi, full return
- Break circulation on depth 2580 ftMD, PP : FR : 400 GPM, PP : 600 psi, full return
- Break circulation on depth 3002 ftMD, PP : FR : 400 GPM, PP : 700 psi, full return"
SEBL,SEBL_001,PHR-05,12/16/2025,12/1/2025 4:00,12/16/2025 5:00,DRLG,PRODCSG,DRILL,CC,2,,8.5,5105,"CHC 2X Bottoms up w/ 600 gpm, RPM 30, SPP: 1400 psi.
- Swept tandem 30 bbls Lo-Vis + 20 bbls 180 smf Hi-Vis mud untill reach on surface

Note:
- Ensure clean return on shaker after CHC
- Fluid caliper: avg. hole size 9.78""
- Fill up trip tank for TOH preparation
- Mixed and Pump 30 bbls 11 ppg slug prior toTOH BHA 
- Monitor and ensure well static after pump off - OK"
SEBL,SEBL_001,PHR-05,12/16/2025,12/1/2025 4:00,12/16/2025 7:00,DRLG,PRODCSG,DRILL,TOH,9,,8.5,5105,"TOH 8-1/2"" PDC Hole opener + Slick BHA #4. Bit Position at 660 ftMD (shoe depth : 660 ftMD)

Notes: 
- TOH and R/B to shoe
- Total R/B 106 jts 5"" DP + 38 jts 5"" HWDP
- No excessive drag observed during trip
- Observed well static
- Filled up well thru Trip Tank"
SEBL,SEBL_001,PHR-05,12/16/2025,12/1/2025 4:00,12/16/2025 16:00,DRLG,PRODCSG,DRILL,TOH,4,,8.5,5105,"TOH & L/D 8-1/2"" PDC Hole opener + Slick BHA #4 from casing shoe to surface

Notes: 
- L/D All tubular f/ casing shoe to surface on total 9 jts 5"" HWDP + 12 jts 5"" DP + 1 ea hyrdraulic Jar to pipe rack
- L/D All tubular stand f/ monkey board on total 106 jts 5"" DP + 4 jts 5"" DP (leaking) + 38 jts 5"" HWDP to pipe rack
- Loading unloading all tubular f/ pipe rack to pipe box
- No excessive drag observed during trip
- Observed well static
- Filled up well thru Trip Tank"
SEBL,SEBL_001,PHR-05,12/16/2025,12/1/2025 4:00,12/16/2025 20:00,DRLG,PRODCSG,DRILL,DPL/D,4,,8.5,5105,"L/D all tubular from board desk.

Notes :
- Total L/D 24 jts 5"" HWDP
- Keep hole monitoring during L/D, well static

======After Midnight=======
00:00 - 05:00
Cont'd L/D all tubular from board desk

Notes :
- Total L/D 38 jts 5"" HWDP + 20 jts 5"" DP
- Keep hole monitoring during L/D, well static"
SEBL,SEBL_001,PHR-05,12/17/2025,12/1/2025 4:00,12/17/2025,DRLG,PRODCSG,DRILL,TOH,12,,8.5,5105,"Cont'd L/D all tubular from board desk

Notes :
- Total already L/D 74 of 122 jts 5"" DP + 48 jts 5"" HWDP
- Remaining to L/D 48 jts 5"" DP to pipe rack
- Keep hole monitoring during L/D, well static
"
SEBL,SEBL_001,PHR-05,12/17/2025,12/1/2025 4:00,12/17/2025 12:00,DRLG,PRODCSG,DRILL,TOH,7,,8.5,5105,"Cont'd L/D all tubular from board desk

Notes :
- Total already L/D 122 of 122 jts 5"" DP + 48 jts 5"" HWDP
- Keep hole monitoring during L/D, well static
"
SEBL,SEBL_001,PHR-05,12/17/2025,12/1/2025 4:00,12/17/2025 19:00,DRLG,PRODCSG,CSGCMT,CSGR/U,1,,8.5,5105,"R/U Tools for running 7"" Casing & Change extention link.

Note:
- Change out link elevator
- Install 7"" casing elevator
- Install casing tong
- Prepare FOSV x casing swedge 7"" btc
- Prepare casing swedge 7"" btc x 2""
- House keeping on rig floor"
SEBL,SEBL_001,PHR-05,12/17/2025,12/1/2025 4:00,12/17/2025 20:00,DRLG,PRODCSG,CSGCMT,CSGRUN,4,,8.5,5105,"PJSM, TIH 7"" Float Shoe (BTC) + 2 Jt 7""  (L-80, 26#, BTC, R3) + 7"" Float Collar NR + 103 jts 7"" casing R3 (L-80, 26#, BTC) + 2 jts 7"" casing R1 Marker (L-80, 26#, BTC) + 26  jts 7"" casing R3 ( L-80, 29#, BTC) to 1325 ftMD 

Notes: 
- Checked float shoe + float collar. OK 
- Filled-up casing every joint 
- Shoe Track Volume: 3.07 bbls / 1.57 %
- Install Centralizer as per Tally 
- Observe well fluid level : static 
- Break circulation at 545 ftMD with 300 gpm 150 psi. Full return.

======After Midnight=======
00:00 - 05:00
PJSM, TIH 7"" Float Shoe (BTC) + 2 Jt 7""  (L-80, 26#, BTC, R3) + 7"" Float Collar NR + 103 jts 7"" casing R3 (L-80, 26#, BTC) + 2 jts 7"" casing R1 Marker (L-80, 26#, BTC) + 26  jts 7"" casing R3 ( L-80, 29#, BTC) to 3024 ftMD 

Notes: 
- Checked float shoe + float collar. OK 
- Filled-up casing every joint 
- Shoe Track Volume: 3.07 bbls / 1.57 %
- Install Centralizer as per Tally 
- Observe well fluid level : static 
- Break circulation at 1668 ftMD with 300 gpm 230 psi. Full return.
- Break circulation at 2133 ftMD with 300 gpm 290 psi. Full return.
- Break circulation at 2636 ftMD with 300 gpm 360 psi. Full return."
SEBL,SEBL_001,PHR-05,12/18/2025,12/1/2025 4:00,12/18/2025,DRLG,PRODCSG,CSGCMT,CSGRUN,12,,8.5,5105,"Cont'd TIH 7"" Float Shoe (BTC) + 2 Jt 7""  (L-80, 26#, BTC, R3) + 7"" Float Collar NR + 103 jts 7"" casing R3 (L-80, 26#, BTC) + 2 jts 7"" casing R1 Marker (L-80, 26#, BTC) + 3  jts 7"" casing R3 ( L-80, 29#, BTC) to 4207 ftMD 

Notes: 
- Checked float shoe + float collar. OK 
- Filled-up casing every joint 
- Shoe Track Volume: 3.07 bbls / 1.57 %
- Install Centralizer as per Tally
- Tagged at 3855'MD with 8Klbs, connect with casing swage and washdown with 250GPM. Found not significant cutting at shale shaker after bottom up.
- Observe well fluid level : static 
- Break circulation at 1668 ftMD with 300 gpm 230 psi. Full return.
- Break circulation at 2133 ftMD with 300 gpm 290 psi. Full return.
- Break circulation at 2636 ftMD with 300 gpm 340 psi. Full return.
- Break circulation at 3190 ftMD with 300 gpm 350 psi. Full return.
- Break circulation at 3798 ftMD with 300 gpm 360 psi. Full return.
- Tagged at 4207'MD with 8Klbs, connect with casing swage and pump SPR suddenly pressure increase to 1700psi.
"
SEBL,SEBL_001,PHR-05,12/18/2025,12/1/2025 4:00,12/18/2025 12:00,DRLG,PRODCSG,CSGCMT,TOH,10.5,10.5,8.5,5105,"Pulled up casing f/ 4207 ftMD to 4176'MD, got overpull to 30 klbs and tagged to 20 kbls. ( Normal P/U 100 klbs S/O 76 klbs ). circulating with 300 gpm, pressure 700 psi. Pump 20 bbl LowVis but not found significant cutting at shale shaker. Discussed with office decided to L/D 1 joints #110.

Pulled up gadually from 120 to 250 klbs and got released casing #109.

Continue TOH & L/D casing joint #109 to joint #101. Casing shoe position at 3798' MD.
Pump out with 300 gpm, pressure 400 psi.

Notes: 
- Total L/D 10 jts 7"" casing R3 (L-80, 26#, BTC) + 2 jts 7"" casing R1 Marker (L-80, 26#, BTC)"
SEBL,SEBL_001,PHR-05,12/18/2025,12/1/2025 4:00,12/18/2025 22:30,DRLG,PRODCSG,CSGCMT,CC,1.5,1.5,8.5,5105,"CHC 2x Bottoms up w/ 300 gpm, SPP 400 psi.
- Swept 20 bbls 180 smf Hi-Vis mud untill reach on surface

Note:
- Found not significant cutting at shale shaker
- Monitor and ensure well static after pump off - OK
- Discussed plan forward with Act. Asst. Man Drilling Operation SLS3 (Sumarjana). Decided to re-TIH to bottom as per previous meeting while monitor all parameter.

======After Midnight=======
00:00 - 05:00
Washdown f/ 3798' MD to 3994' MD with 300 gpm SPP 350 psi.

Note:
- Found tag 10 klbs at 3878 ftMD. Reciprocate several time, got free (P/U 112klbs, FR 300 gpm, SPP 380 psi).
- Found tag 10 klbs at 3994 ftMD. Attempt to pull up gradually to P/U f/ 150 klbs to 225klbs, FR 300 gpm, SPP 350 psi.
- Discussed with Act. Asst. Man Drilling Operation SLS3.
- Decided to attempt TOH"
SEBL,SEBL_001,PHR-05,12/19/2025,12/1/2025 4:00,12/19/2025,DRLG,PRODCSG,CSGCMT,CC,5,5,8.5,5105,"Washdown f/ 3798' MD to 3994' MD with 300 gpm SPP 350 psi.

Note:
- As per discussion with Act. Asst. Man Drilling Operation SLS3. Decided to re-TIH to bottom as per previous meeting while monitor all parameter.
- Found tag 10 klbs at 3878 ftMD. Reciprocate several time, got free (P/U 112klbs, FR 300 gpm, SPP 380 psi).
- Found tag 10 klbs at 3994 ftMD. Attempt to pull up gradually to P/U f/ 150 klbs to 225klbs, FR 300 gpm, SPP 350 psi.
- Discussed with Act. Asst. Man Drilling Operation SLS3.
- Decided to attempt pull with RSM MDTP (330 klbs)"
SEBL,SEBL_001,PHR-05,12/19/2025,12/1/2025 4:00,12/19/2025 5:00,DRLG,PRODCSG,CSGCMT,CSGPULL,7,7,8.5,5105,"Attempted to pulled casing out.
- Pulled gradual from 120 to 350 klbs ( Rig Supt MDTP ) - no movement
- Applied flow rate from 300 - 600 gpm, max SPP 630 psi

Note :
- Checked all guylines, engine and rig mast condition prior pulled up casing and after several times attemps - All OK
- Pump 30 bbls LoVis + Soltex to create turbulence flow in annulus. No significant cutting on return
- Cancelled Cementing Job due to Casing got Stuck at 3990 ft from 5105 ft (CP).
- R/D and Release Cementing Unit on 19-Des-25 at 16:00 hrs. Mileage 103 km and Cost: USD 732.87
- Meeting with DWI leadership to discuss plan forward:
  *Increase FR to 900 gpm gradually to break mud cake while keep attempt to pull with Rig Supt MDTP 350 klbs."
SEBL,SEBL_001,PHR-05,12/19/2025,12/1/2025 4:00,12/19/2025 12:00,DRLG,PRODCSG,CSGCMT,CSGPULL,6,6,8.5,5105,"Attempted to pulled casing out.
- Pulled gradual from 120 to 350 klbs ( Rig Supt MDTP ) - no movement
- Applied flow rate from 600 - 900 gpm, max SPP 1500 psi

Note :
- Checked all guylines, engine and rig mast condition prior pulled up casing and after several times attemps - All OK
- Dynamic loss with 800 gpm: 21.9 BPH
- Dynamic loss with 900 gpm: 12.8 BPH
- Meeting with DWI leadership to discuss plan forward:
  *Decided to spot and soak diesel."
SEBL,SEBL_001,PHR-05,12/19/2025,12/1/2025 4:00,12/19/2025 18:00,DRLG,PRODCSG,CSGCMT,CSGPULL,6,6,8.5,5105,"Attempted to pulled casing out.
- Pulled gradual from 280 to 350 klbs ( Rig Supt MDTP ) - no movement
- Applied flow rate from 600 - 900 gpm, max SPP 1500 psi

Note :
- Cooling down for 30 mins every 1 hrs attempt to pull. Checked all guylines, engine and rig mast condition prior pulled up casing and after several times attemps - All OK
- Dynamic loss with 900 gpm: 12.8 BPH
- Pump tandem 30 bbls LoVis + 30 bbls 150 smf HiVis to create turbulence flow in annulus. No significant cutting on return
- Prepare premix tank and trip tank.
- Wait on diesel resources.

======After Midnight=======
00:00 - 05:00
Attempted to pulled casing out.
- Pulled gradual from 280 to 350 klbs ( Rig Supt MDTP ) - no movement
- Applied flow rate from 600 - 900 gpm, max SPP 1350 psi

Note :
- Cooling down for 30 mins every 1 hrs attempt to pull. Checked all guylines, engine and rig mast condition prior pulled up casing and after several times attempts - All OK
- Dynamic loss with 900 gpm: 15.4 BPH
- Transfer diesel to premix tank (7000 liter)."
SEBL,SEBL_001,PHR-05,12/20/2025,12/1/2025 4:00,12/20/2025,DRLG,PRODCSG,CSGCMT,CSGPULL,8,8,8.5,5105,"Attempted to pulled casing out.
- Pulled gradual from 280 to 350 klbs ( Rig Supt MDTP ) - no movement
- Applied flow rate from 600 - 900 gpm, max SPP 1350 psi

Note :
- Cooling down for 30 mins every 1 hrs attempt to pull. Checked all guylines, engine and rig mast condition prior pulled up casing and after several times attempts - All OK
- Dynamic loss with 900 gpm: 15.4 BPH
- Transfer diesel to premix tank (7000 liter)."
SEBL,SEBL_001,PHR-05,12/20/2025,12/1/2025 4:00,12/20/2025 8:00,DRLG,PRODCSG,CSGCMT,CSGPULL,16,16,8.5,5105,"PJSM and Diesel Fuel Pills Job cycle 1.
=> Preparation: Test drawwork, test annular, flow test through choke manifold, clean up premix and trip tank and line for diesel fuel placement.
=> Keep tension at 300 klbs, then pump 25 bbls HiVis (Spacer ahead) + 25 bbls diesel fuel + 15 bbls HiVis (Spacer behind), displace with 148 bbls 9.8 ppg mud (under displace 1 bbls)

Pumping Diesel Fuel Sequence:
1. Start Soaking at 07:45 AM , Flipped Time at 11:45 AM, Displace with 300 GPM 430psi. Est. top diesel @ 3425 ftMD
2. Cont'd attemp to pulled out casing w/ 300-350 klbs (Ris Supt MDTP), no progress.
3. Cont'd pump out 9.8 ppg mud w/ 400 - 800 gpm.

=> Soaking diesel fuel while attempt up with:
- Pulled from 300 to 350 klbs ( Rig Supt MDTP ), no progress.

Notes:
- Unloading 10.000 litres diesel fuel from PHR for casing stuck problem.
- Transfer 3000 litres diesel fuel to premix tank
- Loss rate ( Dynamic ):
  - 400 GPM / 28.8 BPH
  - 500 GPM / 38 BPH
  - 600 GPM / 30 BPH
  - 700 GPM / 58.8 BPH
  - 850 GPM / 64 BPH
- Discuss w/ office decided to proceed diesel fuel pill job second cycle.
- Prepared to proceed diesel fuel pill job second cycle.

======After Midnight=======
00:00 - 04:00
PJSM and pump diesel fuel pills second cycle. Success.
=> Preparation: Test drawwork, test annular, flow test through choke manifold, clean up premix and trip tank and line for diesel fuel placement.
=> Keep tension at 350 klbs, then pump 25 bbls HiVis (Spacer ahead) + 40 bbls diesel fuel + 20 bbls contaminant mud + 15 bbls HiVis (Spacer behind), displace with 135 bbls 9.8 ppg mud (under displace 1 bbls)
=> Est. top of diesel pill @ 2670 ftMD (above BK Sand)
=> Strings got free after 3 hrs soaking & reciprocate

04:00 - 05:00
Attempt to POOH 7"" Casing to release from stuck point, success
Cont'd POOH & L/D 7"" Casing, currently @ 3837 ftMD"
SEBL,SEBL_001,PHR-05,12/21/2025,12/1/2025 4:00,12/21/2025,DRLG,PRODCSG,CSGCMT,CSGPULL,4,4,8.5,5105,"PJSM and pump diesel fuel pills second cycle. Success.
=> Preparation: Test drawwork, test annular, flow test through choke manifold, clean up premix and trip tank and line for diesel fuel placement.
=> Keep tension at 350 klbs, then pump 25 bbls HiVis (Spacer ahead) + 40 bbls diesel fuel + 20 bbls contaminant mud + 15 bbls HiVis (Spacer behind), displace with 135 bbls 9.8 ppg mud (under displace 1 bbls)

Pumping Diesel Fuel Sequence 2nd cycle:
1. Start Soaking at 00:45 AM , Flipped Time at 03:45 AM, Displace with 300 GPM 430psi. Est. top diesel @ 2670 ftMD (above BK Sand)
2. Cont'd attemp to pulled out casing w/ 300-350 klbs (Ris Supt MDTP).
3. Displace diesel pill w/ 9.8 ppg mud to trip tank w/ 700 gpm 950 psi.

Noted:
=> Strings got free after 3 hrs soaking & reciprocate up to 300 klbs.
=> Monitor P/U (110 klbs) & S/O (80 klbs) weight normal, no anomaly."
SEBL,SEBL_001,PHR-05,12/21/2025,12/1/2025 4:00,12/21/2025 4:00,DRLG,PRODCSG,CSGCMT,CSGPULL,16,16,8.5,5105,"POOH & L/D 7"" Casing to surface total 105 jts.

Notes :
- Well static during hole monitoring.
- Continous fill up well during POOH.
- Not found significant drag during TOH."
SEBL,SEBL_001,PHR-05,12/21/2025,12/1/2025 4:00,12/21/2025 20:00,DRLG,PRODCSG,CSGCMT,CSGR/D,3,3,8.5,5105,"Re-arranged casing 7"" (total 133 jts) to accomdate 5"" HWDP & 5"" DP"
SEBL,SEBL_001,PHR-05,12/21/2025,12/1/2025 4:00,12/21/2025 23:00,DRLG,PRODCSG,CSGCMT,DPP/U,1,1,8.5,5105,"Stand-up additional tubulars for run 8-1/2"" Hole Opener: 16 jts (8 std) 5"" DP

Note:
- Plan stand-up: 46 jts (23 stds) 5"" HWDP + 118 jts (59 stds) 5"" DP
- Check thread & shoulder on tool joints, hammering tubular prior connection.
- Drift 5"" HWDP using 1-7/8"" rabbit & 5"" DP using 2-7/8"" rabbit.

======After Midnight=======
00:00 - 05:00
Cont'd stand-up additional tubulars for run 8-1/2"" Hole Opener: 66 jts (33 std) 5"" DP

Note:
- Plan stand-up: 46 jts (23 stds) 5"" HWDP + 118 jts (59 stds) 5"" DP
- Check thread & shoulder on tool joints, hammering tubular prior connection.
- Drift 5"" HWDP using 1-7/8"" rabbit & 5"" DP using 2-7/8"" rabbit.
"
SEBL,SEBL_001,PHR-05,12/22/2025,12/1/2025 4:00,12/22/2025,DRLG,PRODCSG,CSGCMT,DPP/U,19,19,8.5,5105,"Cont'd stand-up additional tubulars for run 8-1/2"" Hole Opener: 46 jts (23 stds) 5"" HWDP + 126 jts (63 stds) 5"" DP

Note:
- Plan stand-up: 46 jts (23 stds) 5"" HWDP + 126 jts (63 stds) 5"" DP
- Check thread & shoulder on tool joints, hammering tubular prior connection.
- Drift 5"" HWDP using 1-7/8"" rabbit & 5"" DP using 2-7/8"" rabbit."
SEBL,SEBL_001,PHR-05,12/22/2025,12/1/2025 4:00,12/22/2025 19:00,DRLG,PRODCSG,CSGCMT,BOPTST,1,1,8.5,5105,"Performed Accumulator drawdown test (satisfy WSEA 9):
Charging the accumulator system to 3,000 psi in 9 min with both Air Pump & Electric Pump
Verified pressure in Accumulator system:
- Precharge: 1000 psi
- Annular: 1200 psi
- Manifold: 1500 psi
- Accumulator: 3000 psi
- Air Pressure: 120 psi

Switched-off pump system. Checked BOP element closing system as follows:
• Close Pipe Ram: 6 sec, remaining pressure: 2500 psi
• Open Pipe Ram: 6 sec, remaining pressure: 2200 psi (to simulate closing Blind ram)
• Close Annular: 27 sec, remaining pressure: 1700 psi
• Open HCR: 1 sec, Final remaining pressure: 1700 psi (more than 1200 psi), ok

Performed Full Pressure Test BOP: 
- Test #1. P/T Blind Shear Ram BOP against valve HCR w/ Low/high pressure: 300/700 psi, hold 5 mins - OK.

Note:
- MASP 47 psi
- Last Acc. drawdown test 3 December 2025"
SEBL,SEBL_001,PHR-05,12/22/2025,12/1/2025 4:00,12/22/2025 20:00,DRLG,PRODCSG,CSGCMT,TIH,1,1,8.5,5105,"TIH 5 stds (10 jts) 5"" HWDP from boarddesk for full test BOP purpose."
SEBL,SEBL_001,PHR-05,12/22/2025,12/1/2025 4:00,12/22/2025 21:00,DRLG,PRODCSG,CSGCMT,BOPTST,2,2,8.5,5105,"Full Pressure Test BOP (satisfy WSEA 9-B)
- Test #2. P/T Annular BOP against Valve #4,#5#6,#7 w/ Low/High pressure: 300/700 psi, hold 5 mins - OK.
- Test #3. P/T Pipe Ram BOP against Valve #3 w/ Low/High pressure: 300/700 psi, hold 5 mins - OK.


Note :
- FOSV, IBOP, Valve #7, #8, #9, #10, #11, #12, #13, #14, #15 already offline pressure test prior to spud in with Low/High pressure: 300/700 psi, hold 5 mins.
- All P/T recorded in Barton chart.
- MASP 47 psi
- Last BOPE Test on 3 December 2025."
SEBL,SEBL_001,PHR-05,12/22/2025,12/1/2025 4:00,12/22/2025 23:00,DRLG,PRODCSG,CSGCMT,TOH,1,1,8.5,5105,"TOH and R/B 5 stds 5"" HWDP after performed full test BOP.

======After Midnight=======
00:00 - 05:00
M/U & TIH 8-1/2"" HO + Bit Sub 4-1/2"" Reg x 4-1/2"" IF + 6 jts 5"" HWDP + 12 jts 5"" DP + 7 jts 5"" DP + 1 ea 6-1/2"" Dual Acting Hydraulic Jar + 20 jts 5"" DP + 18 jts 5"" HWDP + 6 jts 5"" DP + 4 jts 5"" HWDP + 10 jts 5"" DP + 12 jts 5"" HWDP + 70 jts 5"" DP, to depth 1546 ftMD

Notes:
- No found tagged during TIH to bottom
- Break circulation on casing shoe @660 ftMD, FR : 600 GPM, PP : 577 psi, full return
- Break circulation on depth 1206 ftMD, PP : FR : 600 GPM, PP : 680 psi, full return"
SEBL,SEBL_001,PHR-05,12/23/2025,12/1/2025 4:00,12/23/2025,DRLG,PRODCSG,CSGCMT,TIH,12,12,8.5,5105,"M/U & TIH 8-1/2"" HO + Bit Sub 4-1/2"" Reg x 4-1/2"" IF + 6 jts 5"" HWDP + 12 jts 5"" DP + 7 jts 5"" DP + 1 ea 6-1/2"" Dual Acting Hydraulic Jar + 20 jts 5"" DP + 18 jts 5"" HWDP + 6 jts 5"" DP + 4 jts 5"" HWDP + 10 jts 5"" DP + 12 jts 5"" HWDP + 70 jts 5"" DP, to depth 3882 ftMD

Notes:
- Found tagged to 8 klbs at 3870 'MD, need to reamdown with 40 RPM.
- Break circulation on casing shoe @660 ftMD, FR : 600 GPM, PP : 577 psi, full return
- Break circulation on depth 1206 ftMD, PP : FR : 600 GPM, PP : 680 psi, full return
- Break circulation on depth 1786 ftMD, PP : FR : 500 GPM, PP : 650 psi, full return
- Break circulation on depth 2399 ftMD, PP : FR : 600 GPM, PP : 1050 psi, full return
- Break circulation on depth 2857 ftMD, PP : FR : 600 GPM, PP : 1200 psi, full return
- Break circulation on depth 3160 ftMD, PP : FR : 600 GPM, PP : 1250 psi, full return
- Break circulation on depth 3509 ftMD, PP : FR : 600 GPM, PP : 1350 psi, full return ; P/U 117 ; S/O 106"
SEBL,SEBL_001,PHR-05,12/23/2025,12/1/2025 4:00,12/23/2025 12:00,DRLG,PRODCSG,CSGCMT,CC,8,8,8.5,5105,"Circulating with reciprocate at stand DP #39 at 3882' MD with 600 GPM RPM 50-80
- Interval 3870' - 3880' need to reamdown to passing the interval.
- Tagged 5 klbs with washdown

Notes:
- Found tagged to 8 klbs at 3870 'MD, need to reamdown with 40 RPM.
- Erratic torque 3000 - 7000 ft.lbs
- Not found significant cutting at shaker
- Already pump Lo-Hi Vis, cutting not significant at shaker
- Increase Soltex to 5 ppb
- Discuss with office decided to go deeper 1 jts while monitor P/U, S/O weight, & torque."
SEBL,SEBL_001,PHR-05,12/23/2025,12/1/2025 4:00,12/23/2025 20:00,DRLG,PRODCSG,CSGCMT,TIH,4,4,8.5,5105,"Cont'd TIH 8-1/2"" PDC HO + Bit Sub 4-1/2"" Reg x 4-1/2"" IF + 6 jts 5"" HWDP + 12 jts 5"" DP + 7 jts 5"" DP + 1 ea 6-1/2"" Dual Acting Hydraulic Jar + 20 jts 5"" DP + 18 jts 5"" HWDP + 6 jts 5"" DP + 4 jts 5"" HWDP + 10 jts 5"" DP + 12 jts 5"" HWDP + 70 jts 5"" DP, to depth 3910 ftMD

Note :
- Got tag 5 klbs @3885 ftMD, 3895 ftMD, & 3900 ftMD. Decided to ream down w/ 40 rpm.
- Ream down f/ 3848 ftMD to 3910 ftMD, got 8 klbs torque, ream up ream down several times w/ 40 rpm, 600 gpm, 1400 psi until normal
- Based on previous steering sheet, 3859 ftmD - 3904 ftMD was a build section with 5.84 DLS.

======After Midnight=======
00:00 - 05:00
Cont'd TIH 8-1/2"" PDC HO + Bit Sub 4-1/2"" Reg x 4-1/2"" IF + 6 jts 5"" HWDP + 12 jts 5"" DP + 7 jts 5"" DP + 1 ea 6-1/2"" Dual Acting Hydraulic Jar + 20 jts 5"" DP + 18 jts 5"" HWDP + 6 jts 5"" DP + 4 jts 5"" HWDP + 10 jts 5"" DP + 12 jts 5"" HWDP + 70 jts 5"" DP, to depth 4157 ftMD

Note :
- Got tag 5 klbs @4020 ftMD, 4075 ftMD, 4100 ftMD & 4135 ftMD. Decided to ream down w/ 70 rpm.
- Ream up ream down several times with 70/40 rpm, 600 gpm, 1500 psi until normal."
SEBL,SEBL_001,PHR-05,12/24/2025,12/1/2025 4:00,12/24/2025,DRLG,PRODCSG,CSGCMT,TIH,14.5,14.5,8.5,5105,"Cont'd TIH 8-1/2"" HO + Bit Sub 4-1/2"" Reg x 4-1/2"" IF + 6 jts 5"" HWDP + 12 jts 5"" DP + 7 jts 5"" DP + 1 ea 6-1/2"" Dual Acting Hydraulic Jar + 20 jts 5"" DP + 18 jts 5"" HWDP + 6 jts 5"" DP + 4 jts 5"" HWDP + 10 jts 5"" DP + 12 jts 5"" HWDP + 70 jts 5"" DP to depth 4157 ftMD. Working pipe while circulate tag at 4127' MD

Note :
- Ream up ream down several times with 70/40 rpm, 600 gpm, press 1400 psi - No progress 
- Got tag 5 klbs @4020 ftMD, 4075 ftMD, 4100 ftMD & 4127 ftMD. Decided to ream down w/ 70 rpm
- Sweep tandem @ 4096 & 4125 ftMD, found significant old cutting on return. (no new cutting)
- Discussed with Drilling Leadership & Engineering. Decided to POOH Hole Opener and change to Directional BHA"
SEBL,SEBL_001,PHR-05,12/24/2025,12/1/2025 4:00,12/24/2025 14:30,DRLG,PRODCSG,CSGCMT,TOH,9.5,9.5,8.5,5105,"TOH 8-1/2"" PDC HO + Bit Sub 4-1/2"" Reg x 4-1/2"" IF + 6 jts 5"" HWDP + 12 jts 5"" DP + 7 jts 5"" DP + 1 ea 6-1/2"" Dual Acting Hydraulic Jar + 20 jts 5"" DP + 18 jts 5"" HWDP + 6 jts 5"" DP + 4 jts 5"" HWDP + 10 jts 5"" DP + 12 jts 5"" HWDP + 70 jts 5"" DP to depth 682 ftMD.

Notes :
- Found overpull at depth 3978 ftMD, decided to ream up & ream down w/ 40 rpm/70 rpm, 600 gpm, 1400 psi - success to TOH with pumps off.
- Found overpull at depth 3948 ftMD, decided to ream up & ream down w/ 40 rpm/70 rpm, 600 gpm, 1400 psi - unable to TOH with pumps off.
- Rack back all string to mast.
- Well static during hole monitoring.

========== Midnight Activity =========
00:00 - 04:00
Cont'd TOH 8-1/2"" PDC HO + Bit Sub 4-1/2"" Reg x 4-1/2"" IF + 6 jts 5"" HWDP + 12 jts 5"" DP + 7 jts 5"" DP + 1 ea 6-1/2"" Dual Acting Hydraulic Jar to surface

Notes :
- JAR on Surface at 25 Dec '25 on 01:0 AM
- Found some hard connection when breakout HWDP.
- Rack back all string to mast.
- Well static during hole monitoring.

04:00 - 05:00
PJSM and M/U BHA 8-1/2in Directional PDC + MWD"
SEBL,SEBL_001,PHR-05,12/25/2025,12/1/2025 4:00,12/25/2025,DRLG,PRODCSG,CSGCMT,TOH,4,4,8.5,5105,"Cont'd TOH 8-1/2"" PDC HO + Bit Sub 4-1/2"" Reg x 4-1/2"" IF + 6 jts 5"" HWDP + 12 jts 5"" DP + 7 jts 5"" DP + 1 ea 6-1/2"" Dual Acting Hydraulic Jar to surface

Notes :
- JAR on Surface at 25 Dec '25 on 01:0 AM
- Found some hard connection when breakout HWDP.
- Rack back all string to mast.
- Well static during hole monitoring."
SEBL,SEBL_001,PHR-05,12/25/2025,12/1/2025 4:00,12/25/2025 4:00,DRLG,PRODCSG,CSGCMT,BHAPU/LD,5,5,8.5,5105,"PJSM. M/U & TIH 8-1/2"" PDC Bit + Directional BHA #5 

Note: 
Directional BHA#5: 
A675M7850XP  +  6-3/4” OD Float Sub c/w Float Valve (NP)  + 7-1/2"" String Stabilizer + 6-3/4"" NMPC + MWD 6 3/4"" TeleScope + 6-3/4"" NMPC

6-3/4"" A675M7850XP (SN 06374) motor data:

AKO Motor : 1.50 deg 
RPG Motor : 0.28 rev/gal

Motor Bearing Gap in/out = 0.5 mm / xx mm

Dir Sensor Distance = 61.36
TFO : 313.10 deg

Total Circulating Time of : 
* 6-3/4” Motor in/out = 0 / xx hours
* 6-3/4” Float Sub in/out =  0 / xx hours
* 7-1/2"" String Stabilizer =  0 / xx hours
* 6-3/4"" Pony NMDC in/out = 0 / xx hours
* 6-3/4"" Telescope MWD  = 0 / xx hours
* 6-3/4"" Pony NMDC in/out =  0 / xx hours
* 6-1/2 Drilling Jar = 28.37 / hours

Jar Setting
Up = 90
Down = 50
Delay = 78 sec

8-½ PDC Bit Data :
SN : 13793092
RR : -
Nozzle : 2x14, 1x15, 2x16
TFA : 0.867 in²

Grading :
IN : 2-2-CT-A-X-IN-WT-TD"
SEBL,SEBL_001,PHR-05,12/25/2025,12/1/2025 4:00,12/25/2025 9:00,DRLG,PRODCSG,CSGCMT,TIH,5.5,5.5,8.5,5105,"TIH 8-1/2"" PDC Bit + Directional BHA #5 to 1504 ftMD

Notes :
- Break Circulation every ~500 ft

- Shallow Test @ 1504 ftMD
MP COMBINATION
MP 1-2 (84-83)
FR: 500 GPM
SPPA: ~880 psi
TRPM: 2617 c/min

MP 1-3 (92-78)
FR: 500 GPM
SPPA: ~890 psi
TRPM: 2656 c/min

MP 2-3 (79-88)
FR: 500 GPM
SPPA: ~870 psi
TRPM: 2617 c/min"
SEBL,SEBL_001,PHR-05,12/25/2025,12/1/2025 4:00,12/25/2025 14:30,DRLG,PRODCSG,CSGCMT,TIH,1,1,8.5,5105,"SWA due to heavy rain and thunder.

Note :
Keep circulation w/ SPR and working pipe."
SEBL,SEBL_001,PHR-05,12/25/2025,12/1/2025 4:00,12/25/2025 15:30,DRLG,PRODCSG,CSGCMT,TIH,2.5,2.5,8.5,5105,"TIH 8-1/2"" PDC Bit + Directional BHA #5 to 2233 ftMD

Notes :
- Break circulation at 2170 ftMD with 220 gpm 360 psi. Full return.
- Tagged 5klbs @2191 ftMD, try to washdown w/ 300 gpm - ok
- CHC prior to Cut Drilling line"
SEBL,SEBL_001,PHR-05,12/25/2025,12/1/2025 4:00,12/25/2025 18:00,DRLG,PRODCSG,CSGCMT,TOH,4,4,8.5,5105,"TOH 8-1/2"" PDC Bit + Directional BHA #5 to casing shoe at 576' MD.

Notes :
- JAR on Surface at 25 Dec '25 on 09:00 PM
- Found some hard connection when breakout HWDP.
- Rack back all string to mast.
- Well static during hole monitoring."
SEBL,SEBL_001,PHR-05,12/25/2025,12/1/2025 4:00,12/25/2025 22:00,DRLG,PRODCSG,CSGCMT,OPSUS,2,2,8.5,5105,"Cut drilling line at draw work due to kinking.

Notes :
- During TIH, found out drilling line kinking, conduct intervention, TOH to Casing Shoe and repair drilling line.
- Cut off drilling line 200 ft then recheck all drilling line at the draw work.

========== Midnight Activity =========

00:00 - 01:30 :
Cont'd Cut drilling line at draw work due to kinking.

Notes :
- During TIH, found out drilling line kinking, conduct intervention, TOH to Casing Shoe and repair drilling line.
- Cut off drilling line 200 ft then recheck all drilling line at the draw work.

01:30 - 05:00 :
TIH back 8-1/2"" PDC Bit + Directional BHA #5 to 1804 ftMD

Notes :
- Break circulation at 1125 & 1685 ftMD with 400 gpm 600 - 700 psi. Full return.
- Break Circulation every 500' in open hole
- Drilling jar In at 02.00 hrs"
SEBL,SEBL_001,PHR-05,12/26/2025,12/1/2025 4:00,12/26/2025,DRLG,PRODCSG,CSGCMT,OPSUS,1.5,1.5,8.5,5105,"Cont'd Cut drilling line at draw work due to kinking.

Notes :
- During TIH, found out drilling line kinking, conduct intervention, TOH to Casing Shoe and repair drilling line.
- Cut off drilling line 200 ft then recheck all drilling line at the draw work."
SEBL,SEBL_001,PHR-05,12/26/2025,12/1/2025 4:00,12/26/2025 1:30,DRLG,PRODCSG,CSGCMT,TIH,4.5,4.5,8.5,5105,"TIH back 8-1/2"" PDC Bit + Directional BHA #5 to 2233 ftMD

Notes :
- Break circulation at 1125 & 1685 ftMD with 400 gpm 600 - 700 psi. Full return.
- Break Circulation every 500' in open hole
- Drilling jar In at 02.00 hrs"
SEBL,SEBL_001,PHR-05,12/26/2025,12/1/2025 4:00,12/26/2025 6:00,DRLG,PRODCSG,CSGCMT,TIH,8,8,8.5,5105,"TIH back 8-1/2"" PDC Bit + Directional BHA #5 to 3865 ftMD

Notes :
- Break circulation at 3210 ftMD with 500 gpm 1334 psi. Full return. Got old cutting.
- Break Circulation every 500' in open hole
- Tag 5klbs at 2720, washdown w/ 300 gpm 700 psi - ok
- Tag 5klbs at 3487, washdown w/ 300-550 gpm 1600 psi - ok
- Tag 5klbs at 3587, washdown w/ 300-550 gpm 1570 psi - ok
- Tag 5klbs at 3865, washdown w/ 300-600 gpm 2000 psi - unable to go down
"
SEBL,SEBL_001,PHR-05,12/26/2025,12/1/2025 4:00,12/26/2025 14:00,DRLG,PRODCSG,CSGCMT,CC,7,7,8.5,5105,"Circulating with reciprocate at stand DP #38 at 3865 ftMD with 600 GPM. Found 2 ft progress to 3867' MD

Notes :
- Tagged 10 klbs with washdown
- Decided to ream down 20-50 rpm 600 gpm, Torque 4 klb-ft, SPP 1800-1900 psi still unable to went down, 
- Not found significant cutting at shaker
- Discussed w/ Drilling Leadership, Drilling Engineer, DSR, Anadril Coordinator, Directional Driller & MWD. Decided to continue RIH bit with slide up refer to drilling trajectory with low parameter (400-450 gpm, without rotation) 

Last checkshot compared to drilling survey:
Drilling Survey :
MD	: 3797.45
Inc	: 39.91
Az	: 334.08

Clean Out BHA
MD	: 3797.45
Inc	: 39.26
Az	: 334.16
"
SEBL,SEBL_001,PHR-05,12/26/2025,12/1/2025 4:00,12/26/2025 21:00,DRLG,PRODCSG,CSGCMT,TIH,3,3,8.5,5105,"TIH  8-1/2"" PDC Bit + Directional BHA #5 with sliding ( high side TF ) to depth 3872' MD
With 500 GPM, WOB max 10, Pressure 1400 psi

Note:
- After discuss with office decide to cont'd TIH every 5 feet progress take bottom up to confirm the cutting at surface.
- Take P/U 128 klbs S/O 107 klbs before start slide
- Clean up the possumbelly before start slide 
- MWD Dir Sensor Distance = 61.36'
- Checkshot at depth 3810'MD got inclination 38.59deg ( interpolate survey from actual 40.36deg ), C-C 0.5 ft
- Projection to bit at 3872' MD inc 35.41deg ( interpolate survey from actual 43.11deg ), C-C 5 ft

========= After Midnight ==========
00:00 - 01:00
Circulating with reciprocate at stand DP #38 at 3872 ftMD with 350 GPM while regroup with DWI & Anadrill to decide for pathforward.

Notes :
- Discussed w/ Drilling Leadership, Drilling Engineer, DSR, Anadrill Coordinator, Directional Driller & MWD, Mud Eng. Decided to TOH change with slick BHA with MWD.
- Cutting 3872 ftMD : 90%Shale + 10%Sand.
(include 1-3%new formation + 1%sloughing shale)

Last checkshot compared to drilling survey:
Drilling Survey (Interpolation) :
MD	: 3810.43
Inc	: 40.36
Az	: 334.04

heck shoot Clean Out BHA
MD	: 3810.43
Inc	: 38.59
Az	: 334.26


01:00 - 05:00
TOH BHA 8-1/2"" PDC Bit + Directional BHA #5 at 3648'MD

Noted:
- Got overpull to 10 klbs at depth 3811' MD, connect 1 single DP and reciprocate with 600 GPM 1900psi, swept Lo-HiVis found minor cutting at shaker.
- Found some hard connection when breakout HWDP.
- Rack back all string to mast.
- Well static during hole monitoring."
SEBL,SEBL_001,PHR-05,12/27/2025,12/1/2025 4:00,12/27/2025,DRLG,PRODCSG,CSGCMT,CC,1,1,8.5,5105,"Circulating with reciprocate at stand DP #38 at 3872 ftMD with 350 GPM while regroup with DWI & Anadrill to decide for pathforward.

Notes :
- Discussed w/ Drilling Leadership, Drilling Engineer, DSR, Anadrill Coordinator, Directional Driller & MWD, Mud Eng. Decided to TOH change with slick BHA with MWD.
- Cutting 3872 ftMD : 90%Shale + 10%Sand.
(include 1-3%new formation + 1%sloughing shale)

Last checkshot compared to drilling survey:
Drilling Survey (Interpolation) :
MD	: 3810.43
Inc	: 40.36
Az	: 334.04

Check shoot Clean Out BHA
MD	: 3810.43
Inc	: 38.59
Az	: 334.26"
SEBL,SEBL_001,PHR-05,12/27/2025,12/1/2025 4:00,12/27/2025 1:00,DRLG,PRODCSG,CSGCMT,TOH,18.5,18.5,8.5,5105,"TOH BHA 8-1/2"" PDC Bit + Directional BHA #5 to surface.

Noted:
- Got overpull to 10 klbs at depth 3811' MD, connect 1 single DP and reciprocate with 600 GPM 1900psi, swept Lo-HiVis found minor cutting at shaker.
- Found some hard connection when breakout HWDP.
- Rack back all string to mast.
- Well static during hole monitoring.
- Very hard connection between DP #84 and #85, still in progress for breakout."
SEBL,SEBL_001,PHR-05,12/27/2025,12/1/2025 4:00,12/27/2025 19:30,DRLG,PRODCSG,CSGCMT,BHAPU/LD,3,3,8.5,5105,"PJSM. TOH & L/D  8-1/2"" PDC Bit + Directional BHA #5 

Directional BHA#5: 
A675M7850XP  +  6-3/4” OD Float Sub c/w Float Valve (NP)  + 7-1/2"" String Stabilizer + 6-3/4"" NMPC + MWD 6 3/4"" TeleScope + 6-3/4"" NMPC

6-3/4"" A675M7850XP (SN 06374) motor data:

AKO Motor : 1.50 deg 
RPG Motor : 0.28 rev/gal

Motor Bearing Gap in/out = 0.5 mm / 6 mm

Dir Sensor Distance = 61.36
TFO : 313.10 deg

Total Circulating Time of : 
* 6-3/4” Motor in/out = 0 / 21.67 hours
* 6-3/4” Float Sub in/out =  0 / 21.67 hours
* 7-1/2"" String Stabilizer =  0 / 21.67 hours
* 6-3/4"" Pony NMDC in/out = 0 / 21.67 hours
* 6-3/4"" Telescope MWD  = 0 / 21.67 hours
* 6-3/4"" Pony NMDC in/out =  0 / 21.67  hours
* 6-1/2 Drilling Jar = 28.37 / 50.04 hours

Jar Setting
Up = 90
Down = 50
Delay = 78 sec

8-½ PDC Bit Data :
SN : 13793092
RR : -
Nozzle : 2x14, 1x15, 2x16
TFA : 0.867 in²

Grading :
IN : 2-2-CT-A-X-IN-WT-TD
Out : 2-2-CT-A-X-IN-WT-TD

Note:
- Regroup with DWI team (Drilling manager, Asmen, Engineering, DCC & DSR), Anadrill, Solstice & Dowell to deicide and disccuss regarding pathforward of PHR-05 Opeartion on SEBL00050 Well. Decided to Tripping with 8-1/2"" existing PDC Bit + BHA#6 (Slick BHA with MWD) while preparation for sidetrack job.
- Breakout hard connection DP #84 and #85. Unsucceeded.
- Unable to use 8-1/2"" TCB from Baung due to bad condition of Cone Bearing."
SEBL,SEBL_001,PHR-05,12/27/2025,12/1/2025 4:00,12/27/2025 22:30,DRLG,PRODCSG,CSGCMT,BHAPU/LD,1.5,1.5,8.5,5105,"PJSM. M/U 8-1/2"" PDC Bit + Slick BHA #6 (Using MWD)

========= After Midnight ==========

00:00 - 01:30 :
Cont'd M/U 8-1/2"" PDC Bit + Slick BHA #6 (Using MWD)

Note: 
Slickl BHA#6: 
Dir Sensor Distance = 29.00 ft

Total Circulating Time of : 
* 6-3/4"" Pony NMDC in/out = 21.67 / - hours
* 6-3/4"" Telescope MWD  = 21.67 / - hours
* 6-3/4"" Pony NMDC in/out =  21.67 / - hours
* 6-1/2 Drilling Jar = 50.04 / - hours

Jar Setting
Up = 90
Down = 50
Delay = 78 sec

8-½ PDC Bit Data :
SN : 13793092
RR : -
Nozzle : 2x14, 1x15, 2x16
TFA : 0.867 in²

Grading :
IN : 2-2-CT-A-X-IN-WT-TD
Out :

01:30 - 05:00 :
TIH 8-1/2"" PDC Bit + Directional BHA #5 to 1592 ftMD

Notes :
- Break Circulation every ~500 ft
- Baseline di casing shoe 608 ftMD
Pump OFF = SO 36/PU 36
Pum On = SO 36/RW 36/ RW 36

SPR MP
MP#3 = 189 gpm/123 psi
MP#2 = 221 gpm/ 146 psi
MP#1 = 168 gpm / 110 psi

Kombinasi Pump
1&2 = 400 gpm/ 400 psi
2&3= 413 gpm/ 418 psi
1&3= 410 gpm / 425 psi

- MP COMBINATION at 1500' MD
MP 1-2 (79-74)
FR: 465 GPM
SPPA: ~670 psi
TRPM: 2344 c/min

MP 1-3 (80-72)
FR: 455 GPM
SPPA: ~630 psi
TRPM: (unable to get MWD demod)

FR : 494 GPM
SPPA: ~790 psi
TRPM: 2539 c/min

MP 2-3 (74-77)
FR: 455 GPM
SPPA: ~665 psi
TRPM: 2304 c/min"
SEBL,SEBL_001,PHR-05,12/28/2025,12/1/2025 4:00,12/28/2025,DRLG,PRODCSG,CSGCMT,BHAPU/LD,1.5,1.5,8.5,5105,"Cont'd M/U 8-1/2"" PDC Bit + Slick BHA #6 (Using MWD)

Note: 
Slickl BHA#6: 
Dir Sensor Distance = 29.00 ft

Total Circulating Time of : 
* 6-3/4"" Pony NMDC in/out = 21.67 / - hours
* 6-3/4"" Telescope MWD  = 21.67 / - hours
* 6-3/4"" Pony NMDC in/out =  21.67 / - hours
* 6-1/2 Drilling Jar = 50.04 / - hours

Jar Setting
Up = 90
Down = 50
Delay = 78 sec

8-½ PDC Bit Data :
SN : 13793092
RR : -
Nozzle : 2x14, 1x15, 2x16
TFA : 0.867 in²

Grading :
IN : 2-2-CT-A-X-IN-WT-TD"
SEBL,SEBL_001,PHR-05,12/28/2025,12/1/2025 4:00,12/28/2025 1:30,DRLG,PRODCSG,CSGCMT,TIH,10,10,8.5,5105,"TIH 8-1/2"" PDC Bit + Directional BHA #5 to 3865 ftMD

Notes :
- Break Circulation every ~500 ft
- Baseline di casing shoe 608 ftMD
Pump OFF = SO 36/PU 36
Pum On = SO 36/RW 36/ RW 36

SPR MP
MP#3 = 189 gpm/123 psi
MP#2 = 221 gpm/ 146 psi
MP#1 = 168 gpm / 110 psi

Kombinasi Pump
1&2 = 400 gpm/ 400 psi
2&3= 413 gpm/ 418 psi
1&3= 410 gpm / 425 psi

- MP COMBINATION at 1500' MD
MP 1-2 (79-74)
FR: 465 GPM
SPPA: ~670 psi
TRPM: 2344 c/min

MP 1-3 (80-72)
FR: 455 GPM
SPPA: ~630 psi
TRPM: (unable to get MWD demod)

FR : 494 GPM
SPPA: ~790 psi
TRPM: 2539 c/min

MP 2-3 (74-77)
FR: 455 GPM
SPPA: ~665 psi
TRPM: 2304 c/min"
SEBL,SEBL_001,PHR-05,12/28/2025,12/1/2025 4:00,12/28/2025 11:30,DRLG,PRODCSG,CSGCMT,TIH,11.5,11.5,8.5,5105,"Cont'd TIH with wash and reaming to depth 3880' MD

Notes :
- Wash down w/ 300-600 gpm 1800 psi, unable to go down.
- Sweep w/ lo vis - hi vis got old cutting on return.
- Ream down w/ 10-40 rpm 400-600 gpm 5-15 klbs, unable to go down.
- Slow progress from 3865 ftMD to 3880 ftMD, no new cutting on return.
- Previous depth using directional BHA @ 3872ftMD
- Cutting 3880 ftMD : 100%Shale (trace sand)
- Discussed w/ Drilling Leadership, Drilling Engineer, DSR, Mud Eng - decided to TOH BHA and proceed to prepare side track.

Last checkshot compared to drilling survey:
Last check shot :
Drilling
MD	: 3852.11 ftMD
Inc	: 41.96 deg
Az	: 333.87 deg

Slick BHA
MD	: 3852.11 ftMD
Inc	: 40.91 deg
Az	: 333.69 deg"
SEBL,SEBL_001,PHR-05,12/28/2025,12/1/2025 4:00,12/28/2025 23:00,DRLG,PRODCSG,CSGCMT,CC,1,1,8.5,5105,"Circulating at 3880' MD before TOH BHA.

Noted:
- Swept Lo-Hi Vis before TOH, found minor cutting at shale shaker
- Hole monitoring well static before TOH
- Cutting 100% Shale

========= After Midnight ==========
00:00 - 05:00
TOH BHA 8-1/2"" Slick+MWD BHA #6 to surface. Current depth 2568' MD

Noted:
- L/D All HWDP
- Not found any significant drag during TOH
- Found some hard connection when breakout HWDP.
- Rack back all string to mast.
- Well static during hole monitoring."
SEBL,SEBL_001,PHR-05,12/29/2025,12/1/2025 4:00,12/29/2025,DRLG,PRODCSG,CSGCMT,TOH,15,15,8.5,5105,"TOH BHA 8-1/2"" Slick+MWD BHA #6 to surface.

Noted:
- L/D All HWDP
- Not found any significant drag during TOH
- Found some hard connection when breakout HWDP.
- Rack back all DP to mast.
- Well static during hole monitoring.
- Unable to slack HWDP #17 and #18 connection."
SEBL,SEBL_001,PHR-05,12/29/2025,12/1/2025 4:00,12/29/2025 15:00,DRLG,PRODCSG,CSGCMT,BHAPU/LD,3,3,8.5,5105,"TOH & L/D 8-1/2"" PDC Bit + Slick BHA #6 (Using MWD)

Note: 
P_SEBL-MSF25_0001_Trip BHA Slick BHA + MWD. 

Dir Sensor Distance = 29.00 ft. 

Total Circulating Time of : 
* 6-3/4"" Pony NMDC in/out = 21.67 / 36.30 hours
* 6-3/4"" Telescope MWD  = 21.67 / 36.30 hours
* 6-3/4"" Pony NMDC in/out =  21.67 / 36.30  hours
* 6-1/2 Drilling Jar = 50.04 / 64.67 hours

Jar Setting
Up = 90
Down = 50
Delay = 78 sec

8-½ PDC Bit Data :
SN : 13793092
RR : -
Nozzle : 2x14, 1x15, 2x16
TFA : 0.867 in²

Grading :
IN : 2-2-CT-A-X-IN-WT-BHA
Out : 2-2-CT,WT-A-X-IN-BT-HP"
SEBL,SEBL_001,PHR-05,12/29/2025,12/1/2025 4:00,12/29/2025 18:00,DRLG,PRODCSG,CSGCMT,R/U,1,1,8.5,5105,"R/U Tools for running 3.5"" EUE tubing.

Note:
- Install 3.5"" EUE elevator.
- Install tubing tong.
- Prepare FOSV x 3.5 EUE x-over
- House keeping on rig floor"
SEBL,SEBL_001,PHR-05,12/29/2025,12/1/2025 4:00,12/29/2025 19:00,DRLG,PRODCSG,CSGCMT,DPP/U,2.5,2.5,8.5,5105,"Stand-up additional tubulars for cement plug purpose: 26 jts (13 std) 3.5"" EUE tubing.

Note:
- Check thread & shoulder on tool joints, hammering tubular prior connection.
- Drift 3.5"" EUE tubing using 3.5"" EUE rabbit."
SEBL,SEBL_001,PHR-05,12/29/2025,12/1/2025 4:00,12/29/2025 21:30,DRLG,PRODCSG,CSGCMT,BHAPU/LD,2.5,2.5,8.5,5105,"M/U & TIH 3-1/2"" OE EUE Tubing (26 jts) + 5"" DP. Current depth at 938 ftMD.

Notes:
- No found tagged during TIH
- Break Circulation every 500 ft

========= After Midnight ==========

00:00 - 05:00 :
Cont'd TIH 3-1/2"" OE EUE Tubing (26 jts) + 5"" DP. Current depth at 3061 ftMD.

 Notes:
- No found tagged during TIH
- Break Circulation every 500 ft
- Got Drag but not significant during TIH
- Maintain maximum drag / tag weight at 3-5 klbs"
SEBL,SEBL_001,PHR-05,12/30/2025,12/1/2025 4:00,12/30/2025,DRLG,PRODCSG,CSGCMT,TIH,10,10,8.5,5105,"Cont'd TIH 3-1/2"" OE EUE Tubing (26 jts) + 5"" DP. Tag at 3871 ftMD.

 Notes:
- No found tagged during TIH
- Break Circulation every 500 ft
- Got Drag but not significant during TIH
- Maintain maximum drag / tag weight at 3-5 klbs"
SEBL,SEBL_001,PHR-05,12/30/2025,12/1/2025 4:00,12/30/2025 10:00,DRLG,PRODCSG,CSGCMT,CC,1.5,1.5,8.5,5105,"CHC to cooling down well for 50 mins as per cementing procedure.

Notes :
- Spot 6.4 bbls (70 ft) 200 SMF Hivis for cushion after cooling down.
- Raise and set 3-1/2"" OE tubing at 3800 ftMD prior cement plug job"
SEBL,SEBL_001,PHR-05,12/30/2025,12/1/2025 4:00,12/30/2025 11:30,DRLG,PRODCSG,CSGCMT,CMTR/U,1.5,1.5,8.5,5105,R/U SLB Cementing Line. Change Out Elevator Link to accomodate cementing line height.
SEBL,SEBL_001,PHR-05,12/30/2025,12/1/2025 4:00,12/30/2025 13:00,DRLG,PRODCSG,CSGCMT,CMTPLUG,2,2,8.5,5105,"PJSM. 8.5"" cement plug job by SLB

Cementing plug job by SLB:
1. Flush line 2 bbls
2. Pressure test line 2000 psi for 5 mins
3. Mix & pump 18.7 bbls 11 ppg Spacer ahead, 3.9 Bpm, 200 psi
4. Mix & pump 42.1 bbls (200% excess theo) 15.8 ppg Tail slurry, 3.9 bpm, 180 psi
5. Mix & pump 1.3 bbls 11 ppg Spacer behind, 3.9 Bpm, 50 psi
6. Displace w/ 54.1 bbls 9.7 ppg Mud.
7. Raise up to 3185 ftMD
8. Pump forward circulate 2x bottom up  w/ 9.7 ppg mud 500 gpm 491 psi full return. no cement trace.
9. CIP at 14.00 hrs on 30 December 2025.

Chemical used for invoice :
D020 	Extender-1                	95 	LB
D907 	CLASS 'G' CEMENT          	236	SK
D065 	Dispersant-1              	123	LB
D167A	Fluid Loss Control Agent-1	57 	LB
D153 	ANTI-SETTLING AGENT D153  	57 	LB
D047 	ANTIFOAM AGENT-1          	3  	GA
M002 	Accelerator-2             	38 	LB

On location : 
1 unit pump truck
1 unit water tank
1 unit bulker cement
103 km mileage charge
Cost Total (USD) 9.490,18"
SEBL,SEBL_001,PHR-05,12/30/2025,12/1/2025 4:00,12/30/2025 15:00,DRLG,PRODCSG,CSGCMT,WOC,6.5,6.5,8.5,5105,"WOC 7 hrs 27 min to reach 500 psi compressive strength.

Notes :
- While TOH 3.5"" OE assembly to 628 ftMD (inside casing shoe)
- TOH to 1100'MD. Cont'd to TIH 20 jts DP ( used for cement plug ), pump forward circulate 2x bottom up  w/ 9.7 ppg mud 500 gpm 250 psi full return. no cement trace.
- Not found significant drag during TOH
- Keep hole monitoring"
SEBL,SEBL_001,PHR-05,12/30/2025,12/1/2025 4:00,12/30/2025 21:30,DRLG,PRODCSG,CSGCMT,TIH,2.5,2.5,8.5,5105,"TIH 3-1/2"" OE EUE Tubing (26 jts) + 5"" DP to 1876  ftMD.

 Notes:
- Not found tagged during TIH
- Break Circulation every 500 ft, full return
- Maintain maximum drag / tag weight at 3-5 klbs

======== After Midnight ========
00:00 - 05:00
Cont'd TIH 3-1/2"" OE EUE Tubing (26 jts) + 5"" DP current depth 3187' MD

 Notes:
- Found tagged 3 klbs at depth 2435' MD and 2533' MD need to washdown with 220GPM, makesure TIH without pumping before continue. 
- Break Circulation every 500 ft
- Maintain maximum drag / tag weight at 3-5 klbs"
SEBL,SEBL_001,PHR-05,12/31/2025,12/1/2025 4:00,12/31/2025,DRLG,PRODCSG,CSGCMT,TIH,9.5,9.5,8.5,5105,"Cont'd TIH 3-1/2"" OE EUE Tubing (26 jts) + 5"" DP to tag TOC at 3842' MD.

 Notes:
- Break Circulation every 500 ft
- Maintain maximum drag / tag weight at 3-5 klbs
- Found tag 3 klbs at depth 2435' MD and 2533' MD need to washdown with 220 gpm, make sure TIH with pump off before continue.
- Found tag 4 klbs at depth 3839' MD, circulate hole with 200 gpm. Got cement contamination at shaker. TIH with pump off.
- Found tag 4 klbs at depth 3842' MD, circulate hole with 200 gpm. Attempt to TIH with pump off, got tag 5 klbs. No progress. Confirm TOC at 3842' MD.
- Raise and set 3-1/2"" OE tubing at 3836' MD"
SEBL,SEBL_001,PHR-05,12/31/2025,12/1/2025 4:00,12/31/2025 9:30,DRLG,PRODCSG,CSGCMT,CMTR/U,1.5,1.5,8.5,5105,R/U SLB Cementing Line. Change Out Elevator Link to accomodate cementing line height.
SEBL,SEBL_001,PHR-05,12/31/2025,12/1/2025 4:00,12/31/2025 11:00,DRLG,PRODCSG,CSGCMT,CMTPLUG,2,2,8.5,5105,"PJSM. 8.5"" cement plug job by SLB

Cementing plug job by SLB:
- Flush & test line w/2100 psi 5 minutes - ok  
- Mix and Pump 18.7 bbl Scavenger Ahead 11 ppg, rate 3.9 bpm, pressure 101 psi
- Mix & Pump 47.2 bbl (100% excess) Tail Slurry 15,8 ppg rate 3.9 bpm pressure 174 psi
- Mix and Pump 1.3 bbl Scavenger Behind 11 ppg, rate 3.9 bpm, pressure 18 psi
- Pump Displace with 54.1 bbl of 9.7 ppg of mud rate 3.8 bpm pressure 124 psi
- POOH to 3216 ftMD
- Forward circulate 2x bottom-up w/ 9.7 ppg mud 500 gpm 480 psi full return. no cement trace.
- CIP at 12:45 hrs on December 31, 2025

Chemical used for invoice :
D020 	Extender-1                	95 	LB
D907 	CLASS 'G' CEMENT          	260	SK
D065 	Dispersant-1              	138	LB
D167A	Fluid Loss Control Agent-1	64 	LB
D153 	ANTI-SETTLING AGENT D153  	64 	LB
D047 	ANTIFOAM AGENT-1          	3  	GA
M002 	Accelerator-2             	43 	LB

On location : 
1 unit pump truck
1 unit water tank
1 unit bulker cement
Cost Total (USD) 10.037,06"
SEBL,SEBL_001,PHR-05,12/31/2025,12/1/2025 4:00,12/31/2025 13:00,DRLG,PRODCSG,CSGCMT,WOC,7.5,7.5,8.5,5105,"WOC 7 hrs 27 min to reach 500 psi compressive strength.

Notes :
- TOH to 1096'MD. Cont'd to TIH 20 jts DP ( used for cement plug ), pump forward circulate 2x bottom up  w/ 9.7 ppg mud 500 gpm 350 psi full return. no cement trace.
- Change TDS link elevator and breakout sling
- Not found significant drag during TOH
- Keep well full
- Keep hole monitoring"
SEBL,SEBL_001,PHR-05,12/31/2025,12/1/2025 4:00,12/31/2025 20:30,DRLG,PRODCSG,CSGCMT,TIH,3.5,3.5,8.5,5105,"TIH 3-1/2"" OE EUE Tubing (26 jts) + 5"" DP to midnight depth at 1878' MD.

 Notes:
- Break Circulation every 500 ft
- Maintain maximum drag / tag weight at 3-5 klbs
- Hole monitoring during TIH

======== After Midnight ==========
00:00 - 05:00
Cont'd TIH 3-1/2"" OE EUE Tubing (26 jts) + 5"" DP to current depth at 3403' MD.

 Notes:
- Break Circulation every 500 ft
- Maintain maximum drag / tag weight at 3-5 klbs
- Found tag 3 klbs at depth 3370' MD, washdown with 200 gpm.
- Hole monitoring during TIH"
SEBL,SEBL_001,PHR-05,1/1/2026,12/1/2025 4:00,1/1/2026,DRLG,PRODCSG,CSGCMT,TIH,6,6,8.5,5105,"Cont'd TIH 3-1/2"" OE EUE Tubing (26 jts) + 5"" DP to current depth at 3408' MD.

 Notes:
- Break Circulation every 500 ft
- Maintain maximum drag / tag weight at 3-5 klbs
- Found tag 3 klbs at depth 3370' MD, washdown with 200 gpm.
- Found tag 5 klbs at depth 3408' MD, washdown with 200 gpm. No progress. Confirm TOC at 3408' MD. 
- Hole monitoring during TIH"
SEBL,SEBL_001,PHR-05,1/1/2026,12/1/2025 4:00,1/1/2026 6:00,DRLG,PRODCSG,CSGCMT,CC,1.5,1.5,8.5,5105,"CHC with 450 gpm 2x BU until clean return on surface. SPP: 490 psi.

Note:
- Got cement contaminated mud on surface.
- No dynamc loss observe."
SEBL,SEBL_001,PHR-05,1/1/2026,12/1/2025 4:00,1/1/2026 7:30,DRLG,PRODCSG,CSGCMT,TOH,4.5,4.5,8.5,5105,"TOH and R/B 5"" DP to 817'MD.

Note:
- Change TDS link elevator for 3-1/2"" EUE tubing
- Not found significant drag during TOH
- Keep well full
- Keep hole monitoring"
SEBL,SEBL_001,PHR-05,1/1/2026,12/1/2025 4:00,1/1/2026 12:00,DRLG,PRODCSG,CSGCMT,TOH,3,3,8.5,5105,"TOH and L/D 3-1/2"" OE EUE Tubing (26 jts).

Note:
- Not found significant drag during TOH
- Keep well full
- Keep hole monitoring"
SEBL,SEBL_001,PHR-05,1/1/2026,12/1/2025 4:00,1/1/2026 15:00,DRLG,PRODCSG,CSGCMT,OPSUS,1,1,8.5,5105,"SWA Rig PHR-05 due to safety stand down. Suspend operation to regain safety commitment from rig crews regarding basic PPE usage. Regroup Crew day and night to remind of Safety Action, Safety Condition, PPE and Hazard awareness."
SEBL,SEBL_001,PHR-05,1/1/2026,12/1/2025 4:00,1/1/2026 16:00,DRLG,PRODCSG,CSGCMT,DPP/U,8,8,8.5,5105,"Stand-up additional tubulars for run 8-1/2"" Directional BHA: 47 jts 5"" HWDP + 1 jts 6-1/2"" Hydraulic Jar

Note:
- Check thread & shoulder on tool joints, hammering tubular prior connection.
- Drift 5"" HWDP using 1-7/8"" rabbit


========= After Midnight =========

00:00-04:00
PJSM. M/U & TIH 8-1/2"" PDC Bit + Directional BHA #7

Note: 
Directional BHA#5: 
A675M7850XP  +  6-3/4” OD Float Sub c/w Float Valve (NP)  + 7-1/2"" String Stabilizer + 6-3/4"" NMPC + MWD 6 3/4"" TeleScope + 6-3/4"" NMDC

6-3/4"" A675M7850XP (SN 03863) motor data:

AKO Motor : 1.50 deg 
RPG Motor : 0.28 rev/gal

Motor Bearing Gap in/out = 1 mm / xx mm

Dir Sensor Distance = 70.19 ft
PWD Sensor Distance = 44.17 ft
Zinc Sensor Distance = 36.48 ft
Resistivity Sensor Distance = 47.80 ft
Gamma Ray Sensor Distance = 42.14 ft
TFO : 253.88 deg

Total Circulating Time of : 
* 6-3/4” Motor in/out = 0 / xx hours
* 6-3/4” Float Sub in/out =  0 / xx hours
* 7-1/2"" String Stabilizer =  0 / xx hours
* 6-3/4"" ARC LWD in/out = 0 / xx hours
* 6-3/4"" Telescope MWD  = 0 / xx hours
* 6-3/4"" NMDC in/out =  0 / xx hours
* 6-1/2 Drilling Jar = 0 / xx hours

Jar Setting
Up = 90
Down = 50
Delay = 78 sec

8-½ PDC Bit Data (Baker Hughes):
SN : 5368908
RR : -
Nozzle : 1x14, 4x15, 1x13
TFA : 0.97 in²

Grading :
IN : 0-0-NO-A-X-IN-NO-New

04:00-05:00
TIH 8-1/2"" PDC Bit + Directional BHA #7 to 500 ftMD

Notes :
- Break Circulation every ~500 ft"
SEBL,SEBL_001,PHR-05,1/2/2026,12/1/2025 4:00,1/2/2026,DRLG,PRODCSG,CSGCMT,BHAPU/LD,4,4,8.5,5105,"PJSM. M/U 8-1/2"" PDC Bit + Directional BHA #7

Note: 
Directional BHA#5: 
A675M7850XP  +  6-3/4” OD Float Sub c/w Float Valve (NP)  + 7-1/2"" String Stabilizer + 6-3/4"" NMPC + MWD 6 3/4"" TeleScope + 6-3/4"" NMDC

6-3/4"" A675M7850XP (SN 03863) motor data:

AKO Motor : 1.50 deg 
RPG Motor : 0.28 rev/gal

Motor Bearing Gap in/out = 1 mm / xx mm

Dir Sensor Distance = 70.19 ft
PWD Sensor Distance = 44.17 ft
Zinc Sensor Distance = 36.48 ft
Resistivity Sensor Distance = 47.80 ft
Gamma Ray Sensor Distance = 42.14 ft
TFO : 253.88 deg

Total Circulating Time of : 
* 6-3/4” Motor in/out = 0 / xx hours
* 6-3/4” Float Sub in/out =  0 / xx hours
* 7-1/2"" String Stabilizer =  0 / xx hours
* 6-3/4"" ARC LWD in/out = 0 / xx hours
* 6-3/4"" Telescope MWD  = 0 / xx hours
* 6-3/4"" NMDC in/out =  0 / xx hours
* 6-1/2 Drilling Jar = 0 / xx hours

Jar Setting
Up = 90
Down = 50
Delay = 78 sec

8-½ PDC Bit Data (Baker Hughes):
BIT DATA 8½"" PDC(MAIN) 
Type     : TD605K
S/N       : 5368908
Size      : 8½""
Nozzle : (4X15)(1X14)(1X13)
TFA       : 0,970
Used     : New
Length  : 0,85 ft

Grading :
IN : 0-0-NO-A-X-IN-NO-New"
SEBL,SEBL_001,PHR-05,1/2/2026,12/1/2025 4:00,1/2/2026 4:00,DRLG,PRODCSG,CSGCMT,TIH,8,8,8.5,5105,"TIH 8-1/2"" PDC Bit + Directional BHA #7 to 3407 ftMD

Notes :
- Break Circulation every ~500 ft
- Got tag at 3407 ftMD (TOC at 3408 ftMD)

Record Baseline parameter at depth 2434 ftMD.
PUMP ON  w/ 500 gpm
SPP : 1300 psi
PU/SO/RW : 95/92/93 Klbs
Rpm / Torque OFF Bott : 40 / 0.4 Kft.lbs
MW : 9.7  ppg
MWD TRPM 2578 c/min

PUMP OFF
PU/SO : 99/92 Klbs"
SEBL,SEBL_001,PHR-05,1/2/2026,12/1/2025 4:00,1/2/2026 12:00,DRLG,PRODCSG,CSGCMT,DRLCMT,12,12,8.5,5105,"DOC  f/ 3407 to 3607 ftMD
Drilling Parameter:
Parameters:
WOB: 3-10 klbs
RPM: 40
Torque: 4.6 klbf.ft
FR: 600 gpm
SPP: 1950 psi
IROP: 68.5 fph

Last survey:
1. Original Hole: 3471.81 ftMD, Inc: 31.39 deg, Azi: 349.99 deg
1. DOC            : 3472.8 ftMD, Inc: 31.6 deg, Azi: 350.49 deg

Notes:
- Found traces of cement on surface
- Last cutting description: 20% shale, 80% cement
- MW IN/OUT: 9.7/9.7 ppg
- Last Cutting at 3607 ftMD : 20%Shale, 10%Sand, 70%Cmnt
- K+ : 48k
- Temp in/out : 144⁰F/ 152⁰F
- 20 ppb LCM Preventive, 5 ppb Graphite, 5 ppb Soltex

====== After Midnight =======
00:00 - 05:00
Drilling Sidetrack 8-1/2in HS from 3607' to 3638' MD ( on progress )

Parameters:
WOB: 10 klbs
FR: 600 gpm
SPP: 1950 psi

Last survey:
Original Hole  : 3567.15 ftMD, Inc: 32.35 deg, Azi: 339.67 deg
DOC            : 3567.15 ftMD, Inc: 31.64 deg, Azi: 340.75 deg

Notes:
- Start ST point at 3607' MD
- MW IN/OUT: 9.7/9.7 ppg
- Last Cutting at 3638 ftMD : 40%Shale, 10%Sand, 50%Cement
- K+ : 48k
- Temp in/out : 144⁰F/ 152⁰F
- 20 ppb LCM Preventive, 5 ppb Graphite, 5 ppb Soltex
"
SEBL,SEBL_001,PHR-05,1/3/2026,12/1/2025 4:00,1/3/2026,DRLG,PRODCSG,CSGCMT,DRLDD,5,5,8.5,3638,"Drilling Sidetrack 8-1/2in HS from 3607' to 3638' MD

Drilling parameter:
- WOB : 10-12 Klbs
- Flow Rate : 600 gpm
- Pump Press (Off/On) : 1900 / 2000 psi

Recorded references:
- PU / SO / RW : 130 / 113 / 119 Klbs
- Slide/Rotate : 100% / 0%
- Avg ROP : 6 fph
- Inst ROP : 13.5 fph
- MW In/Out: 9.7/ 9.7 ppg
- ECD : 10.21 ppg
- BHT : 165.2 degF
- Temp in/out : 156⁰F/ 160⁰F

Last survey:
Original Hole  : 3567.15 ftMD, Inc: 32.35 deg, Azi: 339.67 deg
DOC            : 3567.15 ftMD, Inc: 31.64 deg, Azi: 340.75 deg

Notes:
- Start ST point at 3607' MD
- MW IN/OUT: 9.7/9.7 ppg
- Last Cutting at 3638 ftMD : 40%Shale, 10% Sand, 50% Cement
- K+ : 48k
- Temp in/out : 144⁰F/ 152⁰F
- 20 ppb LCM Preventive, 5 ppb Graphite, 5 ppb Soltex"
SEBL,SEBL_001,PHR-05,1/3/2026,12/1/2025 4:00,1/3/2026 5:00,DRLG,PRODCSG,CSGCMT,DRLDD,6.5,6.5,8.5,3732,"Cont'd Pattern Drilling Sidetrack 8-1/2"" Landing Section from 3638 ftMD to 3732 ftMD.

Drilling parameter:
- WOB : 5-12 Klbs
- Flow Rate : 600 gpm
- RPM : 40
- Pump Press (Off/On) : 1980 / 2050 psi
- Torque (Off/On) : 4.0 / 4.4 Kft-lbs

Recorded references:
- PU / SO / RW : 130 / 114 / 116 Klbs
- Slide/Rotate : 53% / 47%
- Avg ROP : 14.9 fph
- Inst ROP : 21.9 fph
- MW In/Out: 9.7/ 9.7 ppg
- ECD : 10.17 ppg
- BHT : 165.2 degF
- Temp in/out : 156⁰F/ 160⁰F

Last Survey:
Survey Depth: 3661.47 ftMD / 3482.79 ftTVD
Incl.: 34.78 deg
Azim.: 339.11 deg
DLS: 4.27 deg/100ft
Ct-Ct: 0.17 ft (0.09 Above , 0.14 Left )
Ct-Ct to Motherbore: 1.41 ft

Notes:
- Hole monitoring prior to connection
- Last cutting description: 95% shale, 5% cement
- K+ : 43K
- 0.25 ppb PHPA in active system.
- 20 ppb Preventive LCM + 5 ppb Graphite in mud system.
- 5 ppb Soltex added gradually to active system.
- 2% Lubricant in active system
- No dynamic loss observed.
- Sweep Tandem 30 bbls 36 smf & 20 bbls 180 smf Hi-Vis mud every 5 stands drilled.
- LCM pill standby in additional square tank."
SEBL,SEBL_001,PHR-05,1/3/2026,12/1/2025 4:00,1/3/2026 11:30,DRLG,PRODCSG,CSGCMT,DRLDD,4,4,8.5,3857,"Cont'd Pattern Drilling Sidetrack 8-1/2"" Landing Section from 3732 ftMD to 3857 ftMD.

Drilling parameter:
- WOB : 5-10 Klbs
- Flow Rate : 600 gpm
- RPM : 40
- Pump Press (Off/On) : 1990 / 2100 psi
- Torque (Off/On) : 4.0 / 4.5 Kft-lbs

Recorded references:
- PU / SO / RW : 133 / 116 / 122 Klbs
- Slide/Rotate : 75% / 25%
- Avg ROP : 28.8 fph
- Inst ROP : 37 fph
- MW In/Out: 9.7/ 9.7 ppg
- ECD : 10.25 ppg
- BHT : 168.8 degF
- Temp in/out : 160⁰F/ 164⁰F

Last Survey:
Survey Depth: 3786.75 ftMD / 3581.97 ftTVD
Incl.: 40.81 deg
Azim.: 337.98 deg
DLS: 5.4 deg/100ft
Ct-Ct: 0.92 ft ( 0.10 ft Above, 0.91 ft Left of Plan)
Ct-Ct to Motherbore: 6.90 ft

Notes:
- Hole monitoring prior to connection
- Last cutting description: 60% shale, 40% cement
- K+ : 43K
- 0.25 ppb PHPA in active system.
- 20 ppb Preventive LCM + 5 ppb Graphite in mud system.
- 5 ppb Soltex added gradually to active system.
- 2% Lubricant in active system
- No dynamic loss observed.
- Sweep Tandem 30 bbls 36 smf & 20 bbls 180 smf Hi-Vis mud every 5 stands drilled.
- LCM pill standby in additional square tank."
SEBL,SEBL_001,PHR-05,1/3/2026,12/1/2025 4:00,1/3/2026 15:30,DRLG,PRODCSG,CSGCMT,CC,1.5,1.5,8.5,3857,"Sweep Tandem 30 bbls 36 smf & 20 bbls 180 smf Hi-Vis mud at 3857 fMD. CHC 2x bottom-up with FR 600 gpm (1940 psi) & 30 RPM until no significant cutting observed on shakers.

Record Baseline #1 parameter at depth 3857 ftMD.
Depth : 3857 ftMD
Pump On  600 gpm
P/U : 134 klbs
S/O : 115 klbs
R/W : 111 klbs
RPM : 30 rpm
Off Btm Torque : 3 - 4 ft-klbs
Pressure : 1990 psi
MW /ECD: 9.7/ 10.25 ppg
 
Pump OFF 
P/U : 140 klbs
S/O : 117 klbs

Note:
- No dynamic loss observed"
SEBL,SEBL_001,PHR-05,1/3/2026,12/1/2025 4:00,1/3/2026 17:00,DRLG,PRODCSG,CSGCMT,TOH,2,2,8.5,3857,"TOH 8-1/2"" PDC Bit + Directional BHA#2 from 3857 ftMD to 3200 ftMD for short trip purpose as per sidetrack MOM. 

Notes :
- Monitor hole prior to TOH. Well static.
- Not found any significant drag during TOH.
- Keep well full."
SEBL,SEBL_001,PHR-05,1/3/2026,12/1/2025 4:00,1/3/2026 19:00,DRLG,PRODCSG,CSGCMT,TIH,2,2,8.5,3857,"TIH 8-1/2"" PDC Bit + Directional BHA#2 from 3200ftMD to 3857 ftMD after short trip purpose as per sidetrack MOM. 

Notes :
- Monitor hole prior to TiH. Well static.
- Not found any significant drag during TIH.
- Keep well full."
SEBL,SEBL_001,PHR-05,1/3/2026,12/1/2025 4:00,1/3/2026 21:00,DRLG,PRODCSG,CSGCMT,DRLDD,3,3,8.5,3917,"Cont'd Pattern Drilling 8-1/2"" Sidetrack Landing Section from 3857 ftMD to 3917 ftMD.

Drilling parameter:
- WOB : 5-16 Klbs
- Flow Rate : 600 gpm
- RPM : 40
- Pump Press (Off/On) : 1995 / 2070 psi
- Torque (Off/On) : 4.0 / 4.4 Kft-lbs

Recorded references:
- PU / SO / RW : 134 / 115 / 122 Klbs 
- Slide/Rotate : 18% / 82% 
- Avg ROP : 9.8 fph
- Inst ROP : 34.3 fph 
- MW In/Out: 9.7/ 9.7 ppg
- ECD : 10.28 ppg
- BHT : 167.6 degF
- Temp in/out : 160⁰F/ 164⁰F

Last Survey:
Survey Depth: 3847.93 ftMD / 3627.27 ftTVD
Incl.: 43.65 deg
Azim.: 337.81 deg
DLS: 4.65 deg/100ft
Ct-Ct: 1.85 ft (0.07 Above , 1.85 Left )
Ct-Ct to Motherbore: 9.78 ft

Notes:
- Hole monitoring prior to connection
- K+ : 48K
- 0.75 ppb PHPA in active system.
- 20 ppb Preventive LCM + 5 ppb Graphite in mud system.
- 5 ppb Soltex added gradually to active system.
- 2% Lubricant in active system
- No dynamic loss observed.
- Sweep Tandem 30 bbls 36 smf & 20 bbls 180 smf Hi-Vis mud every 5 stands drilled.
- LCM pill standby in additional square tank.


====== After Midnight =======

00:00 - 05:00
Cont'd Pattern Drilling 8-1/2"" Sidetrack Landing Section from 3917 ftMD to 4025 ftMD. (on progress)

Drilling parameter:
- WOB : 5-16 Klbs
- Flow Rate : 600 gpm
- RPM : 40
- Pump Press (Off/On) : 2000 / 2120 psi
- Torque (Off/On) : 4.2 / 4.5 Kft-lbs"
SEBL,SEBL_001,PHR-05,1/4/2026,12/1/2025 4:00,1/4/2026,DRLG,PRODCSG,CSGCMT,DRLDD,5,5,8.5,4025,"Cont'd Pattern Drilling 8-1/2"" Sidetrack Landing Section from 3917 ftMD to 4025 ftMD.

Drilling parameter:
- WOB : 5-16 Klbs
- Flow Rate : 600 gpm
- RPM : 40
- Pump Press (Off/On) : 2000 / 2120 psi
- Torque (Off/On) : 4.2 / 4.5 Kft-lbs

Recorded references:
- PU / SO / RW : 134 / 114 / 122 Klbs 
- Slide/Rotate : 73% / 27% 
- Avg ROP : 22.0 fph
- Inst ROP : 34.8 fph 
- MW In/Out: 9.7/ 9.7 ppg
- ECD : 10.16 ppg
- BHT : 168.8 degF
- Temp in/out : 160⁰F/ 166⁰F

Last Survey:
Survey Depth: 3972.28 ftMD / 3715.03 ftTVD
Incl.: 47.62 deg
Azim.: 338.29 deg
DLS: 4.96 deg/100ft
Ct-Ct: 4.34 ft (0.11 Above , 4.33 Left )
Ct-Ct to Motherbore: 21.47 ft

Notes:
- Hole monitoring prior to connection
- Last cutting description: 95% shale, 5% cement
- K+ : 48K
- 0.25 ppb PHPA in active system.
- 20 ppb Preventive LCM + 5 ppb Graphite in mud system.
- 5 ppb Soltex added gradually to active system.
- 2% Lubricant in active system
- No dynamic loss observed.
- Sweep Tandem 30 bbls 36 smf & 20 bbls 180 smf Hi-Vis mud every 5 stands drilled.
- LCM pill standby in additional square tank.
- WSG start checking cutting at 4200 ftMD."
SEBL,SEBL_001,PHR-05,1/4/2026,12/1/2025 4:00,1/4/2026 5:00,DRLG,PRODCSG,CSGCMT,DRLDD,7,7,8.5,4218,"Cont'd Pattern Drilling 8-1/2"" Sidetrack Landing Section from 4025 ftMD to 4218 ftMD.

Drilling parameter:
- WOB : 5-15 Klbs
- Flow Rate : 600 gpm
- RPM : 40
- Pump Press (Off/On) : 2080 / 2200 psi
- Torque (Off/On) : 4.1 / 4.5 Kft-lbs

Recorded references:
- PU / SO / RW : 134 / 114 / 122 Klbs 
- Slide/Rotate : 69% / 31% 
- Avg ROP : 27.4 fph
- Inst ROP : 43.3 fph 
- MW In/Out: 9.7/ 9.7 ppg
- ECD : 10.22 ppg
- BHT : 170.6 degF
- Temp in/out : 160⁰F/ 166⁰F

Last Survey:
Survey Depth: 4096.91 ftMD / 3794.56 ftTVD
Incl.: 53.14 deg
Azim.: 340.08 deg
DLS: 4.94 deg/100ft
Ct-Ct: 4.2 ft (0.32 Below , 4.19 Left )
Ct-Ct to Motherbore: 26.56 ft

Notes:
- Hole monitoring prior to connection
- K+ : 48K
- 0.25 ppb PHPA in active system.
- 20 ppb Preventive LCM + 5 ppb Graphite in mud system.
- 5 ppb Soltex added gradually to active system.
- 2% Lubricant in active system
- No dynamic loss observed.
- Sweep Tandem 30 bbls 36 smf & 20 bbls 180 smf Hi-Vis mud every 5 stands drilled.
- LCM pill standby in additional square tank.

Last WSG cutting description: 
SH100% 
dk brn-brn, mod hd-hd, cly sz, n calc, tr blk mat, n fluor, n o cut (NSO)"
SEBL,SEBL_001,PHR-05,1/4/2026,12/1/2025 4:00,1/4/2026 12:00,DRLG,PRODCSG,CSGCMT,DRLDD,5,5,8.5,4354,"Cont'd Pattern Drilling 8-1/2"" Sidetrack Landing Section from 4218 ftMD to 4354 ftMD.

Drilling parameter:
- WOB : 7-15 Klbs
- Flow Rate : 600 gpm
- RPM : 40
- Pump Press (Off/On) : 2080 / 2180 psi
- Torque (Off/On) : 4.3 / 4.8 Kft-lbs

Recorded references:
- PU / SO / RW : 133 / 113 / 123 Klbs
- Slide/Rotate : 61% / 39% 
- Avg ROP : 27.2 fph
- Inst ROP : 39.7 fph 
- MW In/Out: 9.7/ 9.7 ppg
- ECD : 10.19 ppg
- BHT : 172.4 degF
- Temp in/out : 164/166 ⁰F

Last Survey:
Survey Depth: 4283.37 ftMD / 3894.47 ftTVD
Incl.: 62.36 deg
Azim.: 338.75 deg
DLS: 5.21 deg/100ft
Ct-Ct: 4.74 ft (1.75 Below , 4.41 Left)
Ct-Ct to Motherhole: 40.03 ft

Notes:
- Hole monitoring prior to connection
- K+ : 48K
- 0.25 ppb PHPA in active system.
- 20 ppb Preventive LCM + 5 ppb Graphite in mud system.
- 5 ppb Soltex added gradually to active system.
- 2% Lubricant in active system
- No dynamic loss observed.
- Sweep Tandem 30 bbls 36 smf & 20 bbls 180 smf Hi-Vis mud every 5 stands drilled.
- LCM pill standby in additional square tank.

Last WSG cutting description: 
SH100%
dk brn-brn, mod hd-hd, cly sz, n calc, tr blk mat, tr calc chlk, n fluor, n o cut (NSO)"
SEBL,SEBL_001,PHR-05,1/4/2026,12/1/2025 4:00,1/4/2026 17:00,DRLG,PRODCSG,CSGCMT,DRLDD,7,7,8.5,4354,"Cont'd Pattern Drilling 8-1/2"" Sidetrack Landing Section from 4354 ftMD to 4478 ftMD.

Drilling parameter:
- WOB : 7-18 Klbs
- Flow Rate : 600 gpm
- RPM : 40
- Pump Press (Off/On) : 2030 / 2140 psi
- Torque (Off/On) : 4.4 / 5.0 Kft-lbs

Recorded references:
- PU / SO / RW : 135 / 112 / 123 Klbs
- Slide/Rotate : 66% / 34% 
- Avg ROP : 17.9 fph
- Inst ROP : 35 fph 
- MW In/Out: 9.7/ 9.7 ppg
- ECD : 10.19 ppg
- BHT : 174.2 degF

Last Survey Update
Survey Depth: 4406.74 ftMD / 3945.81 ftTVD
Incl.: 68.22 deg
Azim.: 339.13 deg
DLS: 4.41 deg/100ft
Ct-Ct: 4.94 ft (0.35 Below , 4.93 Left )
Ct-Ct to Motherbore: 48.89 ft

Notes:
- Hole monitoring prior to connection
- K+ : 48K
- 0.25 ppb PHPA in active system.
- 20 ppb Preventive LCM + 5 ppb Graphite in mud system.
- 5 ppb Soltex added gradually to active system.
- 2% Lubricant in active system
- No dynamic loss observed.
- Sweep Tandem 30 bbls 36 smf & 20 bbls 180 smf Hi-Vis mud every 3 stands drilled.
- LCM pill standby in additional square tank.
- No dynamic loss observed

Last WSG cutting description: 
4470' MD : SST20%,SLTST20%,SH60% 
drkbrn, ltr gry, fmod hd-frm, cly-vf sz, n calc, trc blk mat, <1% mod bri yel fluor, vslo strm vthn mlky wh cut

=== After Midnight ===
00:'00 - 04:00
Cont'd Pattern Drilling 8-1/2"" Sidetrack Landing Section from 4478 ftMD to 4540 ftMD.

Drilling parameter:
- WOB : 5-20 Klbs
- Flow Rate : 600 gpm
- RPM : 40
- Pump Press (Off/On) : 2100 / 2200 psi
- Torque (Off/On) : 4.4 / 5.0 Kft-lbs

Recorded references:
- PU / SO / RW : 135 / 112 / 123 Klbs
- Slide/Rotate : 65% / 35% 
- Avg ROP : 13.5 fph
- Inst ROP : 32.2 fph 
- MW In/Out: 9.7/ 9.7 ppg
- ECD : 10.25 ppg
- BHT : 176.0 degF

Last Survey Update
Survey Depth: 4469.87 ftMD / 3967.73 ftTVD
Incl.: 71.14 deg
Azim.: 339.53 deg
DLS: 4.66 deg/100ft
Ct-Ct: 4.81 ft (0.03 Above , 4.81 Left )
Ct-Ct to Motherbore: 53.66 ft

04:00 - 05:00
CHC at Baseline#02 prior to short trip

"
SEBL,SEBL_001,PHR-05,1/5/2026,12/1/2025 4:00,1/5/2026,DRLG,PRODCSG,CSGCMT,DRLDD,4,4,8.5,4540,"Cont'd Pattern Drilling 8-1/2"" Sidetrack Landing Section from 4478 ftMD to 4540 ftMD.

Drilling parameter:
- WOB : 5-20 Klbs
- Flow Rate : 600 gpm
- RPM : 40
- Pump Press (Off/On) : 2100 / 2200 psi
- Torque (Off/On) : 4.4 / 5.0 Kft-lbs

Recorded references:
- PU / SO / RW : 135 / 112 / 123 Klbs
- Slide/Rotate : 65% / 35% 
- Avg ROP : 13.5 fph
- Inst ROP : 32.2 fph 
- MW In/Out: 9.7/ 9.7 ppg
- ECD : 10.25 ppg
- BHT : 176.0 degF

Last Survey Update
Survey Depth: 4469.87 ftMD / 3967.73 ftTVD
Incl.: 71.14 deg
Azim.: 339.53 deg
DLS: 4.66 deg/100ft
Ct-Ct: 4.81 ft (0.03 Above , 4.81 Left )
Ct-Ct to Motherbore: 53.66 ft

Notes:
- Hole monitoring prior to connection
- K+ : 48K
- 0.25 ppb PHPA in active system.
- 20 ppb Preventive LCM + 5 ppb Graphite in mud system.
- 5 ppb Soltex added gradually to active system.
- 2% Lubricant in active system
- No dynamic loss observed.
- Sweep Tandem 30 bbls 36 smf & 20 bbls 180 smf Hi-Vis mud every 5 stands drilled.
- LCM pill standby in additional square tank.
- No dynamic loss observed

"
SEBL,SEBL_001,PHR-05,1/5/2026,12/1/2025 4:00,1/5/2026 4:00,DRLG,PRODCSG,CSGCMT,CC,1.5,1.5,8.5,4540,"Sweep Tandem 30 bbls 36 smf & 20 bbls 180 smf Hi-Vis mud at 4540 ftMD. CHC 2x bottom-up with FR 600 gpm (2100 psi) & 40 RPM until no significant cutting observed on shakers.

Record Baseline #2 parameter at depth 4540 ftMD

Depth : 4540 ft-MD
Pump On  600 gpm
P/U : 135 klbs
S/O : 111 klbs
R/W : 122 klbs
RPM : 40 rpm
Off Btm Torque : 4.3 ft-klbs
Pressure : 2100 psi
MW /ECD:  9.7 / 10.25 ppg
 
Pump OFF 
P/U : 140 klbs
S/O : 113 klbs

Note:
- No dynamic loss observed"
SEBL,SEBL_001,PHR-05,1/5/2026,12/1/2025 4:00,1/5/2026 5:30,DRLG,PRODCSG,CSGCMT,TOH,3,3,8.5,4540,"TOH 8-1/2"" PDC Bit + Directional BHA#2 from 4540 ftMD to 3796 ftMD for short trip purpose as per sidetrack MOM. 

Record Baseline #2 parameter at depth 3796 ftMD

Depth : 3796 ft-MD
Pump On  600 gpm
P/U : 132 klbs
S/O : 110 klbs
R/W : 120 klbs
RPM : 40 rpm
Off Btm Torque : 4.3 kft-klbs
Pressure : 2050 psi
MW /ECD:  ppg
 
Pump OFF 
P/U : 135 klbs
S/O : 112 klbs

Notes :
- Monitor hole prior to TOH. Well static.
- Not found any significant drag during TOH.
- Keep well full."
SEBL,SEBL_001,PHR-05,1/5/2026,12/1/2025 4:00,1/5/2026 8:30,DRLG,PRODCSG,CSGCMT,TIH,1,1,8.5,4540,"TIH 8-1/2"" PDC Bit + Directional BHA#2 from 3796 ftMD to 4540 ftMD after short trip purpose as per sidetrack MOM. 

Notes :
- Monitor hole prior to TIH. Well static.
- Not found any significant drag during TIH.
- Keep well full."
SEBL,SEBL_001,PHR-05,1/5/2026,12/1/2025 4:00,1/5/2026 9:30,DRLG,PRODCSG,CSGCMT,DRLDD,2.5,2.5,8.5,4636,"Cont'd Pattern Drilling 8-1/2"" Sidetrack Landing Section from 4540 ftMD to 4636 ftMD.

Drilling parameter:
- WOB : 5-20 Klbs
- Flow Rate : 600 gpm
- RPM : 40
- Pump Press (Off/On) : 2140 / 2231 psi
- Torque (Off/On) : 4.7 / 5.7 Kft-lbs

Recorded references:
- PU / SO / RW : 136 / 110 / 120 Klbs
- Slide/Rotate : 16% / 84% 
- Avg ROP : 38.4 fph
- Inst ROP : 51.3 fph 
- MW In/Out: 9.7/ 9.7 ppg
- ECD : 10.30 ppg
- BHT : 172.4 degF
- Temp in/out : 164/168 ⁰F

Last Survey:
Survey Depth: 4560.00 ftMD / 3993.74 ftTVD
Incl.: 74.96 deg
Azim.: 339.95 deg
DLS: 2.74 deg/100ft
Ct-Ct: 3.84 ft ( 0.24 ft Above, 3.83 ft Left of Plan)
Ct-Ct to Motherbore: 61.39

Notes:
- Hole monitoring prior to connection
- K+ : 48K
- 0.25 ppb PHPA in active system.
- 20 ppb Preventive LCM + 5 ppb Graphite in mud system.
- 5 ppb Soltex added gradually to active system.
- 2% Lubricant in active system
- No dynamic loss observed.
- Sweep Tandem 30 bbls 36 smf & 20 bbls 180 smf Hi-Vis mud every 5 stands drilled.
- LCM pill standby in additional square tank.
- No dynamic loss observed

Last WSG cutting description: 
4550' - 4600' MD : SH100% 
drkbrn-brn, , mod hd-hd, cly sz, n calc, trc blk mat, n fluor, n o cut (NSO)"
SEBL,SEBL_001,PHR-05,1/5/2026,12/1/2025 4:00,1/5/2026 12:00,DRLG,PRODCSG,CSGCMT,DRLDD,5,5,8.5,4758,"Cont'd Pattern Drilling 8-1/2"" Sidetrack Landing Section from 4636 ftMD to 4758 ftMD.

Drilling parameter:
- WOB : 5-20 Klbs
- Flow Rate : 600 gpm
- RPM : 40
- Pump Press (Off/On) : 2140 / 2240 psi
- Torque (Off/On) : 4.8 / 5.8 Kft-lbs

Recorded references:
- PU / SO / RW : 138 / 106 / 121 Klbs
- Slide/Rotate : 25% / 75% 
- Avg ROP : 24.2 fph
- Inst ROP : 36.7 fph 
- MW In/Out: 9.7/ 9.7 ppg
- ECD : 10.35 ppg
- BHT : 176 degF
- Temp in/out : 164/168 ⁰F

Last Survey:
Survey Depth: 4656.77 ftMD / 4018.59 ftTVD
Incl.: 75.18 deg
Azim.: 339.43 deg
DLS: 0.57 deg/100ft
Ct-Ct: 3.07 ft ( 0.37 ft Above, 3.05 ft Left of Plan)
Ct-Ct to Motherbore: 70.04 ft

Notes:
- Hole monitoring prior to connection
- K+ : 48K
- 0.25 ppb PHPA in active system.
- 20 ppb Preventive LCM + 5 ppb Graphite in mud system.
- 5 ppb Soltex added gradually to active system.
- 2% Lubricant in active system
- No dynamic loss observed.
- Sweep Tandem 30 bbls 36 smf & 20 bbls 180 smf Hi-Vis mud every 5 stands drilled.
- LCM pill standby in additional square tank.
- No dynamic loss observed

Last WSG cutting description: 
4740' MD : SST30% SLT20%, SH50%
drkbrn, ltgry-gry, loc offwh, firm -mod hd, cly-vf grn, n calc, qtz, rr, co, tr blk mat, 7-10% mod bri yl flo, vslo strm vthn mlky wh cut (◆/●)"
SEBL,SEBL_001,PHR-05,1/5/2026,12/1/2025 4:00,1/5/2026 17:00,DRLG,PRODCSG,CSGCMT,DRLDD,7,7,8.5,4852,"Cont'd Pattern Drilling 8-1/2"" Sidetrack Landing Section from 4758 ftMD to 4852 ftMD.

Drilling parameter:
- WOB : 5-20 Klbs
- Flow Rate : 600 gpm
- RPM : 40
- Pump Press (Off/On) : 2200 / 2300 psi
- Torque (Off/On) : 5.2 / 6.0 Kft-lbs

Recorded references:
- PU / SO / RW : 137 / 105 / 119 Klbs
- Slide/Rotate : 40% / 60% 
- Avg ROP : 13.5 fph
- Inst ROP : 26.17 fph 
- MW In/Out: 9.7/ 9.7 ppg
- ECD : 10.55 ppg
- BHT : 177.8 degF
- Temp in/out : 164/168 ⁰F

Last Survey Update
Survey Depth: 4780.49 ftMD / 4048.87 ftTVD
Incl.: 77.06 deg
Azim.: 339.15 deg
DLS: 2.61 deg/100ft
Ct-Ct: 3.1 ft (0.96 Above , 2.94 Left )
Ct-Ct to Motherbore: 80.36 ft

* Last WSG cutting description: 
4820' - 4850' MD : SST10% SLT20%, SH70%
brn, ltgry-gry, loc gr, firm-mod, cly-vf grn, n calc, qtz, tr blk mat, 1% mod bri yl flo, vslo vthn mlky wh stmg cut (n-◆)

===== After Midnight =======
00:00 - 05:00
Cont'd Pattern Drilling 8-1/2"" Sidetrack Landing Section from 4852 ftMD to 4907 ftMD.

Drilling parameter:
- WOB : 5-25 Klbs
- Flow Rate : 600 gpm
- RPM : 40
- Pump Press (Off/On) : 2240 / 2300 psi
- Torque (Off/On) : 5.5 / 6.5 Kft-lbs

Recorded references:
- PU / SO / RW : 137 / 105 / 119 Klbs
- Slide/Rotate : 36% / 64% 
- Avg ROP : 11.1 fph
- Inst ROP : 18.76 fph 
- MW In/Out: 9.7/ 9.7 ppg
- ECD : 10.55 ppg
- BHT : 177.8 degF
- Temp in/out : 164/168 ⁰F

Last Survey Update
Survey Depth: 4780.49 ftMD / 4048.87 ftTVD
Incl.: 77.06 deg
Azim.: 339.15 deg
DLS: 2.61 deg/100ft
Ct-Ct: 3.1 ft (0.96 Above , 2.94 Left )
Ct-Ct to Motherbore: 80.36 ft

* Last WSG cutting description: 
4860' - 4870' MD : SST10% SLT20%, SH70%
brn, ltgry-gry, mod hd-frm, cly-vf grn, n calc, qtz, tr blk mat, 1% mod bri yel flo, vslo vthn mlky wh stmg cut (n-◆)"
SEBL,SEBL_001,PHR-05,1/6/2026,12/1/2025 4:00,1/6/2026,DRLG,PRODCSG,CSGCMT,DRLDD,5,5,8.5,4907,"Cont'd Pattern Drilling 8-1/2"" Sidetrack Landing Section from 4852 ftMD to 4907 ftMD.

Drilling parameter:
- WOB : 5-25 Klbs
- Flow Rate : 600 gpm
- RPM : 40
- Pump Press (Off/On) : 2240 / 2300 psi
- Torque (Off/On) : 5.5 / 6.5 Kft-lbs

Recorded references:
- PU / SO / RW : 137 / 105 / 119 Klbs
- Slide/Rotate : 36% / 64% 
- Avg ROP : 11.1 fph
- Inst ROP : 18.76 fph 
- MW In/Out: 9.7/ 9.7 ppg
- ECD : 10.55 ppg
- BHT : 177.8 degF
- Temp in/out : 164/168 ⁰F

Last Survey Update
Survey Depth: 4780.49 ftMD / 4048.87 ftTVD
Incl.: 77.06 deg
Azim.: 339.15 deg
DLS: 2.61 deg/100ft
Ct-Ct: 3.1 ft (0.96 Above , 2.94 Left )
Ct-Ct to Motherbore: 80.36 ft

* Last WSG cutting description: 
4860' - 4870' MD : SST10% SLT20%, SH70%
brn, ltgry-gry, mod hd-frm, cly-vf grn, n calc, qtz, tr blk mat, 1% mod bri yel flo, vslo vthn mlky wh stmg cut (n-◆)"
SEBL,SEBL_001,PHR-05,1/6/2026,12/1/2025 4:00,1/6/2026 5:00,DRLG,PRODCSG,CSGCMT,DRLDD,7,7,8.5,4977,"Cont'd Pattern Drilling 8-1/2"" Sidetrack Landing Section from 4907 ftMD to 4977 ftMD.

Drilling parameter:
- WOB : 7-33 Klbs
- Flow Rate : 600 gpm
- RPM : 40
- Pump Press (Off/On) : 2240 / 2300 psi
- Torque (Off/On) : 5.7 / 6.7 Kft-lbs

Recorded references:
- PU / SO / RW : 140 / 100 / 120 Klbs
- Slide/Rotate : 64% / 36% 
- Avg ROP : 10 fph
- Inst ROP : 17.2 fph 
- MW In/Out: 9.7/ 9.7 ppg
- ECD : 10.52 ppg
- BHT : 177.6 degF
- Temp in/out : 168/172 ⁰F

Last Survey Update
Survey Depth: 4893.89 ftMD / 4070.02 ftTVD
Incl.: 80.34 deg
Azim.: 339.13 deg
DLS: 0.58 deg/100ft
Ct-Ct: 3.24 ft (0.27 Above , 3.23 Left )
Ct-Ct to Motherbore: 88.19 ft

Notes:
- Hole monitoring prior to connection
- K+ : 48K
- 0.25 ppb PHPA in active system.
- 20 ppb Preventive LCM + 5 ppb Graphite in mud system.
- 5 ppb Soltex added gradually to active system.
- 2% Lubricant in active system
- No dynamic loss observed.
- Sweep Tandem 30 bbls 36 smf & 20 bbls 180 smf Hi-Vis mud every 5 stands drilled.
- LCM pill standby in additional square tank.
- No dynamic loss observed

* Last WSG cutting description: 
4960' - 4970' MD : SST20%, SLTST50%, SH30%
brn-gry, firm-mod hd, cly-vf grn, n calc, qtz, tr blk mat, 1% mod bri yel fluor, vslo vthn mlky wh stmg cut (n-◆)"
SEBL,SEBL_001,PHR-05,1/6/2026,12/1/2025 4:00,1/6/2026 12:00,DRLG,PRODCSG,CSGCMT,DRLDD,5,5,8.5,5070,"Cont'd Pattern Drilling 8-1/2"" Sidetrack Landing Section from 4977 ftMD to 5070 ftMD.

Drilling parameter:
- WOB : 7-34 Klbs
- Flow Rate : 600 gpm
- RPM : 40-60
- Pump Press (Off/On) : 2150 / 2300 psi
- Torque (Off/On) : 6.5 / 7.5 Kft-lbs

Recorded references:
- PU / SO / RW : 139 / 100 / 120 Klbs
- Slide/Rotate : 53% / 47% 
- Avg ROP : 18.6 fph
- Inst ROP : 25.6 fph 
- MW In/Out: 9.7/ 9.7 ppg
- ECD : 10.60 ppg
- BHT : 179.6 degF
- Temp in/out : 168/172 ⁰F

Last Survey Update
Survey Depth: 4956.49 ftMD / 4079.02 ftTVD
Incl.: 83.12 deg
Azim.: 338.89 deg
DLS: 4.46 deg/100ft
Ct-Ct: 3.67 ft (1.25 Below , 3.45 Left )
Ct-Ct to Motherhole: 92.27 ft

Notes:
- Hole monitoring prior to connection
- K+ : 48K
- 0.25 ppb PHPA in active system.
- 20 ppb Preventive LCM + 5 ppb Graphite in mud system.
- 5 ppb Soltex added gradually to active system.
- 2% Lubricant in active system
- No dynamic loss observed.
- Sweep Tandem 30 bbls 36 smf & 20 bbls 180 smf Hi-Vis mud every 5 stands drilled.
- LCM pill standby in additional square tank.
- No dynamic loss observed

* Last WSG cutting description: 
5030' MD : SST10%, SLTST50%, SH40%
brn-dk brn, loc gry, firm-mod hd, cly-vf grn, n calc, vf qtz, tr blk mat, no fluor, no cut (NSO)
"
SEBL,SEBL_001,PHR-05,1/6/2026,12/1/2025 4:00,1/6/2026 17:00,DRLG,PRODCSG,CSGCMT,DRLDD,7,7,8.5,5178,"Cont'd Pattern Drilling 8-1/2"" Sidetrack Landing Section from 5070 ftMD to 5178 ftMD.

* Drilling parameter:
- WOB : 5-30 Klbs
- Flow Rate : 600 gpm
- RPM : 40
- Pump Press (Off/On) : 2300 / 2350 psi
- Torque (Off/On) : 7.9 / 8.4 Kft-lbs

* Recorded references:
- PU / SO / RW : 139 / 101 / 120 Klbs
- Slide/Rotate : 24% / 76% 
- Avg ROP : 15.42 fph
- Inst ROP : 34.06 fph 
- MW In/Out: 9.7/ 9.7 ppg
- ECD : 10.60 ppg
- BHT : 179.60 degF

* Last Survey Update
Survey Depth: 5093.54 ftMD / 4088.1 ftTVD
Incl.: 87.85 deg
Azim.: 337.74 deg
DLS: 2.45 deg/100ft
Ct-Ct: 4.89 ft (1.65 Below , 4.61 Left )
Ct-Ct to Motherhole: 91.76 ft
 
* Last WSG cutting description: 
5180' MD : SST20% SLTST30%, SH50%
ltgry-gry, tr brn, firm-mod hd, cly-vf grn, n calc, qtz, tr blk mat, n o fluor, no cut (NSO)

======= After Midnight =======
00:00 - 01:30
Cont'd Pattern Drilling 8-1/2"" Sidetrack Landing Section from 5178 ftMD to 5216 ftMD.

* Drilling parameter:
- WOB : 5-30 Klbs
- Flow Rate : 600 gpm
- RPM : 40
- Pump Press (Off/On) : 2300 / 2350 psi
- Torque (Off/On) : 7.9 / 8.6 Kft-lbs

* Recorded references:
- PU / SO / RW : 140 / 101 / 120 Klbs
- Slide/Rotate : 0% / 100% 
- Avg ROP : 25.5 fph
- Inst ROP : 50 fph 
- MW In/Out: 9.7/ 9.7 ppg
- ECD : 10.60 ppg
- BHT : 179.60 degF

* Last Survey Update
Survey Depth: 5093.54 ftMD / 4088.1 ftTVD
Incl.: 87.85 deg
Azim.: 337.74 deg
DLS: 2.45 deg/100ft
Ct-Ct: 4.89 ft (1.65 Below , 4.61 Left )
Ct-Ct to Motherhole: 91.76 ft

* Last WSG cutting description: 
5216' MD : SST20% SLTST30%, SH50%
ltgry-gry, tr brn, firm-mod hd, cly-vf grn, n calc, qtz, tr blk mat, n o fluor, no cut (NSO)

01:30 - 03:30
Found Mud Pump Problem decided to stop drilling and CHC at depth 5216' MD with 600 GPM 2300 psi 40 RPM

Note:
- MP#01 and MP#03 have leakage problem at module MP need to replacement
- Swept Lo-HiVis at bottom
- Observe well static before TOH

03:30 - 05:00
TOH BHA#07 8-1/2in while repair MP"
SEBL,SEBL_001,PHR-05,1/7/2026,12/1/2025 4:00,1/7/2026,DRLG,PRODCSG,CSGCMT,DRLDD,1.5,1.5,8.5,5216,"Cont'd Pattern Drilling 8-1/2"" Sidetrack Landing Section from 5178 ftMD to 5216 ftMD.

* Drilling parameter:
- WOB : 5-30 Klbs
- Flow Rate : 600 gpm
- RPM : 40
- Pump Press (Off/On) : 2300 / 2350 psi
- Torque (Off/On) : 7.9 / 8.6 Kft-lbs

* Recorded references:
- PU / SO / RW : 140 / 101 / 120 Klbs
- Slide/Rotate : 0% / 100% 
- Avg ROP : 25.5 fph
- Inst ROP : 50 fph 
- MW In/Out: 9.7/ 9.7 ppg
- ECD : 10.60 ppg
- BHT : 179.60 degF

* Last Survey Update
Survey Depth: 5093.54 ftMD / 4088.1 ftTVD
Incl.: 87.85 deg
Azim.: 337.74 deg
DLS: 2.45 deg/100ft
Ct-Ct: 4.89 ft (1.65 Below , 4.61 Left )
Ct-Ct to Motherhole: 91.76 ft

Notes:
- Hole monitoring prior to connection
- K+ : 48K
- 0.25 ppb PHPA in active system.
- 20 ppb Preventive LCM + 5 ppb Graphite in mud system.
- 5 ppb Soltex added gradually to active system.
- 2% Lubricant in active system
- No dynamic loss observed.
- Sweep Tandem 30 bbls 36 smf & 20 bbls 180 smf Hi-Vis mud every 5 stands drilled.
- LCM pill standby in additional square tank.
- No dynamic loss observed

* Last WSG cutting description: 
5216' MD : SST20% SLTST30%, SH50%
ltgry-gry, tr brn, firm-mod hd, cly-vf grn, n calc, qtz, tr blk mat, n o fluor, no cut (NSO)"
SEBL,SEBL_001,PHR-05,1/7/2026,12/1/2025 4:00,1/7/2026 1:30,DRLG,PRODCSG,CSGCMT,EQRPR,2,2,8.5,5216,"Found Mud Pump Problem decided to stop drilling and CHC at depth 5216' MD with 600 GPM 2300 psi 40 RPM

Note:
- MP#01 and MP#03 have leakage problem at module MP need to replacement
- Swept Lo-HiVis at bottom
- Observe well static before TOH"
SEBL,SEBL_001,PHR-05,1/7/2026,12/1/2025 4:00,1/7/2026 3:30,DRLG,PRODCSG,CSGCMT,TOH,17.5,17.5,8.5,5216,"TOH BHA#07 while repair MP#03 and MP#01 until depth 1586' MD.

Noted:
- C/O cover gasket and liner cage MP#01.
- C/O fluid end module MP#03.
- Hole Monitoring during TOH
- Not found significant drag during TOH
- Well static
- F/T All MP single with 300 GPM 470psi - OK
- F/T All MP combine with 600 GPM 1350psi - OK"
SEBL,SEBL_001,PHR-05,1/7/2026,12/1/2025 4:00,1/7/2026 21:00,DRLG,PRODCSG,CSGCMT,TIH,3,3,8.5,5216,"TIH BHA#07 to bottom, current depth 3045 ftMD

Noted:
- Hole Monitoring during TIH
- Not found significant drag during TIH
- Well static
- Break Circulating every 1000ft with 600GPM
- at 2560' MD 600 GPM 1350 psi

========== After Midnight ==========
00:00 - 05:00
TIH BHA#07 to bottom, current depth 4416 ftMD

Noted:
- Hole Monitoring during TIH
- Found tagged 5 klbs at depth 3310' MD, 3495' MD, 3731' MD washdown with 500 GPM and oriented TF
- Well static
- Break Circulating every 1000ft with 600GPM
- at 2560' MD 600 GPM 1350 psi"
SEBL,SEBL_001,PHR-05,1/8/2026,12/1/2025 4:00,1/8/2026,DRLG,PRODCSG,CSGCMT,TIH,13.5,13.5,8.5,5216,"TIH BHA#07 to bottom at 5216 ftMD.

Noted:
- Hole Monitoring during TIH
- Found tagged 5 klbs at depth 3310' MD, 3495' MD, 3731' MD washdown with 500 GPM and oriented TF
- Found tagged 5 klbs at depth 4364' MD, got pressure spike to 2300 psi washdown with 400 GPM. Attempt to rotate got stall indication. Sweep tandem LoVis and HiVis pill. Parameter got stabilize. Attempt to TIH with pump off. OK. Check P/U got overpull 10 klbs. Discuss with office got decision to continue TIH.
- Found tagged 5 klbs at depth 4543' MD, washdown with 500-600 GPM.
- Found tagged 5 klbs at depth 4732' MD, washdown with 500-600 GPM.
- Well static
- Break Circulating every 1000ft with 600GPM
- Mud Specialist and TA Soltice visited location to supervise mud operation."
SEBL,SEBL_001,PHR-05,1/8/2026,12/1/2025 4:00,1/8/2026 13:30,DRLG,PRODCSG,CSGCMT,CC,2,2,8.5,5216,"Sweep Tandem 30 bbls 36 smf LoVis & 30 bbls 180 smf HiVis-HiDens (10.2 ppg)  mud at 5216 ftMD. CHC 2x bottom-up with FR 600 gpm (2100 psi) & 40 RPM until no significant cutting observed on shakers.

Note:
- Last cutting description after CHC: 85% shale, 15% sloughing, sloughing 1-2%
- Mud Specialist recomended to:
 * Sweep tandem LoVis and HiVis-HiDens to improve hole cleaning
 * Increase MW to 9.8 ppg to combat sloughing
"
SEBL,SEBL_001,PHR-05,1/8/2026,12/1/2025 4:00,1/8/2026 15:30,DRLG,PRODCSG,CSGCMT,DRLSLD,1.5,1.5,8.5,5226,"Cont'd Drilling 8-1/2"" Sidetrack Landing Section from 5216 ftMD to 5226 ftMD.

* Drilling parameter:
- WOB : 5-35 Klbs
- Flow Rate : 600 gpm
- RPM : -
- Pump Press (Off/On) : 2085 / 2130 psi
- Torque (Off/On) : - / - Kft-lbs

* Recorded references:
- PU / SO / RW : 142 / 96 / 116 Klbs
- Slide/Rotate : 100% / 0% 
- Avg ROP : 6.7 fph
- Inst ROP : 10.75 fph 
- MW In/Out: 9.7/ 9.7 ppg
- ECD : 10.68 ppg
- BHT : 172.4 degF

* Last Survey Update
Survey Depth: 5155.14 ftMD / 4090.4 ftTVD
Incl.: 87.88 deg
Azim.: 337.53 deg
DLS: 0.34 deg/100ft
Ct-Ct: 6.57 ft (1.87 Below , 6.3 Left )
Ct-Ct to Motherbore: 113.88 ft

Notes:
- Hole monitoring prior to connection
- K+ : 48K
- 0.25 ppb PHPA in active system.
- 20 ppb Preventive LCM + 5 ppb Graphite in mud system.
- 5 ppb Soltex added gradually to active system.
- 2% Lubricant in active system
- No dynamic loss observed.
- Sweep Tandem 30 bbls 36 smf & 20 bbls 180 smf Hi-Vis mud every 5 stands drilled.
- LCM pill standby in additional square tank.
- No dynamic loss observed
- Discussed with office, decided to increase MW to 9.8 ppg

* Last WSG cutting description: 
5220' MD : SST20% SLTST20%, SH60%
ltgry-gry, tr brn, firm-mod hd, cly-vf grn, n calc, qtz, tr blk mat, n o fluor, no cut (NSO)"
SEBL,SEBL_001,PHR-05,1/8/2026,12/1/2025 4:00,1/8/2026 17:00,DRLG,PRODCSG,CSGCMT,DRLSLD,7,7,8.5,5323,"Cont'd Drilling 8-1/2"" Sidetrack Landing Section from 5226 ftMD to 5323 ftMD.

* Drilling parameter:
- WOB : 10-35 Klbs
- Flow Rate : 600 gpm
- RPM : 70
- Pump Press (Off/On) : 2360 / 2320 psi
- Torque (Off/On) : 8.4 / 8.0 Kft-lbs

* Recorded references:
- PU / SO / RW : 143 / 96 / 112 Klbs
- Slide/Rotate : 19% / 81% 
- Avg ROP : 13.9 fph
- Inst ROP : 23.31 fph 
- MW In/Out: 9.8/ 9.8 ppg
- ECD : 10.8 ppg
- BHT : 183 degF

* Last Survey Update
Survey Depth: 5217.20 ftMD / 4093.56 ftTVD
Incl.: 86.29 deg
Azim.: 337.30 deg
DLS: 2.58 deg/100ft
Ct-Ct: 8.85 ft (3.23 Below , 8.24 Left )
Ct-Ct to Motherbore: 152.05 ft

Notes:
- Discussed with office, decided to increase MW to 9.8 ppg
- Pre Landing point meeting result decided to set LP at 5325' MD

* Last WSG cutting description: 
5290' MD : SST25% SLTST30% SH45%,

== After Midnight ==
00:00 - 00:15 :
Cont'd Drilling 8-1/2"" Sidetrack Landing Section from 5323 ftMD to 5325 ftMD.

* Drilling parameter:
- WOB : 25 Klbs
- Flow Rate : 600 gpm
- RPM : 70
- Pump Press (Off/On) : 2360 / 2320 psi
- Torque (Off/On) : 8.4 / 8.0 Kft-lbs

* Recorded references: 
- PU / SO / RW : 145 / 95 / 115 Klbs
- Slide/Rotate : -% / 100% 
- Avg ROP : 8 fph
- Inst ROP : 13.3 fph 
- MW In/Out: 9.8/ 9.8 ppg
- ECD : 10.8 ppg
- BHT : 183 degF

* Last Survey Update
Survey Depth: 5252.9 ftMD / 4095.98 ftTVD
Incl.: 85.92 deg
Azim.: 337.02 deg
DLS: 1.3 deg/100ft
Ct-Ct:  10.63ft ( 4.78 Below,  9.5ft Left of Plan)

Projection to Landing Point @5325 ftMD

Survey Depth: 5325 ftMD / 4102.00 ftTVD
Incl.: 84.50 deg
Azim.: 337.00 deg
DLS: 1.97 deg/100ft
Ct-Ct:  15.37ft ( 9.27 Below,  12.26ft Left of Plan)

Notes :
- Cutting Description at LP 5325' MD : SST25% SLTST30% SH45%

00.15 - 03:30 :
CHC 2X BU. Swept tandem lo-vis - hi-vis + Hi-Den 2x30. CHC 1x BU

03:30 - 05:00 :
TOH 8-1/2"" + BHA#7. Current depth at 5012 ftMD

Note :
Found Tagged at 5012' MD Lower Bit and CHC while reciprocate"
SEBL,SEBL_001,PHR-05,1/9/2026,12/1/2025 4:00,1/9/2026,DRLG,PRODCSG,CSGCMT,DRLDD,0.25,0.25,8.5,5325,"Cont'd Drilling 8-1/2"" Sidetrack Landing Section from 5323 ftMD to 5325 ftMD.

* Drilling parameter:
- WOB : 25 Klbs
- Flow Rate : 600 gpm
- RPM : 70
- Pump Press (Off/On) : 2320 / 2360 psi
- Torque (Off/On) : 8.0 / 8.4 Kft-lbs

* Recorded references: 
- PU / SO / RW : 145 / 95 / 115 Klbs
- Slide/Rotate : -% / 100% 
- Avg ROP : 8 fph
- Inst ROP : 13.3 fph 
- MW In/Out: 9.8/ 9.8 ppg
- ECD : 10.8 ppg
- BHT : 183 degF

* Last Survey Update
Survey Depth: 5252.9 ftMD / 4095.98 ftTVD
Incl.: 85.92 deg
Azim.: 337.02 deg
DLS: 1.3 deg/100ft
Ct-Ct:  10.63ft ( 4.78 Below,  9.5ft Left of Plan)

Projection to Landing Point @5325 ftMD

Survey Depth: 5325 ftMD / 4102.00 ftTVD
Incl.: 84.50 deg
Azim.: 337.00 deg
DLS: 1.97 deg/100ft
Ct-Ct:  15.37ft ( 9.27 Below,  12.26ft Left of Plan)

Notes :
- Cutting Description at LP 5325' MD : SST25% SLTST30% SH45%"
SEBL,SEBL_001,PHR-05,1/9/2026,12/1/2025 4:00,1/9/2026 0:15,DRLG,PRODCSG,CSGCMT,CC,3.25,3.25,8.5,5325,"CHC 2X BU. Swept tandem lo-vis - hi-vis + Hi-Den 2x30. CHC 1x BU

Baseline# @5325 ftMD

Depth : 5325-MD
Pump On  600 gpm
P/U : 140 klbs
S/O : 97 klbs
R/W : 115 klbs
RPM : 40 rpm
Off Btm Torque : 8 kft-klbs
Pressure : 2230 psi
MW /ECD:  9.8 / 10.8 ppg
 
Pump OFF 
P/U : 143 klbs
S/O : 100 klbs

Note:
- No dynamic loss observed"
SEBL,SEBL_001,PHR-05,1/9/2026,12/1/2025 4:00,1/9/2026 3:30,DRLG,PRODCSG,CSGCMT,TOH,12.5,12.5,8.5,5325,"TOH 8-1/2"" + BHA#7 to 112 ftMD

Note :
- Hole Monitoring during TOH, well static
- Keep hole full
- Found Tagged at 5012' MD Lower Bit and CHC while reciprocate with 600 gpm (2300 psi).
- No other significant drag observed while TOH."
SEBL,SEBL_001,PHR-05,1/9/2026,12/1/2025 4:00,1/9/2026 16:00,DRLG,PRODCSG,CSGCMT,BHAPU/LD,3,3,8.5,5325,"L/D 8-1/2"" PDC Bit + Directional BHA #7 (Motor A675M7850XP  +  6-3/4” OD Float Sub c/w Float Valve (NP)  + 7-1/2"" String Stabilizer + 6-3/4"" NMPC + MWD 6 3/4"" TeleScope + 6-3/4"" NMDC

* P_SEBL-MSF25_0001_ST_8.50inHS_Run 1
AKO Motor : 1.50 deg 
RPG Motor : 0.28 rev/gal

Motor Bearing Gap in/out = 1 mm / 6 mm

Dir Sensor Distance = 70.19 ft
PWD Sensor Distance = 44.17 ft
Zinc Sensor Distance = 36.48 ft
Resistivity Sensor Distance = 47.80 ft
Gamma Ray Sensor Distance = 42.14 ft
TFO : 253.88 deg

Total Circulating Time of : 
* 6-3/4” Motor in/out = 0 / 127.60 hours
* 6-3/4” Float Sub in/out =  0 / 127.60 hours
* 7-1/2"" String Stabilizer =  0 / 127.60 hours
* 6-3/4"" ARC LWD in/out = 0 / 127.60 hours
* 6-3/4"" Telescope MWD  = 0 / 127.60 hours
* 6-3/4"" NMDC in/out =  0 / 127.60 hours
* 6-1/2 Drilling Jar = 80 /  207.60 hours

Jar Setting
Up = 90
Down = 50
Delay = 78 sec
==================================

* 8-½ PDC Bit Data (Baker Hughes):
Type     : TD605K
S/N       : 5368908
Size      : 8½""
Nozzle : (4X15)(1X14)(1X13)
TFA       : 0,970
Used     : New
Length  : 0,85 ft
Dull Grading In : New
=================
 Dull grading out: 
 0-0-NO-A-X-IN-NO-TD"
SEBL,SEBL_001,PHR-05,1/9/2026,12/1/2025 4:00,1/9/2026 19:00,DRLG,PRODCSG,CSGCMT,BHAPU/LD,1,1,8.5,5325,"Prepare handling tools and equipments for next BHA, S/U additional 5in DP 2 jts.

Note:
- F/T All breaking systems - OK
- Changed manual tong dice"
SEBL,SEBL_001,PHR-05,1/9/2026,12/1/2025 4:00,1/9/2026 20:00,DRLG,PRODCSG,CSGCMT,BHAPU/LD,4,4,8.5,5325,"PJSM, M/U & TIH BHA#08_8-1/2"" PDC HO + Bit Sub 4-1/2"" Reg x 4-1/2"" IF + 6 jts 5"" HWDP + 12 jts 5"" DP + 7 jts 5"" DP + 1 ea 6-1/2"" Dual Acting Hydraulic Jar + 20 jts 5"" DP + 18 jts 5"" HWDP + 6 jts 5"" DP + 4 jts 5"" HWDP + 10 jts 5"" DP + 12 jts 5"" HWDP + 70 jts 5"" DP, to depth 2270 ftMD

P_SEBL-MSF25_0001_ST_8.5inHS_Hole Opener BHA

Hole Opener Data :
Manufacture : SLB
Type    : Fixed Cutter Hole Opener
S/N      : 186304
Size      : 8.50"" 
HO Nozzle :  5 x 16/32
Tfa        : 0.982 sq.in
Bullnose Nozzle : 1x20
Tfa : 0.307
Length  : 5.68 ft
Used     : RB.RR1
Dull Grading :
In : 0-1-NO-G-X-IN-WT-TD
Out :

Jar Settings Data :
- Jar Up.       : 90 klbs
- ⁠Jar Down.  : 50 klbs
- ⁠Delay Time : 78 secs

Running Hrs Data
* 8-1/2” Hole Opener in / out = 0 / xx hrs
- 6-1/2"" HydroMech Jar in / Out = 207.60 / xx hrs

Notes:
- JAR in on 09 January 2026 at 21:30
- Break circulation on casing shoe @660 ftMD, FR : 300 GPM, PP : 577 psi, full return
- Break circulation on depth 1628 ftMD, PP : FR : 500 GPM, PP : 470 psi, full return

========== After Midnight =============
00:00 - 05:00
Cont'd TIH 8-1/2"" HO + Bit Sub 4-1/2"" Reg x 4-1/2"" IF + 6 jts 5"" HWDP + 12 jts 5"" DP + 7 jts 5"" DP + 1 ea 6-1/2"" Dual Acting Hydraulic Jar + 20 jts 5"" DP + 18 jts 5"" HWDP + 6 jts 5"" DP + 4 jts 5"" HWDP + 10 jts 5"" DP + 12 jts 5"" HWDP + 70 jts 5"" DP, to depth 4563 ftMD

Notes:
- JAR in on 09 January 2026 at 21:30
- Break circulation on casing shoe @660 ftMD, FR : 300 GPM, PP : 577 psi, full return
- Break circulation on depth 1628 ftMD, PP : FR : 500 GPM, PP : 470 psi, full return
- Break circulation on depth 2622 ftMD, PP : FR : 500 GPM, PP : 700 psi, full return
- Break circulation on depth 3503 ftMD, PP : FR : 500 GPM, PP : 850 psi, full return
- Break circulation on depth 4438 ftMD, PP : FR : 500 GPM, PP : 900 psi, full return
- Found tagged to 8 klbs at 3085 'MD and 4550' MD, need to washdown with 300 GPM, makesure TIH with elevator before continue."
SEBL,SEBL_001,PHR-05,1/10/2026,12/1/2025 4:00,1/10/2026,DRLG,PRODCSG,CSGCMT,TIH,7,7,8.5,5325,"Cont'd TIH 8-1/2"" PDC HO + Bit Sub 4-1/2"" Reg x 4-1/2"" IF + 6 jts 5"" HWDP + 12 jts 5"" DP + 7 jts 5"" DP + 1 ea 6-1/2"" Dual Acting Hydraulic Jar + 20 jts 5"" DP + 18 jts 5"" HWDP + 6 jts 5"" DP + 4 jts 5"" HWDP + 10 jts 5"" DP + 12 jts 5"" HWDP + 70 jts 5"" DP, to depth 5325 ftMD

Notes:
- JAR in on 09 January 2026 at 21:30
- Break circulation on casing shoe @660 ftMD, FR : 300 GPM, PP : 577 psi, full return
- Break circulation on depth 1628 ftMD, PP : FR : 500 GPM, PP : 470 psi, full return
- Break circulation on depth 2622 ftMD, PP : FR : 500 GPM, PP : 700 psi, full return
- Break circulation on depth 3503 ftMD, PP : FR : 500 GPM, PP : 850 psi, full return
- Break circulation on depth 4438 ftMD, PP : FR : 500 GPM, PP : 900 psi, full return
- Found tagged to 8 klbs at 3085 'MD, 4550' MD, and 4740' MD, need to washdown with 300 GPM, makesure TIH with elevator before continue."
SEBL,SEBL_001,PHR-05,1/10/2026,12/1/2025 4:00,1/10/2026 7:00,DRLG,PRODCSG,CSGCMT,CC,3,3,8.5,5325,"CHC 2X BU. Swept tandem LoVis + HiVis-HiDens 2x30. CHC 1x BU

Record Baseline w/ Hole Opener at 5325 ftMD

Depth : 5325-MD
Pump On  600 gpm
P/U : 130 klbs
S/O : 98 klbs
R/W : 110 klbs
RPM : 40 rpm
Off Btm Torque : 7.7 kft-klbs
Pressure :  1570 psi
MW : 9.8 ppg
 
Pump OFF 
P/U : 142klbs
S/O : 100 klbs

Note:
- No dynamic loss observed
- Fluid caliper avg. hole size: 9.98"""
SEBL,SEBL_001,PHR-05,1/10/2026,12/1/2025 4:00,1/10/2026 10:00,DRLG,PRODCSG,CSGCMT,TOH,14,14,8.5,5325,"TOH 8-1/2"" PDC HO, to depth 681 ftMD

Notes:
- Monitor hole prior TOH. Well static.
- Keep hole full
- No significant drag while TOH
- Rack Back & Slack off every 5"" DP Connection
- L/D 1 jts 5"" DP + All 5"" HWDP
- Found Hard Connection on several Tubular

========== After Midnight =============

00:00 - 03:00 :
Cont'd TOH & L/D 8-1/2"" PDC HO

Notes:
- Monitor hole prior TOH. Well static.
- Keep hole full
- No significant drag while TOH
- Rack Back & Slack off every 5"" DP Connection
- L/D 1 jts 5"" DP + All 5"" HWDP
- Found Hard Connection on several Tubular

03:00 - 04:15 :
Prepare for running 7"" Casing.

Note:
- Change out link elevator
- Install 7"" casing elevator
- Install casing tong
- Prepare FOSV x casing swedge 7"" btc
- Prepare casing swedge 7"" btc x 2""
- House keeping on rig floor

04:15 - 05:00 :
PJSM, TIH 7"" Float Shoe (BTC) + 2 Jt 7""  (L-80, 26#, BTC, R3) + 7"" Float Collar NR + 0 of 101 jts 7"" casing R3 (L-80, 26#, BTC) + 1 jts 7"" casing R1 Marker (L-80, 26#, BTC) + 0 of 35  jts 7"" casing R3 ( L-80, 29#, BTC). Current shoe depth at 78.5 ftMD

Notes: 
- Checked float shoe + float collar. OK 
- Filled-up casing every joint 
- Shoe Track Volume: 3.05 bbls / 1.5 %
- Observe well fluid level : static"
SEBL,SEBL_001,PHR-05,1/11/2026,12/1/2025 4:00,1/11/2026,DRLG,PRODCSG,CSGCMT,TOH,3,3,8.5,5325,"Cont'd TOH & L/D 8-1/2"" PDC HO

Hole Opener Data :
Manufacture : SLB
Type    : Fixed Cutter Hole Opener
S/N      : 186304
Size      : 8.50"" 
HO Nozzle :  5 x 16/32
Tfa        : 0.982 sq.in
Bullnose Nozzle : 1x20
Tfa : 0.307
Length  : 5.68 ft
Used     : RB.RR1
Dull Grading :
In : 0-1-NO-G-X-IN-WT-TD
Out : 1-1-CT-N,S-X-IN-NO-TD

Jar Settings Data :
- Jar Up.       : 90 klbs
- ⁠Jar Down.  : 50 klbs
- ⁠Delay Time : 78 secs

Running Hrs Data
* 8-1/2” Hole Opener in / out = 0 / 6.40 hrs
- 6-1/2"" HydroMech Jar in / Out = 207.60 / 214 hrs

Notes:
- Monitor hole prior TOH. Well static.
- Keep hole full
- No significant drag while TOH
- Rack Back & Slack off every 5"" DP Connection
- L/D 1 jts 5"" DP + All 5"" HWDP
- Found Hard Connection on several Tubular"
SEBL,SEBL_001,PHR-05,1/11/2026,12/1/2025 4:00,1/11/2026 3:00,DRLG,PRODCSG,CSGCMT,CSGR/U,1.25,1.25,8.5,5325,"Prepare for running 7"" Casing.

Note:
- Change out link elevator
- Install 7"" casing elevator
- Install casing tong
- Prepare FOSV x casing swedge 7"" btc
- Prepare casing swedge 7"" btc x 2""
- House keeping on rig floor"
SEBL,SEBL_001,PHR-05,1/11/2026,12/1/2025 4:00,1/11/2026 4:15,DRLG,PRODCSG,CSGCMT,CSGRUN,14.5,14.5,8.5,5325,"PJSM, TIH 7"" Float Shoe (BTC) + 2 Jts 7""  (L-80, 26#, BTC, R3) + 7"" Float Collar NR + 101 of 101 jts 7"" casing R3 (L-80, 26#, BTC) + 1 jt 7"" casing R1 Marker (L-80, 26#, BTC) + 6 of 35  jts 7"" casing R3 ( L-80, 29#, BTC). Current shoe depth at 4207 ftMD.

Break circulation parameters:
- 622 ftMD : FR: 300 gpm; SPP: 120 psi
- 1396 ftMD : P/U: 45 klbs; S/O: 45 klbs; FR: 300 gpm; SPP: 200 psi
- 2171 ftMD : P/U: 61 klbs; S/O: 60 klbs; FR: 300 gpm; SPP: 230 psi
- 2946 ftMD : P/U: 77 klbs; S/O: 70 klbs; FR: 300 gpm; SPP: 300 psi
- 3448 ftMD : P/U: 90 klbs; S/O: 75 klbs; FR: 300 gpm; SPP: 340 psi
- 3991 ftMD : P/U: 110 klbs; S/O: 78 klbs; FR: 300 gpm; SPP: 340 psi

Notes :
- Monitor hole, static.
- Checked float shoe + float collar. OK 
- Filled-up casing every 3 jts 
- Shoe Track Volume: 3.05 bbls / 1.5 %
- Break circulation every 15-20 jts
- Got tagged 8 klbs at 3492 ftMD, connect TDS, washdown and reciprocate with 300 gpm 300 psi. OK, passed through, no pressure spike.
- Got tagged 8 klbs at 3594 ftMD, connect TDS, washdown and reciprocate with 300 gpm 300 psi. OK, passed through, no pressure spike."
SEBL,SEBL_001,PHR-05,1/11/2026,12/1/2025 4:00,1/11/2026 18:45,DRLG,PRODCSG,CSGCMT,CSGRUN,5.25,,8.5,5325,"Cont'd TIH 7"" Casing. Current Shoe depth at 4708 ftMD

Break circulation parameters:
- 622 ftMD : FR: 300 gpm; SPP: 120 psi
- 1396 ftMD : P/U: 45 klbs; S/O: 45 klbs; FR: 300 gpm; SPP: 200 psi
- 2171 ftMD : P/U: 61 klbs; S/O: 60 klbs; FR: 300 gpm; SPP: 230 psi
- 2946 ftMD : P/U: 77 klbs; S/O: 70 klbs; FR: 300 gpm; SPP: 300 psi
- 3448 ftMD : P/U: 90 klbs; S/O: 75 klbs; FR: 300 gpm; SPP: 340 psi
- 4436 ftMD : P/U: 125 klbs; S/O: 76 klbs; FR: 300 gpm; SPP: 350 psi

Notes :
- Checked float shoe + float collar. OK 
- Filled-up casing every 3 jts 
- Shoe Track Volume: 3.05 bbls / 1.5 %
- Break circulation every 20 jts
- Got tagged 8 klbs at 3492 ftMD, connect TDS, washdown and reciprocate with 300 gpm 300 psi. OK, passed through, no pressure spike.
- Got tagged 8 klbs at 3594 ftMD, connect TDS, washdown and reciprocate with 300 gpm 300 psi. OK, passed through, no pressure spike.
- Got pressure increase up to 1500psi when start circulating at 4436' MD with 250GPM, need to pick up 1 jts ( overpull to 20 klbs ) to depth 4398' MD. Keep reciprocate until pressure drop to 500 psi, but still got tagged to 10 klbs. Need to pump Low Vis 30bbl ( minor cutting at shaker ). Continue TIH with keep normal pressure.
- After depth 4436' MD, always got tagged and need to washdown with 300GPM. Always makesure pressure normal and string weight normal ( P/U and S/) ) before continue TIH casing.

======== After Midnight ===========
00:00 -05:00
Cont'd TIH 7"" Casing. Current Shoe depth at 5172 ftMD

Break circulation parameters:
- 5056 ftMD : P/U: 127 klbs; S/O: 75 klbs; FR: 300 gpm; SPP: 390 psi; Pump Sweep Low Vis

Notes :
- Cementing start to mixing at 04:30 AM
- After depth 4436' MD, always got tagged every joint and need to washdown with 300GPM. Always makesure pressure normal and string weight normal ( P/U and S/O ) before continue TIH casing."
SEBL,SEBL_001,PHR-05,1/12/2026,12/1/2025 4:00,1/12/2026,DRLG,PRODCSG,CSGCMT,TIH,7,,8.5,5325,"Cont'd TIH 7"" Casing to bottom at 5325 ftMD

Break circulation parameters:
- 5056 ftMD : P/U: 127 klbs; S/O: 75 klbs; FR: 300 gpm; SPP: 390 psi; Pump Sweep Low Vis

Notes :
- Cementing start to mixing at 04:30 AM
- After depth 4436' MD, always got tagged every joint and need to washdown with 300GPM. Always makesure pressure normal and string weight normal ( P/U and S/O ) before continue TIH casing."
SEBL,SEBL_001,PHR-05,1/12/2026,12/1/2025 4:00,1/12/2026 7:00,DRLG,PRODCSG,CSGCMT,CC,2,,8.5,5325,"CHC prior cementing job with reduced PV/YP from 19/36 to 18/30 by added Lignite with FR 300 gpm, 350 psi.

Note:
- No dynamic loss observed."
SEBL,SEBL_001,PHR-05,1/12/2026,12/1/2025 4:00,1/12/2026 9:00,DRLG,PRODCSG,CSGCMT,CMTR/U,1,,8.5,5325,"R/U SLB Cementing Head.

Note:
- Inserted Top Plug into Cementing head with turned __ times, witnessed by DSR."
SEBL,SEBL_001,PHR-05,1/12/2026,12/1/2025 4:00,1/12/2026 10:00,DRLG,PRODCSG,CSGCMT,CMTCSG,3.75,,8.5,5325,"PJSM, Cementing job for 7"" casing by SLB. 
- Flush & test line w/2500 psi 5 minutes - ok  
- Mix and Pump 40 bbl Scavenger 11 ppg, rate 4.0 bpm, pressure 96 - 102 psi 
- Mix & Pump 363.8 bbl (100% excess) Lead Slurry 12.5 ppg rate 4.0 bpm  
- Mix & Pump 109.4 bbl (75% excess) Tail Slurry 15.8 ppg rate 4.0 bpm 
- Flushed line
- Dropped top plug witnessed by DSR
- Displace with 200.7 bbl of 9.8 ppg of mud rate 4.0 - 2.0 bpm pressure
- Cement return 12.5 ppg cmt, Total vol 170.7 bbl
- Final Pressure at 1000 psi (Theo : 629 psi)
- Bump Plug at 1500 psi
- Stop Pump Displacement
- Observed 15 minute
- Bleed off pressure and Flow check, return 0.8 bbl
- Float shoe integrity check - OK  
- CIP at 13:45 hrs on January 12, 2026.
- Flow Check 15 Mins after CIP, Confirmed well static

Chemical used for invoice :
D155 D155, Extender, low temperature, liquid	982 GA
D907 CLASS 'G' CEMENT 1.575 SK
D124 D124, LITEFIL Extender (24 lb/ft3) 21.234 LB
D047 ANTIFOAM AGENT-1 16 GA
D020 Extender-1 191 LB
D065 Dispersant-1 413 LB
D167A Fluid Loss Control Agent-1 681 LB
D153 ANTI-SETTLING AGENT D153 357 LB
D013 Retarder-1 277 LB
D095 Fiber 182 LB
M002 Accelerator-2 49 LB


Casing Accessories :
bow spring hinged - welded 7 * 8-1/2 13 EA
Long Metal Rigid Centralizers (length 12-24 inches) 7 * 9-5/8 2 EA
Hinged Stop Collar w/ Nail Locking Device 7"" 12	EA
Float Collar (PDC Drillable) 5 in; 15#; K55; BTC 1 EA
Float Shoe (PDC Drillable) 7 in; 23#; K55; BTC 1 EA
PDC Drillable and Anti-Rotational Top Plug 7 in; 23# 1 EA

On location : 
1 unit pump truck
3 unit water tank
3 unit bulker cement
1 unit tripod
103 km mileage charge
Cost USD $ 136.137,89"
SEBL,SEBL_001,PHR-05,1/12/2026,12/1/2025 4:00,1/12/2026 13:45,DRLG,PRODCSG,CSGCMT,WOC,7,,8.5,5325,"WOC to achieve 50 psi CS (tail slurry), 7 hrs 5 mnts

Note
- Flushed BOP from 2” valve casing head with water with flow rate 500 gpm untill got clean Return to disposal pit, Drained fluid inside BOP through 2” valve Casing head, Close 2” valve Casing head & pour retarder 2 gallon

Offline Activities :
- Housekeeping cleaned out BOP and rig floor area
- R/D SLB cementing unit
- House Keeping Shale Shaker & Box Possembly"
SEBL,SEBL_001,PHR-05,1/12/2026,12/1/2025 4:00,1/12/2026 20:45,DRLG,PRODCSG,CSGCMT,CMTR/D,0.75,,8.5,5325,"Bleed of pressure inside 7"" Casing. Flow check. Ok. N/D SLB Cementing Head. Open HCR valve. Open Annular BOP.

Note:
- Gas reading at choke manifold and rig floor : LEL 0, H2S 0 ppm, CO 0 ppm."
SEBL,SEBL_001,PHR-05,1/12/2026,12/1/2025 4:00,1/12/2026 21:30,DRLG,PRODCSG,CSGCMT,BOPN/D,1.25,,8.5,5325,"PJSM N/D BOP. Unbolted flange connection on 13-5/8"" 5M BOP Stack by Rig Crew. Disconnect 4"" Flex hose & 2"" Kill line.

Note:
- Unbolted all bolts BOP by Manual Rig Crew."
SEBL,SEBL_001,PHR-05,1/12/2026,12/1/2025 4:00,1/12/2026 22:45,DRLG,PRODCSG,CSGCMT,BOPN/D,1.25,,8.5,5325,"Hung-up BOP stack (Annular & Double Ram). Rough Cut-off 7"" Casing excess between Double Ram & Drilling spool. L/D 7"" Casing excess to pipe rack. 

Note:
- Gas reading at around annulus casing : LEL 0, H2S 0 ppm, CO 0 ppm.

======== After Midnight ===========

00:00 -00:15 :
Cont'd L/D 7"" Casing excess to pipe rack. 

00:15 -01:45 :
N/D Picther nipple. Place BOP stack (Annular, Double Ram) to BOP hydraulic trolley. Move BOPE  from center well assisted by block. N/D 13-5/8"" 5M drilling spool + 11"" 2M x 13-5/8"" 5M DSAF.

01:45 -03:00 :
Installed 11"" x 7"" casing slip on wellhead sec-A by OMS. Tightened & applied torque 110 -130 ft-lbs for 12 ea bolts on casing hanger slip for manually energized purpose. Conduct pressure test Pack off seal by PT OMS with 1400 psi, hold for 5 minute (WSEA-10D).

03:00 -05:00 :
Final cut 7"" casing, tapered top of casing using grinder. N/U seal Tubing Spool (Sec B) 11-"" 5M x 7-1/16"" 5M w/ 7"" FS Seal prep bottom. Tightened and torque all studbolts by Rig Crew. Pressure Test Head Spool (On going)

Note:
- No LEL reading measured prior job"
SEBL,SEBL_001,PHR-05,1/13/2026,12/1/2025 4:00,1/13/2026,DRLG,PRODCSG,CSGCMT,BOPN/D,0.25,,8.5,5325,"Cont'd L/D 7"" Casing excess to pipe rack."
SEBL,SEBL_001,PHR-05,1/13/2026,12/1/2025 4:00,1/13/2026 0:15,DRLG,PRODCSG,CSGCMT,BOPN/D,1.5,,8.5,5325,"N/D Picther nipple. Place BOP stack (Annular, Double Ram) to BOP hydraulic trolley. Move BOPE  from center well assisted by block. N/D 13-5/8"" 5M drilling spool + 11"" 2M x 13-5/8"" 5M DSAF."
SEBL,SEBL_001,PHR-05,1/13/2026,12/1/2025 4:00,1/13/2026 1:45,DRLG,PRODCSG,CSGCMT,WHDINST,1.25,,8.5,5325,"Installed 11"" x 7"" casing slip on wellhead sec-A by OMS. Tightened & applied torque 110 -130 ft-lbs for 12 ea bolts on casing hanger slip for manually energized purpose. Conduct pressure test 7in casing slip by PT OMS with 1400 psi, hold for 5 minute (WSEA-10D)."
SEBL,SEBL_001,PHR-05,1/13/2026,12/1/2025 4:00,1/13/2026 3:00,DRLG,PRODCSG,CSGCMT,WHDINST,1,,8.5,5325,"Final cut 7"" casing, tapered top of casing using grinder. N/U DSAF 11"" 2M x 11"" 5M + Tubing Spool (Sec B) 11"" 5M x 7-1/16"" 5M w/ 7"" FS Seal prep bottom. Tightened and torque all studbolts by Rig Crew.

Note:
- Supervised by OMS crew"
SEBL,SEBL_001,PHR-05,1/13/2026,12/1/2025 4:00,1/13/2026 4:00,DRLG,PRODCSG,CSGCMT,WHDINST,4.5,4.5,8.5,5325,"Attempt to P/T DSAF 11"" 2M x 11"" 5M + Tubing Spool (Sec B) 11"" 5M x 7-1/16"" 5M by OMS crew through:
* Port #1: Against DSAF double FS seal. Not able to go higher than 3000 psi. (target 4800 psi)
* Port #2: Against Sec-B lower FS seal, DSAF upper FS seal, ring joint. Not able to P/T due to different connection.
* Port #3: Against Sec-B double FS seal. Got leaking

Note:
- No LEL reading measured prior job
- N/U Tubing Spool (Sec B) 11"" 5M x 7-1/16"" 5M, while waiting OMS test pump and seal replacement.
- Decided to L/D 5"" DP while waiting on OMS crew"
SEBL,SEBL_001,PHR-05,1/13/2026,12/1/2025 4:00,1/13/2026 8:30,DRLG,PRODCSG,CSGCMT,DPL/D,1.5,,8.5,5325,"L/D 18 jts 5"" DP f/ board desk.

Note:
- OMS day crew arrived at 10:00 hrs"
SEBL,SEBL_001,PHR-05,1/13/2026,12/1/2025 4:00,1/13/2026 10:00,DRLG,PRODCSG,CSGCMT,WHDINST,7,7,8.5,5325,"Cont'd attempt to P/T DSAF 11"" 2M x 11"" 5M + Tubing Spool (Sec B) 11"" 5M x 7-1/16"" 5M by OMS crew through:
* Re-test Port #1: Against DSAF double FS seal to 4800 psi. Hold 5 minutes. Recorded on Barton Chart.

Note:
- No LEL reading measured prior job
- OMS day crew arrived at 10:00 hrs.
- Checked Sec-B visually:
 * No damage of FS seal observed. Clean up FS seal.
 * No hole of Port #3 found.
- Regroup with PHR and OMS office:
 * Actual tubing spool different with provided drawing.
 * Tubing spool had internal bushing c/w inner and outer double FS seal.
 * Port #3 against internal bushing outer FS seal.
 * Decided to continue attempt P/T through all 3 ports to 5000 psi.
- Reinstall Tubing Spool (Sec B) 11"" 5M x 7-1/16"" 5M. Tightened and torque all studbolts by Rig Crew."
SEBL,SEBL_001,PHR-05,1/13/2026,12/1/2025 4:00,1/13/2026 17:00,DRLG,PRODCSG,CSGCMT,WHDINST,2,2,8.5,5325,"Cont'd attempt to P/T DSAF 11"" 2M x 11"" 5M + Tubing Spool (Sec B) 11"" 5M x 7-1/16"" 5M by OMS crew through:
* Port #2: Against Sec-B lower FS seal, DSAF upper FS seal, ring joint. Not able to go higher than 2000 psi. Suspect test pump problem.

Note:
- No LEL reading measured prior job
- No other pump replacement available on location"
SEBL,SEBL_001,PHR-05,1/13/2026,12/1/2025 4:00,1/13/2026 19:00,DRLG,PRODCSG,CSGCMT,WHDINST,2,2,8.5,5325,"Attempt to P/T DSAF 11"" 2M x 11"" 5M + Tubing Spool (Sec B) 11"" 5M x 7-1/16"" 5M by OMS crew through:
* Port #1: Against DSAF double FS seal with 5000psi held for 5min - OK
* Port #2: Against Sec-B lower FS seal, DSAF upper FS seal, ring joint with 5000psi held for 5min - OK
* Port #3: Against Sec-B double FS seal with 5000psi held for 5min - OK
* Port #4: Against Casing Slip 7in, DSAF lower seal, WH Sec-A ring joint with 1400psi held for 5min - OK

Note:
- No LEL reading measured prior job
- All P/T recorded with Barton chart and witness with DSR and RSM"
SEBL,SEBL_001,PHR-05,1/13/2026,12/1/2025 4:00,1/13/2026 21:00,DRLG,PRODCSG,CSGCMT,BOPN/U,3,,8.5,5325,"N/U BOP Stack 13-5/8""-5M 

BOP Configuration from Top to Bottom:
- 13-5/8""-5M Annular BOP
- 13-5/8""-5M Double Ram BOP (Pipe Ram + Blind Ram)
- Drilling Spool 13-5/8""-5M
- DSAF 7-1/16""-5M x 13-3/8"" - 5M
- Tubing Spool 11""-5M x 7-1/16""-5M
- DSAF 11""-5M x 11"" - 2M (OMS)
- Casing Head 11""-2 M x 9-5/8"" SOW

Note : 
Tightened & applied torque for all bolts connection by Rig crew:
- Wellhead Sec-B with DSAF
- DSAF with drilling spool
- Drilling spool & BOP stack

======== After Midnight ========
00:00 - 01:00
Cont'd N/U BOP Stack 13-5/8""-5M 

BOP Configuration from Top to Bottom:
- 13-5/8""-5M Annular BOP
- 13-5/8""-5M Double Ram BOP (Pipe Ram + Blind Ram)
- Drilling Spool 13-5/8""-5M
- DSAF 7-1/16""-5M x 13-3/8"" - 5M
- Tubing Spool 11""-5M x 7-1/16""-5M
- DSAF 11""-5M x 11"" - 2M (OMS)
- Casing Head 11""-2 M x 9-5/8"" SOW

Note : 
Tightened & applied torque for all bolts connection by Rig crew:
- Wellhead Sec-B with DSAF
- DSAF with drilling spool
- Drilling spool & BOP stack

01:00 - 03:00
C/O RAM block on pipe ram from 5"" size to 3-1/2"" size by rig crews

03:00 - 04:00
Installed pitcher nipple + flowline, killing line & choke line, MGS line. Secured BOP & MGS unit.

04:00 - 05:00
L/D All 5in DP stands from rig floor ( Total 60 jts )

Note:
- Breakout DP connection at mouse hole."
SEBL,SEBL_001,PHR-05,1/14/2026,12/1/2025 4:00,1/14/2026,DRLG,PRODCSG,CSGCMT,BOPN/U,1,,8.5,5325,"Cont'd N/U BOP Stack 13-5/8""-5M 

BOP Configuration from Top to Bottom:
- 13-5/8""-5M Annular BOP
- 13-5/8""-5M Double Ram BOP (Pipe Ram + Blind Ram)
- Drilling Spool 13-5/8""-5M
- DSAF 7-1/16""-5M x 13-3/8"" - 5M
- Tubing Spool 11""-5M x 7-1/16""-5M
- DSAF 11""-5M x 11"" - 2M (OMS)
- Casing Head 11""-2 M x 9-5/8"" SOW

Note : 
Tightened & applied torque for all bolts connection by Rig crew:
- Wellhead Sec-B with DSAF
- DSAF with drilling spool
- Drilling spool & BOP stack"
SEBL,SEBL_001,PHR-05,1/14/2026,12/1/2025 4:00,1/14/2026 1:00,DRLG,PRODCSG,CSGCMT,BOPN/U,2,,8.5,5325,"C/O RAM block on pipe ram from 5"" size to 3-1/2"" size by rig crews"
SEBL,SEBL_001,PHR-05,1/14/2026,12/1/2025 4:00,1/14/2026 3:00,DRLG,PRODCSG,CSGCMT,BOPN/U,1,,8.5,5325,"Installed pitcher nipple + flowline, killing line & choke line, MGS line. Secured BOP & MGS unit."
SEBL,SEBL_001,PHR-05,1/14/2026,12/1/2025 4:00,1/14/2026 4:00,DRLG,PRODCSG,CSGCMT,DPL/D,9.5,,8.5,5325,"L/D All 5in DP stands from rig floor ( Total 92 jts )

Note:
- Breakout DP connection at mouse hole."
SEBL,SEBL_001,PHR-05,1/14/2026,12/1/2025 4:00,1/14/2026 13:30,DRLG,PRODCSG,CSGCMT,BOPTST,0.5,,8.5,5325,"Performed Full Pressure Test BOP: 
- Test #1. P/T Blind Ram BOP against valve HCR w/ Low/high pressure: 300/600 psi, hold 5 mins - OK."
SEBL,SEBL_001,PHR-05,1/14/2026,12/1/2025 4:00,1/14/2026 14:00,DRLG,PRODCSG,CSGCMT,DPP/U,1.5,,8.5,5325,"Prepare 3-1/2"" tubular handling tools

Note:
- C/O elevator and rotary slip for 3-1/2"" tubular.
- C/O TDS saver sub and grabber guide for 3-1/2"" tubular."
SEBL,SEBL_001,PHR-05,1/14/2026,12/1/2025 4:00,1/14/2026 15:30,DRLG,PRODCSG,CSGCMT,TIH,1.5,,8.5,5325,"TIH 16 jts 3-1/2"" DP for test BOP purpose.

Note : 
- TIH single 3-1/2"" DP
- BOP already installed with 3-1/2in Pipe Ram.
- Check thread & shoulder on tool joints, hammering tubular prior connection.
- Drift 3-1/2"" DP using 2"" rabbit."
SEBL,SEBL_001,PHR-05,1/14/2026,12/1/2025 4:00,1/14/2026 17:00,DRLG,PRODCSG,CSGCMT,BOPTST,2,,8.5,5325,"Performed Accumulator drawdown test (satisfy WSEA 9A):
Charging the accumulator system to 3,000 psi in 10 min with both Air Pump & Electric Pump
Verified pressure in Accumulator system:
- Precharge: 1000 psi
- Annular: 1100 psi
- Manifold: 1500 psi
- Accumulator: 3000 psi
- Air Pressure: 120 psi

Switched-off pump system. Checked BOP element closing system as follows:
• Close Pipe Ram: 7 sec, remaining pressure: 2500 psi
• Open Pipe Ram: 6 sec, remaining pressure: 2000 psi (to simulate closing Blind ram)
• Close Annular: 28 sec, remaining pressure: 1600 psi
• Open HCR: 1 sec, Final remaining pressure: 1600 psi (more than 1200 psi), ok

Full Pressure Test BOP (satisfy WSEA 9-D)
- Test #2. P/T Annular BOP against Valve #4,#5#6,#7 w/ Low/High pressure: 300/600 psi, hold 5 mins - OK.
- Test #3. P/T Pipe Ram BOP against Valve #3 w/ Low/High pressure: 300/600 psi, hold 5 mins - OK.

Note :
- FOSV, IBOP, Valve #7, #8, #9, #10, #11, #12, #13, #14, #15 already offline pressure test prior to spud in with Low/High pressure: 300/700 psi, hold 5 mins.
- All P/T recorded in Barton chart."
SEBL,SEBL_001,PHR-05,1/14/2026,12/1/2025 4:00,1/14/2026 19:00,DRLG,PRODCSG,CSGCMT,DPP/U,5,,8.5,5325,"Stand-up tubulars for drilling 6-1/8"" Lateral Section:  0 of 180  jts (0 stds) 3-1/2"" DP + 0 of 45 jts 3-1/2"" HWDP

Note:
-  Total TIH 60 of 180 jts 3-1/2"" DP
- TIH every 60 jts 3-1/2"" DP prior flushing and Stand up tubular
- Total stand up plan 180 jts 3-1/2"" DP
- TIH single 3-1/2"" DP from V-door
- Remove tubular from pipe rack assisted by crane
- Check thread & shoulder on tool joints, hammering tubular prior connection.
- Drift 3-1/2"" DP using 2"" rabbit.
- Plan stand-up: 180 jts (90 stds) 3-1/2"" DP + 45 jts (22 stds) 3-1/2"" HWDP + Drilling Jar
- Flushing tubular using 350 - 400 gpm


======== After Midnight ========

00:00 - 05:00 :
COnt'd Stand-up tubulars for drilling 6-1/8"" Lateral Section:  60 of 180  jts (30 stds) 3-1/2"" DP + 0 of 45 jts (0 stds) 3-1/2"" HWDP

Note:
-  TIH 88 of 180 jts 3-1/2"" DP (On Going)
- TIH every 60 jts 3-1/2"" DP prior flushing and Stand up tubular
- Total stand up plan 180 jts 3-1/2"" DP
- TIH single 3-1/2"" DP from V-door
- Remove tubular from pipe rack assisted by crane
- Check thread & shoulder on tool joints, hammering tubular prior connection.
- Drift 3-1/2"" DP using 2"" rabbit.
- Plan stand-up: 180 jts (90 stds) 3-1/2"" DP + 45 jts (22 stds) 3-1/2"" HWDP + Drilling Jar
- Flushing tubular using 350 - 400 gpm"
SEBL,SEBL_001,PHR-05,1/15/2026,12/1/2025 4:00,1/15/2026,DRLG,PRODCSG,CSGCMT,DPP/U,12,,8.5,5325,"Cont'd Stand-up tubulars for drilling 6-1/8"" Lateral Section:  120 of 180  jts (30 stds) 3-1/2"" DP + 0 of 45 jts (0 stds) 3-1/2"" HWDP

Note:
- TIH every 60 jts 3-1/2"" DP prior flushing and Stand up tubular
- Total stand up plan 180 jts 3-1/2"" DP
- TIH single 3-1/2"" DP from V-door
- Remove tubular from pipe rack assisted by crane
- Check thread & shoulder on tool joints, hammering tubular prior connection.
- Drift 3-1/2"" DP using 2"" rabbit.
- Plan stand-up: 180 jts (90 stds) 3-1/2"" DP + 45 jts (22 stds) 3-1/2"" HWDP + Drilling Jar
- Flushing tubular using 350 - 400 gpm"
SEBL,SEBL_001,PHR-05,1/15/2026,12/1/2025 4:00,1/15/2026 12:00,DRLG,PRODLNR1,DRILL,BHAPU/LD,1,,6 1/8,5325,"PJSM and M/U 6 1/8"" Tricone Bit on Slick BHA w/ Anadrill Jar 4-3/4in

Bit Data:
- 6 1/8"" RR Tricone Bit SMITH
- SN: RS 1485
- Nozzle: 3 x 18
- TFA: 0.68

Note:

- Housekeeping rig floor area.

Offline activity:
- P/T FOSV, IBOP, Valve #4, #10, #11, #12, #13, #14, #15 with Low/High pressure: 300/600 psi, hold 5 mins. Recorded in
"
SEBL,SEBL_001,PHR-05,1/15/2026,12/1/2025 4:00,1/15/2026 13:00,DRLG,PRODLNR1,DRILL,TIH,11,,6 1/8,5325,"TIH 6 1/8"" Tricone Bit + (Slick BHA) 6 1/8"" Tricone Bit + 4 3/4"" Bit Sub + Float Subc/w Float valve (plunger) + 2 x 3 1/2"" HWDP + 46 jts 3-1/2"" DP + 4 jts 3-1/2"" HWDP + 4 3/4"" Hydraulic Jar +3  jts 3 1/2"" HWDP + 10 jts 3 1/2"" DP + 6 jts 3-1/2"" HWDP + 6 jts 3-1/2"" DP + 4 jts 3-1/2"" HWDP + 6 jts 3-1/2"" DP + 4 jts 3-1/2"" HWDP + 10 jts 3-1/2"" DP + 14 jts 3-1/2"" HWDP + 9 jts 3-1/2"" DP + 6 jts 3-1/2"" HWDP + 42 jts 3-1/2"" DP  to current depth at 3300 ftMD

Note :
- TIH single 28 jts 3-1/2"" HWDP + 78 jts 3-1/2"" DP
- Total 120 jts 3-1/2"" DP at board desk
- Check thread & shoulder on tool joints, hammering tubular prior connection.
- Drift 3-1/2"" DP + 3-1/2"" HWDP using 2"" rabbit.
- Break circulating every 1000 jts with 300 GPM

========== After Midnight ===========
00:00 - 03:30
Continue TIH 6 1/8"" Slick BHA#09  to bottom ( TOC )

Note :
- Total 120 jts 3-1/2"" DP at board desk
- Check thread & shoulder on tool joints, hammering tubular prior connection.
- Drift 3-1/2"" DP + 3-1/2"" HWDP using 2"" rabbit.
- Break circulating every 1000 jts with 300 GPM
- TOC at 5241' MD ( FC at 5245' MD )

03:30 - 04:30
Choke drill with crew B before DOC
- 176 gpm 675 psi open full choke
- 176 gpm 700 psi open ¾ choke
- 176 gpm 750 psi open ½ choke
- 176 gpm 1262 psi open ¼ choke ( hold 5 minutes )

Note:
- Circulate mud conditioning to make sure MW IN/OUT 8.8 ppg.
- Dump old mud 9.8 ppg inside 7""Casing during CHC

04:30 - 05:00
DOC + 5 ft formation and displace with 8.8 ppg unweighted mud with6 1/8"" Tricone Bit + Slick BHA from 5241' MD to plan 5330' MD ( on progress ) 

DOC  Drilling parameter:
FR	: 250 gpm
RPM	: 50
WOB	: 1 - 5 klbs
Press	: 1000 psi
TQ	: 2 - 4 klbsft

Note :
- Conduct shallow test pump:
  • MP #1 103 spm, 250 gpm. 1000 psi
  • MP #2 102 spm, 250 gpm. 1050 psi
  • MP #3 103 spm, 250 gpm. 1020 psi"
SEBL,SEBL_001,PHR-05,1/16/2026,12/1/2025 4:00,1/16/2026,DRLG,PRODLNR1,DRILL,TIH,3.5,,6 1/8,5325,"Continue TIH 6 1/8"" Slick BHA#09  to bottom ( TOC )

Note :
- Total 120 jts 3-1/2"" DP at board desk
- Check thread & shoulder on tool joints, hammering tubular prior connection.
- Drift 3-1/2"" DP + 3-1/2"" HWDP using 2"" rabbit.
- Break circulating every 1000 jts with 300 GPM
- TOC at 5241' MD ( FC at 5245' MD )"
SEBL,SEBL_001,PHR-05,1/16/2026,12/1/2025 4:00,1/16/2026 3:30,DRLG,PRODLNR1,DRILL,HESDRL,1,,6 1/8,5325,"Choke drill with crew B before DOC
- 176 gpm 675 psi open full choke
- 176 gpm 700 psi open ¾ choke
- 176 gpm 750 psi open ½ choke
- 176 gpm 1262 psi open ¼ choke ( hold 5 minutes )

Note:
- Circulate mud conditioning to make sure MW IN/OUT 8.8 ppg.
- Dump old mud 9.8 ppg inside 7""Casing during CHC"
SEBL,SEBL_001,PHR-05,1/16/2026,12/1/2025 4:00,1/16/2026 4:30,DRLG,PRODLNR1,DRILL,DRLCMT,5.5,,6 1/8,5330,"DOC + 5 ft formation and displace with 8.8 ppg unweighted mud with6 1/8"" Tricone Bit + Slick BHA from 5241' MD to 5330' MD

DOC  Drilling parameter:
FR	: 280 gpm
RPM	: 70
WOB	: 1 - 7 klbs
Press	: 1000 psi
TQ	: 2 - 4 klbsft
IROP	: 21.7 fph
Avg ROP	: 16.2 fph

Note :
- Conduct shallow test pump:
  • MP #1 103 spm, 250 gpm. 1000 psi
  • MP #2 102 spm, 250 gpm. 1050 psi
  • MP #3 103 spm, 250 gpm. 1020 psi"
SEBL,SEBL_001,PHR-05,1/16/2026,12/1/2025 4:00,1/16/2026 10:00,DRLG,PRODLNR1,DRILL,CC,1,,6 1/8,5330,"CHC 2X BU with 300 gpm 1500 psi. Swept tandem LoVis + HiVis.

Note:
- No dynamic loss observed
- Last cutting description: 80% shale and 20% cement"
SEBL,SEBL_001,PHR-05,1/16/2026,12/1/2025 4:00,1/16/2026 11:00,DRLG,PRODLNR1,DRILL,TOH,9,,6 1/8,5330,"TOH and L/D 6 1/8"" Slick BHA#09 w/ Anadrill Jar 4-3/4in

Note :
- Hole monitoring prior TOH. Well static.
- L/D 1 jts 3-1/2"" DP
- No significant drag while TOH"
SEBL,SEBL_001,PHR-05,1/16/2026,12/1/2025 4:00,1/16/2026 20:00,DRLG,PRODLNR1,DRILL,BHAPU/LD,4,,6 1/8,5330,"MU 6-1/8"" New PDC Bit + RSS + MWD/LWD with 4-3/4"" Hydraulic Jar (BHA# 11) by Anadrill SLB. 

========== After Midnight ===========
00:00 - 01:30 :
Cont'd M/U 6-1/8"" New PDC Bit + RSS + MWD/LWD with 4-3/4"" Hydraulic Jar (BHA# 11) by Anadrill SLB. 
(6-1/8"" PDC Bit + 4-3/4"" Power Drive RSS + 4-3/4"" Power Drive SRX + 4-3/4"" LWD Periscope + 4-3/4"" MWD IM Pulse + 4-3/4"" LWD_ADN Radio active source)

Note:
- Surface test Power Drive with 250 gpm; 640 psi - Good.
- Loading source radio active.

> 6-1/8"" New PDC Bit by Baker
Type: HT513M
SN: QG2827
Nozzle: 5 x 13
TFA: 0.648
Bit Grading IN: NEW

>RSS assy
- 4.75"" Power Drive RSS Orbit G2 AA, SN: CU4903, 
  Circ HRS IN: 0 hrs
- 4.75"" Power Drive SRX, SN: B1948111, 
  Circ HRS IN: 0 hrs
- 4.75"" LWD Periscope, SN: B1352, 
  Circ HRS IN: 0 hrs
- 4.75"" MWD IM Pulse, SN: 5391XSAT, 
  Circ HRS IN: 0 hrs
- LWD ADN4_ 5.75"", SN: B2360, 
  Circ HRS IN: 0 hrs

> 4.75"" Hydraulic Jar, SN: 54244H, Circ HRS IN: 7.7 hrs
   Jar Up: 60 klbs Jar Down: 40 klbs Delay Time 92 sec

> Sensor Offset from Bit (ft)
   Near Bit Gamma: 6.33 ft
   Near Bit Inc: 7.23 ft
   Near Bit Azi: 9.33 ft
   Resistivity PERI: 30.41 ft
   APWD: 39.35 ft
   Gamma Ray PERI: 40.13 ft
   Resistivity IM: 54.07 ft
   Directional: 59.27 ft
   Gamma Ray IM: 61.27 ft
   Density: 86.42 ft
   Neutron: 90.06 ft

01:30 - 05:00 :
TIH 6-1/8"" PDC + RSS (BHA#11). Current depth at 2516 ftMD. 

Note :
- Fill up string very 1000' than break circulate
- Shallow Hole Test at 1535 ftMD
Flow: 250 gpm
SPPA:  1500 psi
TRPM :  3000  c/min
SNR : >17 dB
signal strength : 15-20 Psi
a jam : 0
DHAT : 131 degF
DHAP : 836 psi
Survey G in FAC
Result : Good Signal"
SEBL,SEBL_001,PHR-05,1/17/2026,12/1/2025 4:00,1/17/2026,DRLG,PRODLNR1,DRILL,BHAPU/LD,1.5,,6 1/8,5330,"Cont'd M/U 6-1/8"" New PDC Bit + RSS + MWD/LWD with 4-3/4"" Hydraulic Jar (BHA# 11) by Anadrill SLB. 
(6-1/8"" PDC Bit + 4-3/4"" Power Drive RSS + 4-3/4"" Power Drive SRX + 4-3/4"" LWD Periscope + 4-3/4"" MWD IM Pulse + 4-3/4"" LWD_ADN Radio active source)

Note:
- Surface test Power Drive with 250 gpm; 640 psi - Good.
- Loading source radio active.

> 6-1/8"" New PDC Bit by Baker
Type: HT513M
SN: QG2827
Nozzle: 5 x 13
TFA: 0.648
Bit Grading IN: NEW

>RSS assy
- 4.75"" Power Drive RSS Orbit G2 AA, SN: CU4903, 
  Circ HRS IN: 0 hrs
- 4.75"" Power Drive SRX, SN: B1948111, 
  Circ HRS IN: 0 hrs
- 4.75"" LWD Periscope, SN: B1352, 
  Circ HRS IN: 0 hrs
- 4.75"" MWD IM Pulse, SN: 5391XSAT, 
  Circ HRS IN: 0 hrs
- LWD ADN4_ 5.75"", SN: B2360, 
  Circ HRS IN: 0 hrs

> 4.75"" Hydraulic Jar, SN: 54244H, Circ HRS IN: 7.7 hrs
   Jar Up: 60 klbs Jar Down: 40 klbs Delay Time 92 sec

> Sensor Offset from Bit (ft)
   Near Bit Gamma: 6.33 ft
   Near Bit Inc: 7.23 ft
   Near Bit Azi: 9.33 ft
   Resistivity PERI: 30.41 ft
   APWD: 39.35 ft
   Gamma Ray PERI: 40.13 ft
   Resistivity IM: 54.07 ft
   Directional: 59.27 ft
   Gamma Ray IM: 61.27 ft
   Density: 86.42 ft
   Neutron: 90.06 ft"
SEBL,SEBL_001,PHR-05,1/17/2026,12/1/2025 4:00,1/17/2026 1:30,DRLG,PRODLNR1,DRILL,TIH,10,,6 1/8,5330,"TIH 6-1/8"" PDC + RSS (BHA#11) to 5330 ftMD. 

Shallow Hole Test at 1535 ftMD:
Flow: 250 gpm
SPPA:  1500 psi
TRPM :  3000  c/min
SNR : >17 dB
signal strength : 15-20 Psi
a jam : 0
DHAT : 131 degF
DHAP : 836 psi
Survey G in FAC
Result : Good Signal

Baseline at csg shoe:
Depth : 5325 ftMD
MP#1 : 250 gpm, 2230 psi, MWD Trpm 3120
MP#2 : 250 gpm, 2250 psi, MWD Trpm 3120
MP#3 : 250 gpm, 2260 psi, MWD Trpm 3120
P/U : 102 klbs
S/O : 62 klbs
R/W : 79 klbs
RPM : 40 rpm
Off Btm Torque : 3.3 kft-klbs
MW /ECD: 8.8 / 9.83 ppg
 
Pump OFF 
P/U : 103 klbs
S/O : 67 klbs

Note :
- Fill up string very 1000' MD then break circulate

"
SEBL,SEBL_001,PHR-05,1/17/2026,12/1/2025 4:00,1/17/2026 11:30,DRLG,PRODLNR1,DRILL,DRLRS,0.5,,6 1/8,5333,"Cont'd Rotate Drilling 6-1/8"" Lateral Section from 5330 ftMD to 5333 ftMD.

Drilling parameter:
- WOB : 5 Klbs
- Flow Rate : 250 gpm
- RPM : 60
- Pump Press (Off/On) : 2200 / 2200 psi
- Torque (Off/On) : 3.3 / 4.3 Kft-lbs

Recorded references:
- PU / SO / RW : 102 / 62 / 79 Klbs
- Avg ROP : 6 fph
- Inst ROP : 10.71 fph
- MW In/Out: 8.8 / 8.8 ppg
- ECD : 9.83 ppg
- Temp in/out : 132/134⁰F

Notes:
- Hole monitoring prior to connection
- K+ : 38K
- 20 ppb Preventive LCM in mud system.
- No dynamic loss observed.
- LCM pill 35 ppb standby in additional square tank.
- Meeting with DWI Operation Leadership, decided to conduct Safety Standdown Meeting with Rig Crew to Strengthen Safety Commitment on location."
SEBL,SEBL_001,PHR-05,1/17/2026,12/1/2025 4:00,1/17/2026 12:00,DRLG,PRODLNR1,DRILL,TOH,0.5,,6 1/8,5333,"TOH 6-1/8"" PDC bit + RSS (BHA#11), to depth 5296 ftMD (inside casing)

Notes:
- Circulate hole with 250 gpm 2100 psi prior TOH.
- Monitor hole prior TOH. Well static."
SEBL,SEBL_001,PHR-05,1/17/2026,12/1/2025 4:00,1/17/2026 12:30,DRLG,PRODLNR1,DRILL,HESDWN,3.5,3.5,6 1/8,5333,"Conduct Safety Standdown Meeting with Crew A to Strengthen Safety Commitment, lead by DSRs and HES Rep
Key points:
1. Encourage good quality SWA
2. Ensure walkthrough of CRSSC
3. Ensure crew complete 100%, encourage SWA if not complete
4. Ensure PJSM ""Anti Lupa"" conducted prior any job
5. Ensure 100% supervision of any job by 1 of 3 pillars"
SEBL,SEBL_001,PHR-05,1/17/2026,12/1/2025 4:00,1/17/2026 16:00,DRLG,PRODLNR1,DRILL,EQRPR,8,8,6 1/8,5333,"Resume Operation. Found no RPM reading in IDS and TDS panel. Troubleshooting TDS RPM sensor.

Note:
- WO TDS RPM sensor replacement from BN Yard, arrived on location at 23:00.

*Offline Activity:
Conduct Safety Standdown Meeting with Crew B ( night ) to Strengthen Safety Commitment, lead by DSRs and HES Rep
Key points:
1. Encourage good quality SWA
2. Ensure walkthrough of CRSSC
3. Ensure crew complete 100%, encourage SWA if not complete
4. Ensure PJSM ""Anti Lupa"" conducted prior any job
5. Ensure 100% supervision of any job by 1 of 3 pillars

======== After Midnight =========
00:00 - 00:30
Continue troubleshooting TDS problem. Install TDS RPM sensor and F/T - All good

00:30 - 05:00
PJSM and Cont'd Pattern Drilling 6-1/8"" Lateral Section from 5333 ftMD to 5381 ftMD.

Drilling parameter:
- WOB : 5-8 Klbs
- Flow Rate : 250 gpm
- RPM : 60-70
- Pump Press (Off/On) : 2170 / 2180 psi
- Torque (Off/On) : 4.0 / 5.0 Kft-lbs

Recorded references:
- PU / SO / RW : 103 / 63 / 78 Klbs
- Slide/Rotate : 0% / 100% 
- Avg ROP : 10.7 fph
- Inst ROP : 25.8 fph 
- ECD : 9.5 ppg
- BHT : 170.6 degF

Last Survey:
-N/A ( Still interference )

Notes:
- Hole monitoring prior to connection
- K+ : 38K
- 7 ppb CaCO3 F + 13 ppb CaCO3 M (preventive LCM) termasuk pemakaian untuk DIF in active system
- 17.5 ppb CaCO3 F + 17.5 ppb CaCO3 C (LCM Pill) at additional tank
- No dynamic loss observed.
- Sweep tandem 15 bbls LoVis + 15 bbls HiVis 120 SMF every 3-5 stands for hole cleaning purpose.

Last WSG cutting description: 
5360' MD : SST80%,SLT10%,SH10%
ltgry-offwh, firm-mod hd, vf-f sz, n calc, qtz, trc blk mat, 10-15% mod bri yl fluor, vslo strm vthn mlky wh cut "
SEBL,SEBL_001,PHR-05,1/18/2026,12/1/2025 4:00,1/18/2026,DRLG,PRODLNR1,DRILL,EQRPR,0.5,0.5,6 1/8,5333,Continue troubleshooting TDS problem. Install TDS RPM sensor and F/T - All good
SEBL,SEBL_001,PHR-05,1/18/2026,12/1/2025 4:00,1/18/2026 0:30,DRLG,PRODLNR1,DRILL,DRLRS,4.5,,6 1/8,5381,"PJSM and Cont'd Rotate Drilling 6-1/8"" Lateral Section from 5333 ftMD to 5381 ftMD.

Drilling parameter:
- WOB : 5-8 Klbs
- Flow Rate : 250 gpm
- RPM : 60-70
- Pump Press (Off/On) : 2170 / 2180 psi
- Torque (Off/On) : 4.0 / 5.0 Kft-lbs

Recorded references:
- PU / SO / RW : 103 / 63 / 78 Klbs
- Slide/Rotate : 0% / 100% 
- Avg ROP : 10.7 fph
- Inst ROP : 25.8 fph 
- ECD : 9.5 ppg
- BHT : 170.6 degF

Last Survey:
-N/A ( Still interference )

Notes:
- Hole monitoring prior to connection
- K+ : 38K
- 7 ppb CaCO3 F + 13 ppb CaCO3 M (preventive LCM) termasuk pemakaian untuk DIF in active system
- 17.5 ppb CaCO3 F + 17.5 ppb CaCO3 C (LCM Pill) at additional tank
- No dynamic loss observed.
- Sweep tandem 15 bbls LoVis + 15 bbls HiVis 120 SMF every 3-5 stands for hole cleaning purpose.

Last WSG cutting description: 
5360' MD : SST80%,SLT10%,SH10%
ltgry-offwh, firm-mod hd, vf-f sz, n calc, qtz, trc blk mat, 10-15% mod bri yl fluor, vslo strm vthn mlky wh cut "
SEBL,SEBL_001,PHR-05,1/18/2026,12/1/2025 4:00,1/18/2026 5:00,DRLG,PRODLNR1,DRILL,DRLRS,7,,6 1/8,5524,"Cont'd Rotate Drilling 6-1/8"" Lateral Section from 5381 ftMD to current depth 5524 ftMD.

Drilling parameter:
- WOB : 5-10 Klbs
- Flow Rate : 260 gpm
- RPM : 70
- Pump Press (Off/On) : 2400 / 2400 psi
- Torque (Off/On) : 3.8 / 4.9 Kft-lbs

Recorded references:
- PU / SO / RW : 102 / 62 / 78 Klbs
- Avg ROP : 20.4 fph
- Inst ROP : 35 fph 
- ECD : 9.79 ppg
- BHT : 174.2 degF

Last Survey:
Survey Depth:  5424.32 ftMD /  4108.70 ftTVD
Incl.:  86.07 deg
Azim.:  336.98 deg
DLS:  0.99 deg/100ft
Ct-Ct: 2.85 ft (2.81 Above , 0.47 Right )

Notes:
- Hole monitoring prior to connection
- K+ : 38K
- 7 ppb CaCO3 F + 13 ppb CaCO3 M (preventive LCM) termasuk pemakaian untuk DIF in active system
- 17.5 ppb CaCO3 F + 17.5 ppb CaCO3 C (LCM Pill) at additional tank
- No dynamic loss observed.
- Sweep tandem 15 bbls LoVis + 15 bbls HiVis 120 SMF every 3-5 stands for hole cleaning purpose.

Last WSG cutting description: 
5520'MD :
SST50%,SLT10%,SH40%
brn-drkbrn, offwh firm-mod hd, cly-vf sz, sli calc, qtz, trc blk mat, 5% mod bro yl fluor, vslo strm vthn mlky wh cut "
SEBL,SEBL_001,PHR-05,1/18/2026,12/1/2025 4:00,1/18/2026 12:00,DRLG,PRODLNR1,DRILL,DRLRS,5,,6 1/8,5675,"Cont'd Rotate Drilling 6-1/8"" Lateral Section from 5524 ftMD to current depth 5675 ftMD.

Drilling parameter:
- WOB : 10 Klbs
- Flow Rate : 260 gpm
- RPM : 70
- Pump Press (Off/On) : 2550 / 2550 psi
- Torque (Off/On) : 4.0 / 5.0 Kft-lbs

Recorded references:
- PU / SO / RW : 101 / 60 / 76 Klbs
- Avg ROP : 30.2 fph
- Inst ROP : 45 fph 
- ECD : 10.32 ppg
- BHT : 181.4 degF

Last Survey:
Survey Depth:  5613.50 ftMD /  4119.35 ftTVD
Incl.:  86.86 deg
Azim.:  337.35 deg
DLS:  0.57 deg/100ft
Ct-Ct: 5.83 ft (5.67 Above , 1.37 Right)

Notes:
- Hole monitoring prior to connection
- K+ : 38K
- 7 ppb CaCO3 F + 13 ppb CaCO3 M (preventive LCM) termasuk pemakaian untuk DIF in active system
- 17.5 ppb CaCO3 F + 17.5 ppb CaCO3 C (LCM Pill) at additional tank
- No dynamic loss observed.
- Sweep tandem 15 bbls LoVis + 15 bbls HiVis 120 SMF every 3-5 stands for hole cleaning purpose.

Last WSG cutting description: 
5670' MD : SST20%,SLT20%,SH60%
brn-drkbrn, loc offwh, firm-mod hd, cly-vf sz, sli calc, qtz, trc blk mat, 3-5% mod bro yl fluor, vslo strm vthn mlky wh cut 
(◆)"
SEBL,SEBL_001,PHR-05,1/18/2026,12/1/2025 4:00,1/18/2026 17:00,DRLG,PRODLNR1,DRILL,DRLRS,7,,6 1/8,5854,"Cont'd Rotate Drilling 6-1/8"" Lateral Section from 5675 ftMD to current depth 5854 ftMD.

Drilling parameter:
- WOB : 10 Klbs
- Flow Rate : 260 gpm
- RPM : 70
- Pump Press (Off/On) : 2650 / 2650 psi
- Torque (Off/On) : 4.0 / 5.0 Kft-lbs

Recorded references:
- PU / SO / RW : 102 / 62 / 77 Klbs
- Avg ROP : 25.6 fph
- Inst ROP : 45.16 fph 
- ECD : 10.33 ppg
- BHT : 183 degF

Last Survey Update
Survey Depth: 5741.24 ftMD / 4126.8 ftTVD
Incl.: 86.31 deg
Azim.: 337.05 deg
DLS: 0.75 deg/100ft
Ct-Ct: 4.05 ft (3.8 Above, 1.38 Right)

Notes:
- Hole monitoring prior to connection
- K+ : 38K
- 7 ppb CaCO3 F + 13 ppb CaCO3 M (preventive LCM) in active system
- 17.5 ppb CaCO3 F + 17.5 ppb CaCO3 C (LCM Pill) at additional tank
- No dynamic loss observed.
- Sweep tandem 15 bbls LoVis + 15 bbls HiVis 120 SMF every 3-5 stands for hole cleaning purpose.
- Reciprocate 2 - 3 times after standdown
- Increase LSRYP gradually
- Last WSG cutting description: 5810'-5830' MD : SST50%,SLT30%,SH20%

======== After Midnight =========
00:00 - 05:00 :
Cont'd Rotate Drilling 6-1/8"" Lateral Section from 5854 ftMD to current depth 5927 ftMD.

Drilling parameter:
- WOB : 10 Klbs
- Flow Rate : 260 gpm
- RPM : 70
- Pump Press (Off/On) : 2660 / 2660 psi
- Torque (Off/On) : 4.2 / 5.0 Kft-lbs

Recorded references:
- PU / SO / RW : 102 / 59 / 74 Klbs
- Avg ROP : 14.4 fph
- Inst ROP : 48.6 fph 
- ECD : 10.36 ppg
- BHT : 185 degF

Last Survey Update
Survey Depth: 5866.36 ftMD / 4134.84 ftTVD
Incl.: 86.21 deg
Azim.: 336.53 deg
DLS: 0.36 deg/100ft
Ct-Ct: 1.46 ft (1.23 Above, 0.79 Right)

Notes:
- 7 ppb CaCO3 F + 13 ppb CaCO3 M (preventive LCM) in active system
- No dynamic loss observed.
- Sweep tandem 15 bbls LoVis + 15 bbls HiVis 120 SMF every 3-5 stands for hole cleaning purpose.
- Reciprocate 2 - 3 times after standdown
- Last WSG cutting description: 5910'- 5920' MD : SST20%,SLT40%,SH40% (NOS)"
SEBL,SEBL_001,PHR-05,1/19/2026,12/1/2025 4:00,1/19/2026,DRLG,PRODLNR1,DRILL,DRLRS,5,,6 1/8,5927,"Cont'd Rotate Drilling 6-1/8"" Lateral Section from 5854 ftMD to current depth 5927 ftMD.

Drilling parameter:
- WOB : 10 Klbs
- Flow Rate : 260 gpm
- RPM : 70
- Pump Press (Off/On) : 2660 / 2700 psi
- Torque (Off/On) : 4.2 / 5.0 Kft-lbs

Recorded references:
- PU / SO / RW : 102 / 59 / 74 Klbs
- Avg ROP : 14.4 fph
- Inst ROP : 48.6 fph 
- ECD : 10.36 ppg
- BHT : 185 degF

Last Survey Update
Survey Depth: 5866.36 ftMD / 4134.84 ftTVD
Incl.: 86.21 deg
Azim.: 336.53 deg
DLS: 0.36 deg/100ft
Ct-Ct: 1.46 ft (1.23 Above, 0.79 Right)

Notes:
- 7 ppb CaCO3 F + 13 ppb CaCO3 M (preventive LCM) in active system
- No dynamic loss observed.
- Sweep tandem 15 bbls LoVis + 15 bbls HiVis 120 SMF every 3-5 stands for hole cleaning purpose.
- Reciprocate 2 - 3 times after standdown
- Last WSG cutting description: 5910'- 5920' MD : SST20%,SLT40%,SH40% (NOS)"
SEBL,SEBL_001,PHR-05,1/19/2026,12/1/2025 4:00,1/19/2026 5:00,DRLG,PRODLNR1,DRILL,DRLRS,4.5,,6 1/8,6052,"Cont'd Rotate Drilling 6-1/8"" Lateral Section from 5927 ftMD to current depth 6052 ftMD.

Drilling parameter:
- WOB : 10 Klbs
- Flow Rate : 260 gpm
- RPM : 70
- Pump Press (Off/On) : 2700 / 2720 psi
- Torque (Off/On) : 4.2 / 5.3 Kft-lbs

Recorded references:
- PU / SO / RW : 102 / 55 / 74 Klbs
- Avg ROP : 28 fph
- Inst ROP : 41 fph 
- ECD : 10.40 ppg
- BHT : 186 degF

Last Survey Update
Survey Depth: 5992.42 ftMD / 4141.28 ftTVD
Incl.: 87.41 deg
Azim.: 336.36 deg
DLS: 0.20 deg/100ft
Ct-Ct: 0.53 ft (0.29 Above, 0.44 Right)

Notes:
- 7 ppb CaCO3 F + 13 ppb CaCO3 M (preventive LCM) in active system
- No dynamic loss observed.
- Sweep tandem 15 bbls LoVis + 15 bbls HiVis 120 SMF every 3-5 stands for hole cleaning purpose.
- Survey every stand
- Reciprocate 2 - 3 times after standdown
- Last WSG cutting description: 5910'- 5920' MD : SST60%,SLT20%,SH20% (NOS)"
SEBL,SEBL_001,PHR-05,1/19/2026,12/1/2025 4:00,1/19/2026 9:30,DRLG,PRODLNR1,DRILL,CC,2,,6 1/8,6052,"CHC 1xBU and sweep hole with tandem 15 bbls lo-vis and 15 bbls hi-vis. CHC 1xBU. FR 260 gpm, 2600 psi. Until clean on shale shaker

Baseline #1 at 6052 ftMD:
Depth : 6052 ftMD
FR: 260 gpm, 2550 psi
P/U : 100 klbs
S/O : 56 klbs
R/W : 75 klbs
RPM : 70 rpm
Off Btm Torque : 4.0 kft-klbs
MW /ECD: 9.0 / 10.39 ppg
 
Pump OFF 
P/U : 105 klbs
S/O : 63 klbs

Notes : 
- No dynamic loss observed."
SEBL,SEBL_001,PHR-05,1/19/2026,12/1/2025 4:00,1/19/2026 11:30,DRLG,PRODLNR1,DRILL,TOH,2,,6 1/8,6052,"TOH 6-1/8"" PDC on Directional BHA (RSS) for short trip from 6052 ftMD to 5291 ftMD (inside casing).

Baseline at csg shoe:
Depth : 5291 ftMD
FR: 250 gpm, 2400 psi
P/U : 98 klbs
S/O : 62 klbs
R/W : 76 klbs
RPM : 40 rpm
Off Btm Torque : 3.1 kft-klbs
MW /ECD: 9.0 / 10.38 ppg
 
Pump OFF 
P/U : 100 klbs
S/O : 65 klbs

Notes :
- Observed well static prior to TOH
- Fill up hole from trip tank
- No excessive drag observed during trip"
SEBL,SEBL_001,PHR-05,1/19/2026,12/1/2025 4:00,1/19/2026 13:30,DRLG,PRODLNR1,DRILL,TIH,2.5,,6 1/8,6052,"TIH 6-1/8"" PDC on Directional BHA (RSS)  from 5291 ftMD to bottom 6052 ftMD

Notes:
- Monitor hole prior to TIH. Well static.
- Not found any significant drag during TIH."
SEBL,SEBL_001,PHR-05,1/19/2026,12/1/2025 4:00,1/19/2026 16:00,DRLG,PRODLNR1,DRILL,DRLRS,3,,6 1/8,6133,"Cont'd Rotate Drilling 6-1/8"" Lateral Section from 6052 ftMD to current depth 6133 ftMD.

Drilling parameter:
- WOB : 10 Klbs
- Flow Rate : 260 gpm
- RPM : 70
- Pump Press (Off/On) : 2700 / 2750 psi
- Torque (Off/On) : 4.5 / 5.5 Kft-lbs

Recorded references:
- PU / SO / RW : 102 / 55 / 74 Klbs
- Avg ROP : 27 fph
- Inst ROP : 45.8 fph 
- ECD : 10.40 ppg
- BHT : 186.8 degF

Last Survey Update
Survey Depth: 6055.26 ftMD / 4143.61 ftTVD
Incl.:  88.35 deg
Azim.:  336.06 deg
DLS:  1.56 deg/100ft
Ct-Ct: 1.48 ft (0.71 Above , 1.31 Left)

Last WSG cutting description:  
6000'- 6050' MD : SST10%,SLT60%,SH30%
ltgry-gry, firm-mod hd, cly-vf sz, n-sli calc, qtz, trc blk mat, no fluor, no cut
(NSO)

Notes:
- Hole monitoring prior to connection
- K+ : 38K
- 7 ppb CaCO3 F + 13 ppb CaCO3 M (preventive LCM) in active system
- 17.5 ppb CaCO3 F + 17.5 ppb CaCO3 C (LCM Pill) at additional tank
- No dynamic loss observed.
- Sweep tandem 15 bbls LoVis + 15 bbls HiVis 120 SMF every 3-5 stands for hole cleaning purpose.
* Got decision from Asset team building to 87.5 deg"
SEBL,SEBL_001,PHR-05,1/19/2026,12/1/2025 4:00,1/19/2026 19:00,DRLG,PRODLNR1,DRILL,EQRPR,5,5,6 1/8,6133,"Found pressure drop to 1400 psi ( normal pressure 2700 psi ) while drilling, problem with MP#01.

Noted:
- TOH to 5233' MD ( inside 7in casing )
- MP#01 found problem leakage at MP module
- MP#02 found problem dumpener leakage ( replace with new item )
- MP#03 found problem change liner gasket
- Not found any significant drag during TOH
- Keep hole monitoring during TOH 
- Closed annular BOP while MP repair

======= After Midnight =======
00:00 - 02:00
F/T All Mud Pump after finish repaired. Continue TIH to bottom 6133' MD.

Note:
- MP#01 with 250 GPM 2450 psi
- MP#02 with 250 GPM 2470 psi
- MP#03 with 250 GPM 2450 psi
- Keep hole monitoring during TIH
- Not found any significant drag during TIH

02:00 - 05:00
Cont'd Rotate Drilling 6-1/8"" Lateral Section from 6133 ftMD to current depth 6190 ftMD.

Drilling parameter:
- WOB : 10 Klbs
- Flow Rate : 260 gpm
- RPM : 70
- Pump Press (Off/On) : 2700 / 2750 psi
- Torque (Off/On) : 4.5 / 5.5 Kft-lbs

Recorded references:
- PU / SO / RW : 103 / 55 / 72 Klbs
- Avg ROP : 19 fph
- Inst ROP : 39.5 fph 
- ECD : 10.55 ppg
- BHT : 183.2 degF

Last Survey Update
Survey Depth: 6117.35 ftMD / 4145.19 ftTVD
Incl.: 88.72 deg
Azim.: 335.74 deg
DLS: 0.80 deg/100ft
Ct-Ct: 3.09 ft (1.83 Above , 2.5 Left )

Last WSG cutting description:  
6170' MD : SST30%,SLT30%,SH40%
ltgry-gry, firm-mod hd, cly-vf sz, n-sli calc, qtz, trc blk mat, 5-10% pl-mod bri yl fluor, vslo strm vthn mlky wh cut 
(◆/●)

Notes:
- Hole monitoring prior to connection
- K+ : 38K
- 7 ppb CaCO3 F + 13 ppb CaCO3 M (preventive LCM) in active system
- 17.5 ppb CaCO3 F + 17.5 ppb CaCO3 C (LCM Pill) at additional tank
- No dynamic loss observed.
- Sweep tandem 15 bbls LoVis + 15 bbls HiVis 120 SMF every 3-5 stands for hole cleaning purpose.
- Got decision from Asset team dropping to 87.5 deg"
SEBL,SEBL_001,PHR-05,1/20/2026,12/1/2025 4:00,1/20/2026,DRLG,PRODLNR1,DRILL,EQRPR,2,2,6 1/8,6133,"F/T All Mud Pump after finish repaired. Continue TIH to bottom 6133' MD.

Note:
- MP#01 with 250 GPM 2450 psi
- MP#02 with 250 GPM 2470 psi
- MP#03 with 250 GPM 2450 psi
- Keep hole monitoring during TIH
- Not found any significant drag during TIH"
SEBL,SEBL_001,PHR-05,1/20/2026,12/1/2025 4:00,1/20/2026 2:00,DRLG,PRODLNR1,DRILL,DRLRS,3,,6 1/8,6190,"Cont'd Rotate Drilling 6-1/8"" Lateral Section from 6133 ftMD to current depth 6190 ftMD.

Drilling parameter:
- WOB : 10 Klbs
- Flow Rate : 260 gpm
- RPM : 70
- Pump Press (Off/On) : 2700 / 2750 psi
- Torque (Off/On) : 4.5 / 5.5 Kft-lbs

Recorded references:
- PU / SO / RW : 103 / 55 / 72 Klbs
- Avg ROP : 19 fph
- Inst ROP : 39.5 fph 
- ECD : 10.55 ppg
- BHT : 183.2 degF

Last Survey Update
Survey Depth: 6117.35 ftMD / 4145.19 ftTVD
Incl.: 88.72 deg
Azim.: 335.74 deg
DLS: 0.80 deg/100ft
Ct-Ct: 3.09 ft (1.83 Above , 2.5 Left )

Last WSG cutting description:  
6170' MD : SST30%,SLT30%,SH40%
ltgry-gry, firm-mod hd, cly-vf sz, n-sli calc, qtz, trc blk mat, 5-10% pl-mod bri yl fluor, vslo strm vthn mlky wh cut 
(◆/●)

Notes:
- Hole monitoring prior to connection
- K+ : 38K
- 7 ppb CaCO3 F + 13 ppb CaCO3 M (preventive LCM) in active system
- 17.5 ppb CaCO3 F + 17.5 ppb CaCO3 C (LCM Pill) at additional tank
- No dynamic loss observed.
- Sweep tandem 15 bbls LoVis + 15 bbls HiVis 120 SMF every 3-5 stands for hole cleaning purpose.
- Got decision from Asset team dropping to 87.5 deg"
SEBL,SEBL_001,PHR-05,1/20/2026,12/1/2025 4:00,1/20/2026 5:00,DRLG,PRODLNR1,DRILL,DRLRS,7,,6 1/8,6326,"Cont'd Rotate Drilling 6-1/8"" Lateral Section from 6190 ftMD to current depth 6326 ftMD.

Drilling parameter:
- WOB : 10 Klbs
- Flow Rate : 260 gpm
- RPM : 70
- Pump Press (Off/On) : 2650 / 2650 psi
- Torque (Off/On) : 4.5 / 5.9 Kft-lbs

Recorded references:
- PU / SO / RW : 103 / 55 / 75 Klbs
- Avg ROP : 19.4 fph
- Inst ROP : 34.3 fph 
- ECD : 10.39 ppg
- BHT : 186.8 degF

Last Survey Update
Survey Depth: 6244.58 ftMD / 4149.74 ftTVD
Incl.: 87.48 deg
Azim.: 336.39 deg
DLS: 1.11 deg/100ft
Ct-Ct: 4.67 ft (2.65 Above , 3.48 Left )

Last WSG cutting description:  
6300' MD : 
SS85%, SLT10%, SH5%, gry-ltgry, offwh, clr, trnsp, trnsl, f-med, loc vf, qtz, n-sli calc, 10-15% pale-mod bri brnsh yl flo, slo strm, vthn wh cut. (●)

Notes:
- Hole monitoring prior to connection
- K+ : 38K
- 7 ppb CaCO3 F + 13 ppb CaCO3 M (preventive LCM) in active system
- 17.5 ppb CaCO3 F + 17.5 ppb CaCO3 C (LCM Pill) at additional tank
- No dynamic loss observed.
- Sweep tandem 15 bbls LoVis + 15 bbls HiVis 120 SMF every 3-5 stands for hole cleaning purpose.
- Got decision from Geostreering team dropping to 86.5 deg"
SEBL,SEBL_001,PHR-05,1/20/2026,12/1/2025 4:00,1/20/2026 12:00,DRLG,PRODLNR1,DRILL,DRLRS,5,,6 1/8,6432,"Cont'd Rotate Drilling 6-1/8"" Lateral Section from 6326 ftMD to current depth 6432 ftMD.

Drilling parameter:
- WOB : 10 Klbs
- Flow Rate : 260 gpm
- RPM : 70
- Pump Press (Off/On) : 2600 / 2600 psi
- Torque (Off/On) : 4.5 / 5.9 Kft-lbs

Recorded references:
- PU / SO / RW : 104 / 53 / 75 Klbs
- Avg ROP : 25.4 fph
- Inst ROP : 51.2 fph 
- ECD : 10.31 ppg
- BHT : 190.40 degF

Last Survey Update
Survey Depth: 6372.93 ftMD / 4156.11 ftTVD
Incl.: 86.72 deg
Azim.: 336.35 deg
DLS: 0.87 deg/100ft
Ct-Ct: 6.37 ft (2.06 Above , 6.67 Left)

Last WSG cutting description:  
6380-6430' MD : SST70%,SLT20%,SH10%
ltgry-gry, firm-mod hd, vf-f gr, n calc, 10% pale-mod bri yl flo, slo strm thn mky wh cut (●)

Notes:
- Hole monitoring prior to connection
- K+ : 38K
- 7 ppb CaCO3 F + 13 ppb CaCO3 M (preventive LCM) in active system
- 17.5 ppb CaCO3 F + 17.5 ppb CaCO3 C (LCM Pill) at additional tank
- No dynamic loss observed.
- Sweep tandem 15 bbls LoVis + 15 bbls HiVis 120 SMF every 3-5 stands for hole cleaning purpose.
- Got decision from Geostreering team dropping to 86.5 deg"
SEBL,SEBL_001,PHR-05,1/20/2026,12/1/2025 4:00,1/20/2026 17:00,DRLG,PRODLNR1,DRILL,DRLRS,7,,6 1/8,6622,"Cont'd Rotate Drilling 6-1/8"" Lateral Section from 6432 ftMD to current depth 6622 ftMD.

Drilling parameter:
- WOB : 10 Klbs
- Flow Rate : 260 gpm
- RPM : 70
- Pump Press (Off/On) : 2600 / 2600 psi
- Torque (Off/On) : 5.0 / 6.3 Kft-lbs

Recorded references:
- PU / SO / RW : 106 / 49 / 73 Klbs
- Avg ROP : 27.1 fph
- Inst ROP : 52.72 fph 
- ECD : 10.4 ppg
- BHT : 194 degF

Last Survey Update
Survey Depth: 6498.95 ftMD / 4163.33 ftTVD
Incl.: 86.83 deg
Azim.: 335.88 deg
DLS: 0.70 deg/100ft
Ct-Ct: 8.43 ft (0.33 Above, 8.42 Left)

Last WSG cutting description:  
6570-6580' MD : SS30, SLT40, SH30
gry-ltgry, offwh, firm-mod hd cly-f sz, qtz, n-sli calc, 5-10% pale-mod bri brnsh yl flo, vslo strm, vthn wh cut. (◆/●)

Notes:
- Hole monitoring prior to connection
- K+ : 38K
- Maintain 7 ppb CaCO3 F + 13 ppb CaCO3 M (preventive LCM) in active system
- 17.5 ppb CaCO3 F + 17.5 ppb CaCO3 C (LCM Pill) at additional tank
- No dynamic loss observed.
- Sweep tandem 15 bbls LoVis + 15 bbls HiVis 120 SMF every 3-5 stands for hole cleaning purpose.
- Got decision from Geostreering team dropping to 86.5 deg
- Add & Maintain 0.5 % Lubricant in mud system

======== After Midnight =========
00:00 - 01.30 :
Cont'd Rotate Drilling 6-1/8"" Lateral Section from 6622 ftMD to current depth 6628 ftMD.

Drilling parameter:
- WOB : 10 Klbs
- Flow Rate : 260 gpm
- RPM : 70
- Pump Press (Off/On) : 2600 / 2600 psi
- Torque (Off/On) : 5.0 / 6.3 Kft-lbs

Note :
- Found Presure drop to +/- 1,400 psi (Using MP# 2)
- Change MP#1 : Pressure eratic f/ 2,380 to 2580 psi
- Change MP#3 : Pressure at 2,500 psi
- Found litte bit foam on mud

01:30 - 03.45 : 
Troubleshoot Mud Pump

Note :
- TOH Bit to 6352 ftMD while troubleshooting mudpump
- Reduce foam using Defoamer
- F/Y Mud Pump. MP #2 OK
- TIH Back to bottom

03:45 - 04.15 :
Cont'd Rotate Drilling 6-1/8"" Lateral Section from 6628 ftMD to current depth 6640 ftMD.

04:15 - 05.00 :
Troubleshoot MP"
SEBL,SEBL_001,PHR-05,1/21/2026,12/1/2025 4:00,1/21/2026,DRLG,PRODLNR1,DRILL,DRLRS,1.5,,6 1/8,6628,"Cont'd Rotate Drilling 6-1/8"" Lateral Section from 6622 ftMD to current depth 6628 ftMD.

Drilling parameter:
- WOB : 10 Klbs
- Flow Rate : 260 gpm
- RPM : 70
- Pump Press (Off/On) : 2600 / 2600 psi
- Torque (Off/On) : 5.0 / 6.3 Kft-lbs

Recorded references:
- PU / SO / RW : 106 / 49 / 73 Klbs
- Avg ROP : 5 fph
- Inst ROP : 11.32 fph 
- ECD : 10.4 ppg
- BHT : 194 degF

Last Survey Update
Survey Depth: 6498.95 ftMD / 4163.33 ftTVD
Incl.: 86.83 deg
Azim.: 335.88 deg
DLS: 0.70 deg/100ft
Ct-Ct: 8.43 ft (0.33 Above, 8.42 Left)

Last WSG cutting description:  
6570-6580' MD : SS30, SLT40, SH30
gry-ltgry, offwh, firm-mod hd cly-f sz, qtz, n-sli calc, 5-10% pale-mod bri brnsh yl flo, vslo strm, vthn wh cut. (◆/●)

Notes:
- Hole monitoring prior to connection
- K+ : 38K
- Maintain 7 ppb CaCO3 F + 13 ppb CaCO3 M (preventive LCM) in active system
- 17.5 ppb CaCO3 F + 17.5 ppb CaCO3 C (LCM Pill) at additional tank
- No dynamic loss observed.
- Sweep tandem 15 bbls LoVis + 15 bbls HiVis 120 SMF every 3-5 stands for hole cleaning purpose.
- Got decision from Geostreering team dropping to 86.5 deg
- Add & Maintain 0.5 % Lubricant in mud system
- Downlink before pressure switch mud pump
- Found Presure drop to +/- 1,400 psi (Using MP# 2)
- Change MP#1 : Pressure eratic f/ 2,380 to 2580 psi
- Change MP#3 : Pressure at 2,500 psi"
SEBL,SEBL_001,PHR-05,1/21/2026,12/1/2025 4:00,1/21/2026 1:30,DRLG,PRODLNR1,DRILL,EQRPR,2.25,2.25,6 1/8,6628,"Found pumping pressure gradually drop to 1400 psi (normal pressure 2600 psi) while drilling, problem with MP#01.

Noted:

- MP#01 Re tighten Piston rod
- MP#02 Clean up screen suction
- MP#03 found problem Insert Valve
- Reduce Foam on Mud by using defoamer
- Not found any significant drag during TOH
- Keep hole monitoring during TOH
- F/T Mud Pump :
* MP#1 : Pressure eractic & got 1,300 psi
* MP#2 : Succeed
* MP#3 : On progress troubleshooting
- TIH Back to Bottom"
SEBL,SEBL_001,PHR-05,1/21/2026,12/1/2025 4:00,1/21/2026 3:45,DRLG,PRODLNR1,DRILL,DRLRS,0.5,,6 1/8,6640,"Cont'd Rotate Drilling 6-1/8"" Lateral Section from 6628 ftMD to current depth 6640 ftMD.

Drilling parameter:
- WOB : 10 Klbs
- Flow Rate : 260 gpm
- RPM : 70
- Pump Press (Off/On) : 2600 / 2600 psi
- Torque (Off/On) : 5.0 / 6.3 Kft-lbs

Recorded references:
- PU / SO / RW : 106 / 49 / 73 Klbs
- Avg ROP : 24 fph
- Inst ROP : 40 fph 
- ECD : 10.4 ppg
- BHT : 194 degF

Last Survey Update
Survey Depth: 6498.95 ftMD / 4163.33 ftTVD
Incl.: 86.83 deg
Azim.: 335.88 deg
DLS: 0.70 deg/100ft
Ct-Ct: 8.43 ft (0.33 Above, 8.42 Left)

Last WSG cutting description:  
6570-6580' MD : SS30, SLT40, SH30
gry-ltgry, offwh, firm-mod hd cly-f sz, qtz, n-sli calc, 5-10% pale-mod bri brnsh yl flo, vslo strm, vthn wh cut. (◆/●)

Notes:
- Drilling using MP #2 while Troubelshooting Mud Pump #1 & #3
> MP#1 : Tighten Piston rod & Re-install Insert Valve
> MP#3 : Change out insert Valve
- No Foam observed on mud system
- Hole monitoring prior to connection
- K+ : 38K
- Maintain 7 ppb CaCO3 F + 13 ppb CaCO3 M (preventive LCM) in active system
- 17.5 ppb CaCO3 F + 17.5 ppb CaCO3 C (LCM Pill) at additional tank
- No dynamic loss observed.
- Sweep tandem 15 bbls LoVis + 15 bbls HiVis 120 SMF every 3-5 stands for hole cleaning purpose.
- Got decision from Geostreering team dropping to 86.5 deg
- Add & Maintain 0.5 % Lubricant in mud system
- Found Presure drop to 2620 to 2570 psi (Using MP# 2)
- Change MP#1 :  MP#1 pressure drop 2,660 to 2,290 psi
- Change MP#3 : Pressure relatively constant 2,600 psi. But Bad signal for MLWD & Slow respon for Downlink"
SEBL,SEBL_001,PHR-05,1/21/2026,12/1/2025 4:00,1/21/2026 4:15,DRLG,PRODLNR1,DRILL,TOH,4.25,4.25,6 1/8,6640,"Found pressure gradually drop to 2620 to 2570 psi (Using MP# 2).  TOH 6-1/8"" PDC bit and BHA to 5172.85' MD (inside 7in casing)

Noted :
- Found Presure drop to 2620 to 2570 psi (Using MP# 2)
- Change to MP#1 :  MP#1 pressure drop 2,660 to 2,290 psi
- Change to MP#3 : Pressure relatively constant 2,600 psi. But Bad signal for MLWD & Slow respon for Downlink
- TOH 6-1/8"" PDC Bit while Troubleshooting Pressure drop"
SEBL,SEBL_001,PHR-05,1/21/2026,12/1/2025 4:00,1/21/2026 8:30,DRLG,PRODLNR1,DRILL,EQRPR,3.5,3.5,6 1/8,6640,"Troubleshooting mudpump #1 #2 #3
Mud Pump #1
- Disassembly and reinstall insert & seating valve
- Disassembly and reinstall top cover and bottom cover fluid end

Mud Pump #2
- Replace and re-tighten seal cover MP#2
- Disassembly and reinstall insert & seating valve

Mud Pump #3
- Disassembly and reinstall insert & seating valve
- Disassembly and reinstall top cover and bottom cover fluid end

Function test mud pump at depth 5172.85' MD (inside 7"" casing) with flowrate 250 GPM
- Mud pump #1 = Pressure 2350 psi/ MWD turbine 3120 rpm, stable for 15 mins
- Mud pump #2 = Pressure 2347 psi/ MWD turbine 3120 rpm, stable for 15 mins
- Mud pump #3 = Pressure 2370 psi/ MWD turbine 3120 rpm, stable for 15 mins"
SEBL,SEBL_001,PHR-05,1/21/2026,12/1/2025 4:00,1/21/2026 12:00,DRLG,PRODLNR1,DRILL,TIH,4.25,4.25,6 1/8,6640,"PJSM. Re-TIH 6-1/8"" PDC bit and directional BHA f/ 5172.85' MD to last drilling depth 6640' MD

Check mud pump condition at depth 6052' MD (compared to previous baseline parameter)

Note :
- Got no significant drag while TIH bit and BHA to last drilling depth"
SEBL,SEBL_001,PHR-05,1/21/2026,12/1/2025 4:00,1/21/2026 16:15,DRLG,PRODLNR1,DRILL,DRLRS,7.5,,6 1/8,6825,"Cont'd Rotate Drilling 6-1/8"" Lateral Section from 6640 ftMD to current depth 6825 ftMD9 (TD Well)

Drilling parameter:
- WOB : 10 Klbs
- Flow Rate : 260 gpm
- RPM : 70
- Pump Press (Off/On) : 2750 / 2750 psi
- Torque (Off/On) : 5.5 / 6.7Kft-lbs

Recorded references:
- PU / SO / RW : 108 / 47/ 72 Klbs
- Avg ROP : 26.42 fph
- Inst ROP : 37.72 fph 
- ECD : 10.7 ppg
- BHT : 194 degF

Survey Depth: 6764.83 ftMD / 4176.58 ftTVD
Incl.: 88.41 deg
Azim.: 336.12 deg
DLS: 1.67 deg/100ft
Ct-Ct: 13.7 ft (1.33 Below , 13.63 Left )

Projection to Bit @6825 ftMD
Survey Depth: 6825 ftMD / 4178.2 ftTVD
Incl.: 88.5 deg
Azim.: 336.16 deg
DLS: 0.16 deg/100ft
Ct-Ct: 14.54 ft (0.32 Below , 14.54 Left )

Last WSG cutting description:  
6820-6825' MD : 
SS75, SLT15, SH10, gry-ltgry, offwh, clr, trnsp, trnsl, f-med, loc vf, qtz, trc blk mat, n-sli calc, 15% pale-mod bri brnsh yl flo, slo strm vthn wh cut. (●)

Notes:
- Hole monitoring prior to connection
- K+ : 38K
- Maintain 7 ppb CaCO3 F + 13 ppb CaCO3 M (preventive LCM) in active system
- 17.5 ppb CaCO3 F + 17.5 ppb CaCO3 C (LCM Pill) at additional tank
- No dynamic loss observed.
- Sweep tandem 15 bbls LoVis + 15 bbls HiVis 120 SMF every 3-5 stands for hole cleaning purpose.
- Add & Maintain 0.5 % Lubricant in mud system
- Discus with DWI Leader ship and Asset Team, Decided call TD as per plan 6825'MD"
SEBL,SEBL_001,PHR-05,1/21/2026,12/1/2025 4:00,1/21/2026 23:45,DRLG,PRODLNR1,DRILL,CC,0.25,,6 1/8,6825,"CHC 2 x BU w/ flow rate270 gpm, RPM 90, pressure 2900 psi Swept tandem LoVis + HiVis.

======After Midnight=====

00:00 - 02:30 Cont'd CHC 2 x BU w/ flow rate270 gpm, RPM 90, pressure 2900 psi Swept tandem LoVis + HiVis. 

Baseline 6825 ftMD :
270 gpm, 2850 psi, 90 rpm 
TQ 5.2 klbsft. 
MW 9.0 ppg, .
 
Pump on :
P/U 106 klbs 
RW 72 klbs 
S/O 46 klbs
 
Pump off : 
P/U 113 klbs
S/O 52 klbs

Note:
- Observe well static

02:30 - 05:00 PJSM TOH 6-1/8""PDC Bit To Surface @ Current Depth 5487'MD

Note:
- Obser well Static
- No signifikan drag during TOH"
SEBL,SEBL_001,PHR-05,1/22/2026,12/1/2025 4:00,1/22/2026,DRLG,PRODLNR1,DRILL,CC,2.5,,6 1/8,6825,"Cont'd CHC 2 x BU w/ flow rate270 gpm, RPM 90, pressure 2900 psi Swept tandem LoVis + HiVis

Baseline at 6825 ftMD :
270 gpm, 2850 psi, 90 rpm 
TQ 5.2 klbs-ft
MW 9.0 ppg
 
Pump on :
P/U 106 klbs 
RW 72 klbs 
S/O 46 klbs
 
Pump off : 
P/U 113 klbs
S/O 52 klbs

Note:
- Observe well static"
SEBL,SEBL_001,PHR-05,1/22/2026,12/1/2025 4:00,1/22/2026 2:30,DRLG,PRODLNR1,DRILL,TOH,15,,6 1/8,6825,"PJSM, TOH 6-1/8""PDC Bit and directional BHA (RSS) to surface 

Note:
- Flow check prior TOH, well static
- Rackback all drill string
- Not found excessive drag during TOH
- Continued fill up string through triptank"
SEBL,SEBL_001,PHR-05,1/22/2026,12/1/2025 4:00,1/22/2026 17:30,DRLG,PRODLNR1,DRILL,BHAPU/LD,4.5,,6 1/8,6825,"Lay down 4-3/4"" MWD/LWD + 4-3/4"" RSS BHA #6. Continued break out 6-1/8"" PDC bit and lay down.

Note:
- Unloading radio active source.
- Bit on surface 22 Jan 2026 @ 22:00 hrs
 
After Run Data:
> 6-1/8"" New PDC Bit by Smith
Type: HT513M
SN: QG2827
Nozzle: 5 x 13
TFA: 0.648
Bit Grading IN: NEW
Grading out :
1-3-CT-G-X-I-BT-TD

>RSS assy
- 4.75"" Power Drive RSS Orbit G2 AA, SN: CU4903, 
  Circ HRS IN/ out: 0 hrs/ 81.97 hrs
- 4.75"" Power Drive SRX, SN: B1948111, 
  Circ HRS IN/out :  0 hrs/ 81.97 hrs
- 4.75"" LWD Periscope, SN: B1352, 
  Circ HRS IN/ out : 0 hrs/ 81.97 hrs
- 4.75"" MWD IM Pulse, SN: 5391XSAT, 
  Circ HRS IN/ out : 0 hrs/ 81.97 hrs
- LWD ADN4_ 5.75"", SN: B2360, 
  Circ HRS IN/ out : 0 hrs/ 81.97 hrs
> 4.75"" Hydraulic Jar, SN: 54244H, Circ HRS IN: 7.7 hrs
  Jar Up: 60 klbs Jar Down: 40 klbs Delay Time 92 sec
 Jar in/out  : 7.7/ 89.67 hrs
"
SEBL,SEBL_001,PHR-05,1/22/2026,12/1/2025 4:00,1/22/2026 22:00,DRLG,PRODLNR1,DRILL,TIH,2,,6 1/8,6825,"M/U and TIH 6-1/8"" Hole Opener Fixed cutterType w/ 4 3/4"" bullnose + 5"" Bit Sub w/ Float Valve (Plunger)  BHA #12 + 2 x 3-1/2"" HWDP + 14 x 3-1/2"" DP Grade G at 522 ftMD

======After Midnight=====

00:00 - 05:00 Continue TIH 6-1/8"" Hole Opener Fixed cutterType w/ 4 3/4"" bullnose + 5"" Bit Sub w/ Float Valve (Plunger)  BHA #12 + 2 x 3-1/2"" HWDP + 46 x 3-1/2"" DP Grade G + 4 x 3-1/2"" HWDP + 4-3/4"" Hydraulic Jar + 3 x 3-1/2"" HWDP + 10 x 3-1/2"" DP Grade G + 6 x 3-1/2"" HWDP + 6 x 3-1/2"" DP Grade G + 4 x 3-1/2"" HWDP + 6 x 3-1/2"" DP Grade G + 4 x 3-1/2"" HWDP + 10 x 3-1/2"" DP Grade G + 14 x 3-1/2"" HWDP + 18 x 3-1/2"" DP Grade G + 6 x 3-1/2"" HWDP + 70 x 3-1/2"" DP Grade G to 4194 ftMD

Note :
- Monitoring well with trip tank
- Break Circulation every 1000 ft"
SEBL,SEBL_001,PHR-05,1/23/2026,12/1/2025 4:00,1/23/2026,DRLG,PRODLNR1,DRILL,TIH,7,,6 1/8,6825,"Con't TIH 6-1/8"" Hole Opener Fixed cutterType w/ 4 3/4"" bullnose + 5"" Bit Sub w/ Float Valve (Plunger)  BHA #12 + 2 x 3-1/2"" HWDP + 46 x 3-1/2"" DP Grade G + 4 x 3-1/2"" HWDP + 4-3/4"" Hydraulic Jar + 3 x 3-1/2"" HWDP + 10 x 3-1/2"" DP Grade G + 6 x 3-1/2"" HWDP + 6 x 3-1/2"" DP Grade G + 4 x 3-1/2"" HWDP + 6 x 3-1/2"" DP Grade G + 4 x 3-1/2"" HWDP + 10 x 3-1/2"" DP Grade G + 14 x 3-1/2"" HWDP + 18 x 3-1/2"" DP Grade G + 6 x 3-1/2"" HWDP + 70 x 3-1/2"" DP Grade G to 5200 ftMD (above casing shoe)

Note :
- 7"" casing shoe at 5325' MD
- Monitoring well with trip tank
- Got no excessive dragging
- Break Circulation every 1000 ft inside casing
  @ 1019 ftMD - 200 gpm; 190 psi
  @ 2020 ftMD - 200 gpm; 380 psi
  @ 3010 ftMD - 200 gpm; 520 psi
  @ 4057 ftMD - 200 gpm; 680 psi
  @ 5200 ftMD - 200 gpm; 850 psi."
SEBL,SEBL_001,PHR-05,1/23/2026,12/1/2025 4:00,1/23/2026 7:00,DRLG,PRODLNR1,DRILL,UNITMAIN,10,,6 1/8,6825,"PJSM walkthorugh. Replace 1-1/8"" drilling line due to previous drilling line ton miles already reach 811 ton

Note:
- Review SOP and JSA for replace drilling line
- Replace 1-1/8"" drilling line as per preventive maintenance schedule"
SEBL,SEBL_001,PHR-05,1/23/2026,12/1/2025 4:00,1/23/2026 17:00,DRLG,PRODLNR1,DRILL,TIH,5.25,,6 1/8,6825,"Cont'd TIH 6-1/8"" HO Fixed cutter type to 6825 ftMD (TD).

Baseline @5325 ftMD (BHA Hole Opener) :
Pump on:
P/U 89 klbs, RW 75 klbs, S/O 65 klbs.TQ 4.5 klbs
Pump off : 
P/U 96 klbs, S/O 69 klbs.

Baseline @6016 ftMD (BHA Hole Opener) :
Pump on:
P/U 92 klbs, R/W 74 klbs, S/O 62 klbs. TQ 6.6 klbs
Pump off : 
P/U 100 klbs, S/O 65 klbs.

Baseline @6825 ftMD (BHA Hole Opener) :
140 gpm, 820 psi
280 gpm, 1690 psi
Rpm 60/ Torque 6.8 k.ft.lbf

Pump on:
P/U 92 klbs, R/W 70 klbs, S/O 53 klbs.

Pump off : 
P/U 103 klbs, S/O 60 klbs.

Note:
- Got no excessive dragging
- Break Circulation every 500 ft
  @ 5200 ftMD - 140 gpm; 650 psi.
  @ 5775 ftMD - 140 gpm; 685 psi.
  @ 6016 ftMD - 140 gpm; 750 psi.
  @ 6275 ftMD - 150 gpm; 800 psi.
  @ 6772 ftMD - 150 gpm; 850 psi.
- Got tagged 8 klbs at 6792' MD, reciprocate string while wash down & reaming with 260 gpm  to bottom 6825 ftMD, 1600 psi and 40 rpm, OK."
SEBL,SEBL_001,PHR-05,1/23/2026,12/1/2025 4:00,1/23/2026 22:15,DRLG,PRODLNR1,DRILL,CC,1.75,,6 1/8,6825,"CHC, Sweep tandem 2 X 15 bbls Lo-vis + 15 bbls Hi-vis at depth 6825 ftMD with 270-280 gpm, SPP 1600 - 1650 psi, RPM: 50

Note:
- Increased lubricant conc. to 2% ( as game plan- pre lat. MOM) for smooth liner running.

======After Midnight=======

00:00 - 01:30 Cont'd CHC, Sweep tandem 2 X 15 bbls Lo-vis + 15 bbls Hi-vis at depth 6825 ftMD with 270-280 gpm, SPP 1600 - 1650 psi, RPM: 50

Note:
- Increased lubricant conc. to 2% ( as game plan- pre lat. MOM) for smooth liner running.
- Observed small amount of cutting on shaker. until shaleskhaker clean
- Flude calipper average:6.76 inc

01:30 - 05:00 TOH  6-1/8"" Hole Opener to surface.@ Current Dept 5315'MD 

Note:
> No significant drag observed during TOH.
> Fill up hole from trip tank during TOH.
> Observe well static."
SEBL,SEBL_001,PHR-05,1/24/2026,12/1/2025 4:00,1/24/2026,DRLG,PRODLNR1,DRILL,CC,1.5,,6 1/8,6825,"Cont'd CHC, Sweep tandem 2 X 15 bbls Lo-vis + 15 bbls Hi-vis at depth 6825 ftMD with 270-280 gpm, SPP 1600 - 1650 psi, RPM: 50

Note:
- Increased lubricant conc. to 2% ( as game plan- pre lat. MOM) for smooth liner running.
- Observed small amount of cutting on shaker. until shaleskhaker clean
- Flude calipper average:6.76 inc"
SEBL,SEBL_001,PHR-05,1/24/2026,12/1/2025 4:00,1/24/2026 1:30,DRLG,PRODLNR1,DRILL,TOH,12.5,,6 1/8,6825,"TOH  6-1/8"" Hole Opener to surface

Note:
> No significant drag observed during TOH.
> Fill up hole from trip tank during TOH.
> Observe well static.
> L/D 4-3/4"" Hydraulic Jar by Anadrill SLB at 11:30 24 Jan 2025
> L/D 6-1/8"" Hole Opener by Anadrill SLB at 14:00 24 Jan 2025
> L/D 6 jts 3-1/2"" HWDP (2"" rabbit could not pass through)"
SEBL,SEBL_001,PHR-05,1/24/2026,12/1/2025 4:00,1/24/2026 14:00,DRLG,PRODLNR1,DRILL,CMTR/U,2.5,,6 1/8,6825,"Assemble Baker Cementing Head for Liner Hanger job and Cementing job prior to running 4-1/2"" casing
- X/O 3-1/2"" IF box to 4-1/2"" IF pin
- Pup DP 5"" 5 ft
- Baker cementing head
- X/O 4-1/2"" IF box to 3-1/2"" IF pin

Note :
- Give proper torque for each connection"
SEBL,SEBL_001,PHR-05,1/24/2026,12/1/2025 4:00,1/24/2026 16:30,DRLG,PRODLNR1,DRILL,DPP/U,7,,6 1/8,6825,"S/U additional 30  jts 3-1/2"" HWDP WI

Note:
- Stand up 3.5"" HWDP utilize crane unit to transfer all tubulars to V-door.
- Rabbit all HWDP with 2"" drift & hammering all string.
- TIH every 30 jts to bore hole and then flush by rig pump w/ 300 gpm, 390 psi prior to rackback to pipe rack.
- Baker team need minimum 60 jts 3-1//2"" HWDP to accomodate down force while running 4-1/2"" casing into lateral section"
SEBL,SEBL_001,PHR-05,1/24/2026,12/1/2025 4:00,1/24/2026 23:30,DRLG,PRODLNR1,DRILL,CSGR/U,0.5,,6 1/8,6825,"Prepare to run 4-1/2"" Liner with 7"" x 5"" Liner Hanger. Housekeeping on rig floor area.

Note: 
- P/U 4-1/2"" NUE elevator.
- P/U casing tong, and rotary slip.
- C/O Elevator link

======After Midnight=======

00:00 - 01:30 Prepare to run 4-1/2"" Liner with 7"" x 5"" Liner Hanger. Housekeeping on rig floor area.

Note: 
- P/U 4-1/2"" NUE elevator.
- P/U casing tong, and rotary slip.
- C/O Elevator link

01:30 - 03:00 PJSM walk thru, TIH Liner: 4 1/2”, 11.6 PPF L80, TXP BTC 2 jts + 4 1/2"" Landing + Float collar, BTC + 4 1/2”, 11.6 PPF L80, TXP BTC 2 jts)+ 4 1/2"" Reamer Shoe BTC to 155 ftMD to 155 ftMD

Note:
- Check float - OK
- Shoe track length: 81.55  ft (1.96% of displacement volume),  
- Applied Bakerlock to connect Reamer shoe and float collar+Landing collar.
- Installed centek centralizer + stop ring as per tally.

03:00 - 04:30 Found casing power tong not function properly, tong dies could not grip 4-1/2"" casing (slippery)

Note;
- Change out with spare power tong & function test-OK

04:30 - 05:00 Cont'd TIH Liner: 4 1/2”, 11.6 PPF L80, TXP BTC 4 jts + 4 1/2"" Landing + Float collar, BTC + 4 1/2”, 11.6 PPF L80, TXP BTC 2 jts)+ 4 1/2"" Reamer Shoe BTC to 155 ftMD to 233 ftMD

Note:
- Check float - OK
- Shoe track length: 81.55  ft (1.96% of displacement volume),  
- Applied Bakerlock to connect Reamer shoe and float collar+Landing collar.
- Installed centek centralizer + stop ring as per tally."
SEBL,SEBL_001,PHR-05,1/25/2026,12/1/2025 4:00,1/25/2026,DRLG,PRODLNR1,DRILL,CSGR/U,1.5,,6 1/8,6825,"Prepare to run 4-1/2"" Liner with 7"" x 5"" Liner Hanger. Housekeeping on rig floor area.

Note: 
- P/U 4-1/2"" NUE elevator.
- P/U casing tong, and rotary slip.
- C/O Elevator link"
SEBL,SEBL_001,PHR-05,1/25/2026,12/1/2025 4:00,1/25/2026 1:30,DRLG,PRODLNR1,CSGCMT,CSGRUN,1.5,,6 1/8,6825,"PJSM, TIH Liner: 4 1/2”, 11.6 PPF L80, TXP BTC 2 jts + 4 1/2"" Landing Collar + Float collar, BTC + 4 1/2”, 11.6 PPF L80, TXP BTC 2 jts) + 4 1/2"" Reamer Shoe BTC to 155 ftMD

Note :
- Check float valve - OK
- Shoe track length: 81.55  ft (1.96% of displacement volume)
- Applied Bakerlock to connect Reamer shoe and float collar+Landing collar
- Installed centek centralizer + stop ring as per tally 4-1/2"" casing"
SEBL,SEBL_001,PHR-05,1/25/2026,12/1/2025 4:00,1/25/2026 3:00,DRLG,PRODLNR1,CSGCMT,EQRPR,1.5,1.5,6 1/8,6825,"Found casing power tong not function properly, tong dies could not grip 4-1/2"" casing (slippery)

Note;
- Change out with spare power tong & function test-OK"
SEBL,SEBL_001,PHR-05,1/25/2026,12/1/2025 4:00,1/25/2026 4:30,DRLG,PRODLNR1,CSGCMT,CSGRUN,9,,6 1/8,6825,"Continue TIH Liner : (Marker 8) + 4 1/2” 11.6 PPF L80, TXP BTC 2 jts + (Marker 7) + 4 1/2” 11.6 PPF L80, TXP BTC 18 jts + (Marker 6) + 4 1/2” 11.6 PPF L80, TXP BTC 6 jts + (Marker 5) + 4 1/2” 11.6 PPF L80, TXP BTC 5 jts + (Marker 4) + 4 1/2” 11.6 PPF L80, TXP BTC 4 jts +  (Marker 3) + 4 1/2” 11.6 PPF L80, TXP BTC 6 jts + (Marker 2) + 4 1/2” 11.6 PPF L80, TXP BTC 6 jts + (Marker 1) + 4 1/2” 11.6 PPF L80, TXP BTC 4 jts + 4 1/2"" Landing Collar + Float collar, BTC + 4 1/2” 11.6 PPF L80, TXP BTC 2 jts + 4 1/2"" Reamer Shoe BTC to 2079.06 ftMD

Note :
- Break circulation at depth : 
  880' MD, 140 GPM, pressure 90 psi
  2079' MD, 140 GPM, pressure 140 psi  
- Casing marker using 4-1/2"" casing pup 10 ft 11.6 PPF
- Casing marker depth as per asset team request :
  Marker 1 = 246.31' MD
  Marker 2 = 487.57' MD
  Marker 3 =728.61' MD
  Marker 4 = 890.94' MD
  Marker 5 =1092.47' MD
  Marker 6 =1333.62' MD
  Marker 7 = 2005.48' MD
  Marker 8 = 2079.06' MD"
SEBL,SEBL_001,PHR-05,1/25/2026,12/1/2025 4:00,1/25/2026 13:30,DRLG,PRODLNR1,CSGCMT,CSGR/U,2.5,,6 1/8,6825,"PJSM, M/U 5"" x 7"" ZXP liner hanger packer onto 4-1/2"" liner assembly + 1 stand 3.5"" HWDP

Note: 
- Record weight pump on : P/U 41 klbs, S/O 40 klbs, 140 gpm = 140 psi
- Record weight pump off : P/U 43 klbs, S/O 40 klbs
- Traveling Block weight 24 klbs
- Visual check rubber packer element & slip - OK
- Visual check Shear pin solo, shear pin hanger, shear pin packer. OK"
SEBL,SEBL_001,PHR-05,1/25/2026,12/1/2025 4:00,1/25/2026 16:00,DRLG,PRODLNR1,CSGCMT,CSGRUN,8,,6 1/8,6825,"TIH 4-1/2"" liner assy + 5"" x 7"" ZXP liner hanger packer with string 3-1/2"" DP/HWDP to 5287 ftMD

Note:
- 30 jts HWDP from WI
- Rabbit 2"" all string 3-1/2"" DP and 3-1/2"" HWDP prior to connect between stand
- Running speed 2 min/stand slip to slip.
- TIH 30 jts 3-1/2"" HWDP Weatherford at 25 January 2025 16:00
- Fill up string and break circulation (inside casing shoe) :
  3133' MD (140 GPM; 170 psi)
  4127' MD (140 GPM; 460 psi)
  4684' MD (140 GPM; 490 psi)

======After Midnight=======

00:00 - 05:00 Cont'd TIH 4-1/2"" liner assy + 5"" x 7"" ZXP liner hanger packer with string 3-1/2"" DP/HWDP to 5889 ftMD

- Perform / record baseline inside casing shoe at 5290 ftMD
  P/U: 76 klbs; S/O: 65 klbs (w/ pump 140 gpm)
  P/U: 85 klbs; S/O: 64 klbs (w/o pump)
  Torque rotation test :
  Mud pump on 
  5 RPM = 2.5 kft-lbs
  7 RPM =  2.7 kft-lbs
  10 RPM = 3.0 kft-lbs
  Mud pump off
  5 RPM = 3.1 kft-lbs
  7 RPM =  3.4 kft-lbs
  10 RPM = 3.6 kft-lbs

- Fill up string and break circulation (inside open hole) :
  5889' MD (140 GPM; 580 psi)"
SEBL,SEBL_001,PHR-05,1/26/2026,12/1/2025 4:00,1/26/2026,DRLG,PRODLNR1,CSGCMT,CSGRUN,13,,6 1/8,6825,"Cont'd TIH 4-1/2"" liner assembly + 5"" x 7"" ZXP liner hanger packer with string 3-1/2"" DP/HWDP to 6825 ftMD (TD).

Tagged 10 klbs at 6822' MD (3 ft filled up), washdown w/140 gpm pressure 650 psi to 6825' MD
Raise up 4-1/2"" liner assembly by 4 ft to set reamer shoe at 6821' MD

- Perform / record baseline inside casing shoe at 5290 ftMD
  P/U: 76 klbs; S/O: 65 klbs (w/ pump 140 gpm)
  P/U: 85 klbs; S/O: 64 klbs (w/o pump)

- Fill up string and break circulation (inside open hole) :
  5889' MD (140 GPM; 580 psi)

- Dragging spot depth while RIH 4-1/2"" liner assembly :
  5885' MD, washdown 140 GPM 580 psi
  6014' MD, washdown 140 GPM 600 psi
  6139' MD, washdown 140 GPM 600 psi
  6175' MD, washdown 140 GPM 600 psi"
SEBL,SEBL_001,PHR-05,1/26/2026,12/1/2025 4:00,1/26/2026 13:00,DRLG,PRODLNR1,CSGCMT,CMTR/U,6.5,,6 1/8,6825,"Prepare to Set liner hanger - Cementing Job - Set packer while circulate with 140 gpm; 650 psi
- Install cementing head and connect to top drive
- Spot scaffolding 10 ft at rig floor to support job open valve phenolic ball, dart, and operate cementing valve
- Installed cementing lines connect to cementing head
- Perform / record baseline at reamer shoe depth 6821 ftMD
  P/U: 100 klbs; S/O: 70 klbs (w/ pump 140 gpm)
  P/U: 115 klbs; S/O: 70 klbs (w/o pump)
- Torque rotation test :
   Attempt to rotate string w/ max torque 5000 ft-lbs found no movement unable to rotate 4-1/2"" liner assembly"
SEBL,SEBL_001,PHR-05,1/26/2026,12/1/2025 4:00,1/26/2026 19:30,DRLG,PRODLNR1,CSGCMT,CC,1.5,,6 1/8,6825,"Cont circulation to reduce PV/YP from 19/30 to 17/22 with FR 140 gpm, pump press 650 psi"
SEBL,SEBL_001,PHR-05,1/26/2026,12/1/2025 4:00,1/26/2026 21:00,DRLG,PRODLNR1,CSGCMT,LNRSTTST,3,3,6 1/8,6825,"PJSM Walkthrough. Circulate to drop set phenolic ball on Running Tool Ballseat

- Apply 2x clockwise rotation on ball dropping sub at cementing head to release phenolic ball. Confirm by 2x rotation counter-clockwise and wait for 5 mins
- Pump from cementing unit 25 bbls water with 1 bpm, observed pressure build up to 1600 psi Hold 5 min. Ok
- Anchor test, attempt to slack off to 20 Klbs from 70 Klbs and overpull 130 Klbs from 115 Klbs. Liner Hanger not set. Bleed of pressure to 0 psi
- Perform 2nd attempt with new setting depth (5 ft rathole), pressure to 1800 psi, attempt to slack off to 20 Klbs from 70 Klbs and overpull 130 Klbs from 115 Klbs. Liner Hanger not set. Bleed of pressure to 0 psi
- Perform 3rd attempt with same setting depth (5 ft rathole), pressure to 1800 psi, attempt to slack off to 20 Klbs from 70 Klbs and overpull 130 Klbs from 115 Klbs. Jerking string while slack off, Liner Hanger not set. Bleed of pressure to 0 psi
- Perform 4th attempt with same setting depth (5 ft rathole), pressure to 2000 psi,  attempt to slack off to 20 Klbs from 70 Klbs, overpull 130 Klbs from 115 Klbs. Jerking string while slack off, Liner Hanger not set. Bleed of pressure to 0 psi

Note :
- Discuss with Ast Mgr Drilling SLS-3, drilling engineer, Baker representative, and Baker Coordinator, deliver liner hanger contigency procedure"
SEBL,SEBL_001,PHR-05,1/26/2026,12/1/2025 4:00,1/27/2026,DRLG,PRODLNR1,CSGCMT,LNRSTTST,0,,6 1/8,6825,"======After Midnight=======

00:00 - 03:00
- Discuss with the Baker and PHR town for the decision
- Perform 5rd atempt with different setting depth (6 ft rathole), pressure to 1900 psi,  attempt to slack off to 20 Klbs from 70 Klbs and overpull 130 Klbs from 115 Klbs. Jerking string while slack off, Liner Hanger not set. Bleed of pressure to 0 psi
- Perform 6th atempt with different setting depth (7 ft rathole), pressure to 1900 psi, attempt to slack off to 20 Klbs from 70 Klbs and overpull 130 Klbs from 115 Klbs. Jerking string while slack off, Liner Hanger not set. Bleed of pressure to 0 psi

Note: 
- Second discuss with Ast Mgr Drilling SLS-3, drilling engineer, Baker representative, and Baker Coordinator for final decision, confirm set 4-1/2"" liner assembly on TD 6825' MD

03:00 - 04:00
- Set liner hanger on bottom with:
- Tag TD (6825 ftMD) 10 klbs, mark#0
- P/U to neutral weight at 110 klbs
- Pressure up to 2,500 psi - 5 mins to release running tool
- Pressure up to 3,500 psi - 5 mins to blow ball seat
- Pressure up to 4,000 psi, ballseat blow at 3,700 psi
- New P/U weight 94 klbs, S/O weight 84 klbs, confirm running  release
- Tag 5 klbs to bottom for circulate with 140 - 200 gpm 1010 - 1300 psi (Full return)

TOP OF LINER : 4702 ftMD
SHOE : 6825 ftMD

04:00 - 05:00
Circulate with 250 gpm 1335 psi (Full return) while DOWEL mixing chemical

Note:
Mixing cement slurry + additive by Schlumberger cementing crew:
- Mixing 80 bbls MudPush 11 ppg on batch mixer
- Mixing 55.5 bbls tail 15.8 ppg on batch mixer"
SEBL,SEBL_001,PHR-05,1/27/2026,12/1/2025 4:00,1/27/2026,DRLG,PRODLNR1,CSGCMT,LNRSTTST,3,3,6 1/8,6825,"- Discuss with Ast Mgr Drilling SLS-3, drilling engineer, Baker representative, and Baker Coordinator, deliver liner hanger contigency procedure
- Perform 5th atempt with different setting depth (6 ft rathole), pressure to 1900 psi,  attempt to slack off to 20 Klbs from 70 Klbs and overpull 130 Klbs from 115 Klbs. Jerking string while slack off, Liner Hanger not set. Bleed of pressure to 0 psi
- Perform 6th atempt with different setting depth (7 ft rathole), pressure to 1900 psi, attempt to slack off to 20 Klbs from 70 Klbs and overpull 130 Klbs from 115 Klbs. Jerking string while slack off, Liner Hanger not set. Bleed of pressure to 0 psi

Note: 
- Second discuss with Ast Mgr Drilling SLS-3, drilling engineer, Baker representative, and Baker Coordinator for final decision, confirm set 4-1/2"" liner assembly on TD 6825' MD"
SEBL,SEBL_001,PHR-05,1/27/2026,12/1/2025 4:00,1/27/2026 3:00,DRLG,PRODLNR1,CSGCMT,LNRSTTST,2,,6 1/8,6825,"- Set liner hanger on bottom with:
- Tag TD (6825 ftMD) 10 klbs, mark#0
- P/U to neutral weight at 110 klbs
- Pressure up to 2,500 psi - 5 mins to release running tool
- Pressure up to 3,500 psi - 5 mins to blow ball seat
- Pressure up to 4,000 psi, ballseat blow at 3,700 psi
- New P/U weight 94 klbs, S/O weight 84 klbs, confirm running  release
- Tag 5 klbs to bottom for circulate with 140 - 200 gpm 1010 - 1300 psi (Full return)

TOP OF LINER : 4702 ftMD
SHOE : 6825 ftMD"
SEBL,SEBL_001,PHR-05,1/27/2026,12/1/2025 4:00,1/27/2026 5:00,DRLG,PRODLNR1,CSGCMT,MIXFLD,2,,6 1/8,6825,"Mixing cement slurry + additive by Schlumberger cementing crew:
- Mixing 80 bbls MudPush 11 ppg on batch mixer
- Mixing 55.5 bbls tail 15.8 ppg on batch mixer

Note: 
- Circulate 250 GPM, pressure 1350 psi
- Verified cement density by DSR and SLB team on mud balance
- Mud push 11 ppg 80 bbls already mixed by offline activity while RIH 4-1/2"" liner assembly"
SEBL,SEBL_001,PHR-05,1/27/2026,12/1/2025 4:00,1/27/2026 7:00,DRLG,PRODLNR1,CSGCMT,CMTCSG,3,,6 1/8,6825,"Cementing Job 4-1/2"" Production Casing by Dowell
- PJSM, walkthrough
- Pump 40 bbls Lowvis mud (Mud pump rig)
- Pump 80 bbls 11 ppg Mudpush Seal, 4 bpm, 467 - 551 psi
- Pump 55.5 bbls (10% theoritical excess caliper), 15.8 ppg Tail Slurry, 4 bpm, 316 - 948 psi
- Unable to rotate string and 4-1/2"" casing due to surface torque reached maximum limitation at 5800 ft-lbs
- Flush surface line
- Drop dart. Apply 1/2 rotation counter clock wise, observed indicator on flag sub - confirm dropped
- Displace 62.9 bbls fresh water (Theo = 62.3 bbls) 4 bpm, 1140-1511 psi 
- Bump plug pressure to 2050 psi, hold 15 mins (WSEA 6-C]
- Released pressure. Flow back 0.5 bbls on displacement tank
- Cement in place on 09:30 hrs

For Invoicing :
1-Chemical Usage

D907 : 294 sxs
D206 : 8,8 gal
D065 : 221,2  lbs
D620 : 176,5 lbs
D155 : 235,4 lbs
D176 : 829,6 lbs
D110 : 5,9 gal
D167A : 165,9 lbs
Mudpush Seal : 88 bbls

On location :
1 unit bulker
2 unit water tank
2 batch mixer
1 unit cement pumping unit
103 km milleage

Cost $ 105,311.05"
SEBL,SEBL_001,PHR-05,1/27/2026,12/1/2025 4:00,1/27/2026 10:00,DRLG,PRODLNR1,CSGCMT,LNRTST,0.5,,6 1/8,6825,"Set packer by BHI enginer:
- Connect top drive
- P/U string assy 8 ft slowly to pull packer setting dog sub above top of PBR (polished bore receptacle) extension.
- Slack off slowly, apply 10 klbs, confirm dog sub had been released on top of PBR
- Apply rotation 20 RPM, while slowly compressed 50 klbs at top of liner. Hold 5 minutes. Observed ""flick"" sheared indication after compressed w/ 45 klbs on weight indicator. Confirmed packer set at 4721.3 ftMD
- Stop rotation and free the pipe to normal P/U weight
- Pressure up string 1000 psi while continue picking up string assy. Observed pressure drop to 300 psi and got return at flowline
- Confirmed running tool above top of liner

Note :
- Dismantle dowell cementing"
SEBL,SEBL_001,PHR-05,1/27/2026,12/1/2025 4:00,1/27/2026 10:30,DRLG,PRODLNR1,CSGCMT,CC,1.5,,6 1/8,6825,"Circulate on the top of packer to clean out excess cement above top of liner hanger
- Circulate with 300 gpm pressure 2500 psi w/ 321 bbls (3x volume B/U)
- Got return :
  58 bbls 10.6 ppg contaminant mud push spacer
  10 bbls 12.9 ppg contaminant tail slurry"
SEBL,SEBL_001,PHR-05,1/27/2026,12/1/2025 4:00,1/27/2026 12:00,DRLG,PRODLNR1,CSGCMT,CMTR/D,2.5,,6 1/8,6825,"N/D Baker cementing head at rig floor
- Total baker cementing head length 17.83 ft

Baker cementing head assembly :
- X/O 3-1/2"" IF Box to 4-1/2"" IF Pin
- 5"" DP pup 5 ft
- 4-1/2"" FOSV
- X/O 4-1/2"" IF box to HT55 pin
- X/O HT55 box to 6-5/8"" regular pin
- Cementing Head
- X/O 6-5/8"" regular box to HT55 pin
- X/O HT55 box to 4-1/2"" IF pin
- X/O 4-1/2"" IF Box to 3-1/2"" IF pin"
SEBL,SEBL_001,PHR-05,1/27/2026,12/1/2025 4:00,1/27/2026 14:30,DRLG,PRODLNR1,CSGCMT,TOH,2.5,,6 1/8,6825,"TOH 4-1/2"" running tools liner hanger Assy + 3-1/2"" HWDP & 3-1/2"" DP to Surface, current depth at 4401.9' MD

Note :
- Rackback 33 std 3-1/2"" HWDP & 43 std 3-1/2"" DP
- Laydown 5 jts 3-1/2"" pup DP 5 ft"
SEBL,SEBL_001,PHR-05,1/27/2026,12/1/2025 4:00,1/27/2026 17:00,DRLG,PRODLNR1,CSGCMT,LNRTST,1,,6 1/8,6825,"Pressure test packer baker liner hanger w/ 500 psi, hold for 15 mins, recorded on barton chart

- Close annular
- Install 3-1/2"" FOSV (close position)"
SEBL,SEBL_001,PHR-05,1/27/2026,12/1/2025 4:00,1/27/2026 18:00,DRLG,PRODLNR1,CSGCMT,TOH,6,,6 1/8,6825,"Con't TOH 4-1/2"" running tools liner hanger Assy + 3-1/2"" HWDP & 3-1/2"" DP to 1445 ftMD

Notes : 
- 30 jts 3-1/2"" HWDP Weatherford on surface at 27 January 2025 21:00

======After Midnight=======

00:00 - 02:00 Con't TOH 4-1/2"" running tools liner hanger Assy + 3-1/2"" HWDP & 3-1/2"" DP to Surface

Note :
- Rackback 33 std 3-1/2"" HWDP & 43 std 3-1/2"" DP
- Laydown 5 jts 3-1/2"" pup DP 5 ft
- 30 jts 3-1/2"" HWDP Weatherford on surface at 27 January 2025 21:00

02:00 - 03:00 L/D 4-1/2"" running tools liner hanger Assy

Note :
- Break out & L/D Cementing head Assy

Notes to Baker Hughes Liner Hanger (items of contract No.SPK-001/PHR86160/202 5-S0) :
- Finished installation of Rotalable Liner hanger 7"" 20-26 ppf with integral top liner packer - 1 ea,
- ⁠Float Collar Api 10f Compliant Single Valve Non-Cement Filled 4.500 IN 11.60-15.10 LB/FT BUTT BOX UP 4.500 IN 11.60 LB/FT BUTT Pin Down Ball Catcher - 1 ea
- Crossover, 5.000 in 18.00 lb/ft BTC Box Up x 4.500in 11.60 lb/ft BTC Pin Down Material: 80 KSI MYS Length: Min. 5 FT - 1 ea.
- Liner Hanger running Tools and Running Services - 1 ea
- Surface liner cement head service (TD Cementing System),consists of Swivel; plug dropping head; Positive ball dropping sub; flag sub indicator - 1 ea
- Liner Hanger Cost: $59,520.00

03:00 - 05:00 PJSM, M/U and TIH 6-1/8"" TCB on SlickBHA, current depth 945 ftMD

Note:
- Fill up every 1000 ft."
SEBL,SEBL_001,PHR-05,1/28/2026,12/1/2025 4:00,1/28/2026,DRLG,PRODLNR1,CSGCMT,TOH,2,,6 1/8,6825,"Con't TOH 4-1/2"" running tools liner hanger Assy + 3-1/2"" HWDP & 3-1/2"" DP to Surface

Note :
- Rackback 33 std 3-1/2"" HWDP & 43 std 3-1/2"" DP
- Laydown 5 jts 3-1/2"" pup DP 5 ft
- 30 jts 3-1/2"" HWDP Weatherford on surface at 27 January 2025 21:00"
SEBL,SEBL_001,PHR-05,1/28/2026,12/1/2025 4:00,1/28/2026 2:00,DRLG,PRODLNR1,CSGCMT,BHAPU/LD,1,,6 1/8,6825,"L/D 4-1/2"" running tools liner hanger Assy

Note :
- Break out & L/D Cementing head Assy

Notes to Baker Hughes Liner Hanger (items of contract No.SPK-001/PHR86160/202 5-S0) :
- Finished installation of Rotalable Liner hanger 7"" 20-26 ppf with integral top liner packer - 1 ea,
- ⁠Float Collar Api 10f Compliant Single Valve Non-Cement Filled 4.500 IN 11.60-15.10 LB/FT BUTT BOX UP 4.500 IN 11.60 LB/FT BUTT Pin Down Ball Catcher - 1 ea
- Crossover, 5.000 in 18.00 lb/ft BTC Box Up x 4.500in 11.60 lb/ft BTC Pin Down Material: 80 KSI MYS Length: Min. 5 FT - 1 ea.
- Liner Hanger running Tools and Running Services - 1 ea
- Surface liner cement head service (TD Cementing System),consists of Swivel; plug dropping head; Positive ball dropping sub; flag sub indicator - 1 ea
- Liner Hanger Cost: $59,520.00"
SEBL,SEBL_001,PHR-05,1/28/2026,12/1/2025 4:00,1/28/2026 3:00,DRLG,PRODLNR1,CSGCMT,TIH,11,,6 1/8,6825,"PJSM, M/U and TIH 6-1/8"" TCB on SlickBHA. Tagged w/ 5 klbs at 4694.56 ftMD (top of liner hanger)

Note:
- TIH 30 jts 3-1/2"" HWDP Weatherford at 28 January 2025 05:30
- Tag top of liner at 4695' MD
- Fill up every 1000 ft
  1000 ftMD, 140 GPM, 35 psi
  2015 ftMD, 140 GPM, 180 psi
  3050 ftMD, 140 GPM, 280 psi
  4064 ftMD, 140 GPM, 380 psi"
SEBL,SEBL_001,PHR-05,1/28/2026,12/1/2025 4:00,1/28/2026 14:00,DRLG,PRODLNR1,CSGCMT,CC,1,,6 1/8,6825,"CHC at 4694.56 ftMD 3xBU w/ 300 gpm, 1680 psi

Note:
- Suspect no cement above of top liner
- Circulate clean prior TOH 6-1/8"" TCB
- Full return
- No cement cutting on return.
- MW in/out = 8.33 ppg / 8.33 ppg"
SEBL,SEBL_001,PHR-05,1/28/2026,12/1/2025 4:00,1/28/2026 15:00,DRLG,PRODLNR1,CSGCMT,CSGTST,1.5,,6 1/8,6825,"Conduct pressure test against all 7"" casing, 4-1/2"" casing, and packer w/ 2100 psi hold 15 mins, recorded on barton chart"
SEBL,SEBL_001,PHR-05,1/28/2026,12/1/2025 4:00,1/28/2026 16:30,DRLG,PRODLNR1,CSGCMT,TOH,7.5,,6 1/8,6825,"TOH 6-1/8"" TCB from 4694.56 ftMD to surface (rackback all string to derrick)

Note:
- Laydown 6-1/8"" TCB
- 30 jts 3-1/2"" HWDP from WI on surface at 28 January 2026 @ 23:00
- Heavy rain at 22:00 hrs

======After Midnight=======

00:00 - 01:00 PJSM, Prepare and M/U Polished Mill by Baker Oil Tools.

Note: 
- Calculate OD Pollish Mill Assy = 5.18"" & 5.76""


01:00 - 05:00 TIH 5.18"" Polished Mill BHA#12 by Baker Oil Tools, current depth 2826 ftMD.

Note :
- 30 jts 3-1/2"" HWDP from WI in hole at 29 January 2026 @ 01:30
- Fill up string every 1000 ft
  @ 1020 ft with 140 gpm, 55 psi
  @ 2050 ft with 140 gpm, 175 psi"
SEBL,SEBL_001,PHR-05,1/29/2026,12/1/2025 4:00,1/29/2026,DRLG,PRODLNR1,CSGCMT,BHAPU/LD,1,,6 1/8,6825,"PJSM, Prepare and M/U Polished Mill by Baker Oil Tools.

Note: 
- Calculate OD Pollish Mill Assy = 5.18"" & 5.76"""
SEBL,SEBL_001,PHR-05,1/29/2026,12/1/2025 4:00,1/29/2026 1:00,DRLG,PRODLNR1,CSGCMT,TIH,9,,6 1/8,6825,"TIH 5.18"" Polished Mill BHA#12 by Baker Oil Tools.

5.76"" top dress mill tagged w/ 5 klbs at 4694.56' MD (top of liner)
5.18"" Polished mill position at depth 4704.26' MD

Note :
- 30 jts 3-1/2"" HWDP from WI in hole at 29 January 2026 @ 01:30 
- Fill up string every 1000 ft
  1020 ftMD with 140 gpm, 55 psi
  2050 ftMD with 140 gpm, 175 psi
  3050 ftMD with 140 gpm, 275 psi
  4051 ftMD with 140 gpm 360 psi"
SEBL,SEBL_001,PHR-05,1/29/2026,12/1/2025 4:00,1/29/2026 10:00,DRLG,PRODLNR1,CSGCMT,CC,2,,6 1/8,6825,"Polished Milling Job by Baker
- Start pumping w/ 3 bpm
- ⁠At depth 4684' MD, take baseline parameter
- Lowering string slowly and try to get an indication when mill reaches liner top. Top dress mill tag at 4694.76 ftMD. Polished mill at 4704.26 ftMD  
- ⁠Mark the pipe with tagged depth, P/U 3 ft and start rotate 30 rpm while pumping 200 gpm (press 800 psi)
- Slowly slack down to tagged depth and put 5 klbs weight with maksmimum 2800 klbs.ft torque. Hold for 2-3 minutes
- Make several passes (3 times) through PBR sleeve and make sure the Top Dress Mill is not setting on top of sleeve 
- Perform polishing with 3x reciprocation
- After cleaning the PBR, stop rotation
- POOH polish mill"
SEBL,SEBL_001,PHR-05,1/29/2026,12/1/2025 4:00,1/29/2026 12:00,DRLG,PRODLNR1,CSGCMT,TOH,12,,6 1/8,6825,"TOH & L/D all string (88 jts 3-1/2"" DP + 66 jts 3-1/2"" HWDP) and Polished mill  to surface

Note:
- Lay down all 3-1/2"" DP and 3-1/2"" HWDP from wellbore
- 30 jts 3-1/2"" HWDP from WI on surface 29 January 2026 @ 23:30

======After Midnight=======

00:00 - 05:00 Lay down all 3-1/2"" DP remained at derrick  (88 jts 3-1/2"" DP), In progress"
SEBL,SEBL_001,PHR-05,1/30/2026,12/1/2025 4:00,1/30/2026,DRLG,PRODLNR1,CSGCMT,TOH,10,,6 1/8,6825,"Con't TOH & L/D all string (88 jts 3-1/2"" DP + 66 jts 3-1/2"" HWDP) and Polished mill  to surface. Lay down all 3-1/2"" DP remained at derrick  (88 jts 3-1/2"" DP)

Note:
- 30 jts 3-1/2"" HWDP from WI on surface 30 January 2026 @ 00:00"
SEBL,SEBL_001,PHR-05,1/30/2026,12/1/2025 4:00,1/30/2026 10:00,DRLG,PRODLNR1,CSGCMT,TBGR/U,1,,6 1/8,6825,"M/U tubing hanger landing joint assembly prior to RIH 4-1/2"" casing
- X/O 3-1/2"" IF Box to 4-1/2"" IF Pin
- X/O 4-1/2"" IF Box to 4-1/2"" NUE Pin
- 1 jt 4-1/2"" NUE tubing"
SEBL,SEBL_001,PHR-05,1/30/2026,12/1/2025 4:00,1/30/2026 11:00,DRLG,PRODLNR1,CSGCMT,TIH,13,,6 1/8,6825,"PJSM, M/U & TIH 5.25"" Tie Back Seal Assembly + 4-1/2"" 11.6 ppf Casing Joint, L80 TXP BTC 147 jts to 2914 ftMD

Note:
- Rabbit and clean thread all 4.5"" casing joint
- Rabbit size = 3.8 inch
- Perform visual inspection on tubing thread connection
- C/O elevator prior to TIH 4 1/2"" casing.


======After Midnight=======

00:00 - 05:00 Continue TIH 5.25"" Seal Assembly + 4-1/2"" 11.6 ppf Casing Joint, L80 TXP BTC 147 jts to 4117 ftMD

Note:
- Rabbit and clean thread all 4.5"" casing joint
- Rabbit size = 3.8 inch
- Perform visual inspection on tubing thread connection"
SEBL,SEBL_001,PHR-05,1/31/2026,12/1/2025 4:00,1/31/2026,DRLG,PRODLNR1,CSGCMT,TIH,8,,6 1/8,6825,"Continue TIH 5.25"" Tie Back Seal Assembly + 4-1/2"" 11.6 ppf Casing Joint, L80 TXP BTC 147 jts to 4653 ftMD

Note:
- Rabbit and clean thread all 4.5"" casing joint
- Rabbit size = 3.8 inch
- Perform visual inspection on tubing thread connection"
SEBL,SEBL_001,PHR-05,1/31/2026,12/1/2025 4:00,1/31/2026 8:00,DRLG,PRODLNR1,CSGCMT,TIH,2,,6 1/8,6825,"Sting in 5.18"" Seal Assembly Stinger + 4-1/2"" 11.6 ppf Casing Joint, L80 TXP BTC 147 jts + 2 jts 3-1/2"" DP as landing joint. Slowly running speed as per BHI engineer's recommendation with 50 GPM

- Marking depth on landing joint every 1 ft as per BHI Engineer
- While sting in got pressure increase from 50 psi to 600 psi, stop pump and check pressure hold
- Set no go locator above liner hanger with slack off weight 10 klbs and put back to neutral weight
- Top of liner depth at 4698.96' MD
- Bottom of tie back seal assembly at 4707.67 ftMD
- Pressure test string w/ 1000 psi hold 15 mins (recorded on barton chart), as per Baker recommended due to we need to sting out and sting in seal assembly again to land tubing hanger
- Open HCR while pressure test (to verified communication from string to annulus), got no pressure increase at annulus
- Bleed off pressure and L/D 2 jts 3-1/2"" DP"
SEBL,SEBL_001,PHR-05,1/31/2026,12/1/2025 4:00,1/31/2026 10:00,DRLG,PRODLNR1,CSGCMT,TBGLNDHGR,5,,6 1/8,6825,"Installed 4 jts pup 4-1/2"" casing (10.12 ft + 8.13 ft + 8.11 ft + 7.11 ft) + X/O 4-1/2"" NUE Pin to 4-1/2"" BTC Pin + 7-1/16"" tubing hanger.

Note:
- Above tubing hanger, installed 1 jt 4-1/2"" NUE tubing + X/O to top drive.
- Connect top drive, landing tubing hanger to tubing spool, and sting in 5.18"" Seal Assembly Stinger.
- Lock stud bolt at tubing hanger.
- Bottom of tie back seal assembly = 4708.65 ftMD
- Tie back seal assembly no go locator depth = 4697.98' MD (0.98 ft space out no go locator)
- Top of liner depth = 4698.96' MD

Notes to Baker Hughes Liner Hanger (items of SPK 007/PHR86160/2025-S0) :
- Crossover 4.5"" BTC to 5"" VAMTOP L80 - 1 ea, 
- ⁠Seal Assembly Liner Tieback Mg Top, Locating 5.000 IN 18.00 LB/FT VAM TOP BOX UP 10.00 FT EXT LG 5.250 IN SEAL OD . 188 - 1 ea,
- Tie back seal assy Cost: $13,863.00"
SEBL,SEBL_001,PHR-05,1/31/2026,12/1/2025 4:00,1/31/2026 15:00,DRLG,PRODLNR1,CSGCMT,TBGTST,5,,6 1/8,6825,"Pressure test string w/ 2000 psi hold 15 mins, recorded on barton chart

- Close annular, open annulus valve at wellhead tubing spool (to verified communication from string to annulus)
- Got no pressure increase at annulus while pressure test
- Bleed off pressure
- L/D 1 jt 4-1/2"" NUE tubing + X/O"
SEBL,SEBL_001,PHR-05,1/31/2026,12/1/2025 4:00,1/31/2026 20:00,DRLG,PRODLNR1,CSGCMT,TBGL/D,1,,6 1/8,6825,Pull out & L/D tubing hanger landing joint assembly
SEBL,SEBL_001,PHR-05,1/31/2026,12/1/2025 4:00,1/31/2026 21:00,DRLG,PRODLNR1,CSGCMT,BOPN/D,2,,6 1/8,6825,"Unbolted BOP and L/D Flow line

Note :
- Unbolten by rig crew"
SEBL,SEBL_001,PHR-05,1/31/2026,12/1/2025 4:00,1/31/2026 23:00,DRLG,PRODLNR1,CSGCMT,BOPN/D,1,,6 1/8,6825,"PJSM. N/D 13-5/8""-5M BOP w/ Hung Annular + Double Ram BOP+ Drilling Spool 13-5/8""-5M + DSAF 7-1/16"" 5M x 13-5/8 5M, In progress

======After Midnight=======

00:00 - 03:00 Continue N/D 13-5/8""-5M BOP w/ Hung Annular + Double Ram BOP+ Drilling Spool 13-5/8""-5M + DSAF 7-1/16"" 5M x 13-5/8 5M

1. Pitcher Nipple
2. Annular + Double Ram BOP
3. Drilling Spool 13-5/8""-5M
4. DSAF 7-1/16"" 5M x 13-5/8 5M

Note:
- Hung Annular + Double Ram BOP+ Drilling Spool 13-5/8""-5M + DSAF 7-1/16"" 5M x 13-5/8 5M
- Put to stack Drilling Spool 13-5/8""-5M + DSAF 7-1/16"" 5M x 13-5/8 5M to BOP Troley
- N/D BOP assisted by block and crane

03:00 - 05:00 Installed Tubing Head Adaptor to tubing spool wellhead
Installed Y-tree Fracturing Wellhead and gate valve, In progress

Note :
- Discussed with WSR Rigless for Y-tree position"
SEBL,SEBL_001,PHR-05,2/1/2026,12/1/2025 4:00,2/1/2026,DRLG,PRODLNR1,CSGCMT,BOPN/D,5,,6 1/8,6825,"Continue N/D 13-5/8""-5M BOP w/ Hung Annular + Double Ram BOP+ Drilling Spool 13-5/8""-5M + DSAF 7-1/16"" 5M x 13-5/8 5M

1. Pitcher Nipple
2. Annular + Double Ram BOP
3. Drilling Spool 13-5/8""-5M
4. DSAF 7-1/16"" 5M x 13-5/8 5M

Note:
- Hung Annular + Double Ram BOP+ Drilling Spool 13-5/8""-5M + DSAF 7-1/16"" 5M x 13-5/8 5M
- Put to stack Drilling Spool 13-5/8""-5M + DSAF 7-1/16"" 5M x 13-5/8 5M to BOP Troley
- N/D BOP assisted by block and crane"
SEBL,SEBL_001,PHR-05,2/1/2026,12/1/2025 4:00,2/1/2026 5:00,DRLG,PRODLNR1,CSGCMT,WHDINST,2,,6 1/8,6825,"Installed Tubing Head Adaptor to tubing spool wellhead
Installed Y-tree Fracturing Wellhead and gate valve

Note :
- Discussed with WSR Rigless for Y-tree position"
SEBL,SEBL_001,PHR-05,2/1/2026,12/1/2025 4:00,2/1/2026 7:00,DRLG,PRODLNR1,CSGCMT,WHDTST,2,,6 1/8,6825,"Pressure test fracturing wellhead tree by OMS team
- Pressure test connection Tubing Spool to Tubing Head Adapter and tubing hanger seal with 5000 psi hold 15 mins
- Pressure test uppper double seal tubing hanger 5000 psi hold 15 mins
- Pressure test double FS Seal Tubing Spool with 5000 psi hold 15 mins

Note :
- Use enerpac handpump rating 10K
- All pressure test recorded on barton chart
- Withness by WSR PHR"
SEBL,SEBL_001,PHR-05,2/1/2026,12/1/2025 4:00,2/1/2026 9:00,DRLG,PRODLNR1,CSGCMT,CMTR/U,2,,6 1/8,6825,"R/U SLB Fracturing pumping line
- Spot SLB Pump Truck unit and Water Tank
- Line up SLB 2"" treating iron (rating 15k) and its safety restraint
- Install SLB 2"" nipple NPT 5M X 2"" Weco 1502 at tubing spool annulus valve
- Install SLB 4-1/16"" 5K X 3"" Weco 1502  X 2"" Weco 1502 flange connection complete with ring gasket RX39 above fracturing wellhead tree (string line)
- Install transducer pressure gage at string & annulus pumping line
- Install complete safety restraint from wellhead to pumping line"
SEBL,SEBL_001,PHR-05,2/1/2026,12/1/2025 4:00,2/1/2026 11:00,DRLG,PRODLNR1,CSGCMT,TREETST,7,,6 1/8,6825,"PJSM with SLB crew, Rig Crew, DSR, HFO, and HES Reps.
Performed Pressure test Y-tree and gate valve,Pressure test  string and annulus, pressure testing in stages in accordance,
- Pressure test pumping line and gate valve #1 at fracturing wellhead tree w/ 5000 psi hold 15 mins
- Pressure test gate valve#2 & gate valve #3 at fracturing wellhead tree w/ 5000 psi hold 15 mins

Pressure test string
- Applied pressure 1500 psi to annulus
- Pressure test string w/ 5000 psi hold 15 mins (drop 2.5%)
- Got pressure annulus increased to 2151 psi (increased by 651 psi) due to expansion effect
- Bleed off pressure
- After bleed off pressure from string to 0 psi, pressure at annulus back to initial condition 1480 psi

Pressure test annulus
- Applied pressure 1500 psi to string
- Pressure test annulus w/ 5000 psi hold 15 mins (drop 4.1%)
- Got pressure string increased to 2275 psi (increased by 775 psi) due to expansion effect
- Bleed off pressure
- After bleed pressure from annulus to 0 psi, pressure at string back to initial condition 1550 psi

Note :
- All pressure test and pumping job executed by SLB Fract unit
- Witness by rigless PHR Well Site Representative
- Results acceptable by Completion Engineer"
SEBL,SEBL_001,PHR-05,2/1/2026,12/1/2025 4:00,2/1/2026 18:00,DRLG,PRODLNR1,CSGCMT,CMTR/D,1,,6 1/8,6825,"SLB SERVICE:

-Miscellaneous Pumping Package Job Charge = 1 JOB

-Miscellaneous Pumping Package Mileage Charge = 112 KM

TOTAL SLB COST = $ 2.957.80

Bleed off pressure,R/D SLB pumping line, close tubing spool gate valve, Close casing head gate valve, close Y-tree gate valve. 

Notes: 
- 18:00 - 19:00 Greasing valve 4 1/16"" X-mastree & Replace BGV by OMS

Drilling Operation Job Complete and Rig Release on February 1st, 2026 at 19:00 hrs.

========= DRILLING JOB SUMMARY =========

Cost Plan: $ 1,614,788
Cost Actual: $ 3,171,149

CT Plan: 1017 hrs (42.40 days)
CT Actual: 1806 hrs (75.25 days)

• Moving Time: 305 hrs (12.7 days)
• Drilling Time: 1,501 hrs ( 62.54 days) 

• NPT: 805.75  hrs ( 33.5 days) 

Summry NPT   :
3.5 Hrs,	SWA Due to heavy rain unsafe condition to contnue moving.
15 Hrs,	SWA MOMI due to muddy & slippery access road
2 Hrs,	Repaired 4"" Gate Valve Kit on MP#1 & 2
29 Hrs,	Repaired Mud Pump #02. Found leakage on 4"" Gate valve discharge line MP#02.
23 Hrs,	Suspend operations to enforce the prohibition of cellphone use and social media livestreaming at the rig site
11 Hrs,	Found pressure drop to 1600 pi, got 1/4"" hose from super choke to IDS transducer leak
19 Hrs,	Repaired Mud Pump #2 discharge line.
1 Hrs        Found TDS link hydraulic piston leaking. C/O with backup hydraulic piston.
3.5 Hrs,	Found SPP drop to 1560 psi after connection.
13.25 Hrs,  Found TDS Saver-sub shoulder was scratch causing leaking on connection.
8  Hrs,      Found pressure decline from 1880 psi to 1600 psi. Troubleshoot MP #1, MP#2, & MP#3.
30 Hrs,  C/O fluid-end modul MP#3 due to wash-out causing SPP dropped 250 psi.
4 Hrs,  Repair Mud Pump #1 & Mud Pump #3. Change out 5.5"" Liner Gasket Mud Pump #1. Change out Header Seal Manifold Mud Pump #3.
3 Hrs, Repair MP #3 engine governor
12  Hrs, Casing stuck at 4207' MD
161.5  Hrs,  Casing stuck at 3990' MD

*IC JOB WILL BE CONTINUED BY WORKOVER RIG*"
SEBL,SEBL_002,PHR-026,8/15/2026 12:00,9/6/2026,8/15/2026 12:00,LOCN,MOB,MOVEON,R/D,6,,,0,"R/D Rig & equipment w/progress 5% at AMPH 00036

Activities:
- Dismantle kelly hose
- Dismantle cable power robotic and hose at robotic
- Rig down robotic
- R/D  Pipe handler, Hydraulic system + Saddle + HPU
- Dismantle V-Door and cat walk
- Housekeeping / Reposition Rig Equipment

Moved to Yard  :
Load list :
1. Mud Pump 3 (13 August)
2. Mud Pump 2 (13 August)
3. Engine Mud Pump-2 (14 August)
4. Engine Mud Pump-3 (14 August)
5. Mud Tank-3 (15 August)
6. Mud Pump -1 + Engine (15 August)
7. HPU TDS + T-BAR (15 August)
8. Robotic + Real TDS 15 August)

Note : > Moving distance +/- 130 KM  

"
SEBL,SEBL_002,PHR-026,8/15/2026 12:00,9/6/2026,8/15/2026 18:00,LOCN,MOB,MOVEON,R/D,6,,,0,"R/D Rig & equipment w/progress 25% at AMPH 00036

Activities:
- Dismantled robotic saddle hose.
- Dismantled robotic rail.
- Disconnected bypass lines at Mud Tank-1 and Mud Tank-2.
- Dismantled sliding cutting system.
- Housekeeping / Reposition Rig Equipment

Note : > Moving distance +/- 130 KM  

===== AFTER MIDNIGHT ======

00:00 - 05:00  R/D Rig & equipment w/progress 35% at AMPH 00036
Activities:
* Dismantle possummbely 
* Dismantle shale shaker
* Dismantle handril at mud tank-2
* Reposisi fuel tank
* Reposisi mud tank 2
* Rolling super choke
* Dismantle handril at mud tank-1
* Reposisi mud tank-1
* Loaded HPU unit onto trailer for transfer to the PHR Yard.
* Loaded robotic unit and TDS rail onto cargo unit for transfer to the PHR Yard.
* Dismantle Mud pump-1
*Housekeeping / Reposition Rig Equipment"
SEBL,SEBL_002,PHR-026,8/16/2026,9/6/2026,8/16/2026,LOCN,MOB,MOVEON,R/D,6,,,0,"R/D Rig & equipment w/progress 35% at AMPH 00036
Activities:
* Dismantle possummbely 
* Dismantle shale shaker
* Dismantle handril at mud tank-2
* Reposisi fuel tank
* Reposisi mud tank 2
* Rolling super choke
* Dismantle handril at mud tank-1
* Reposisi mud tank-1
* Loaded HPU unit onto trailer for transfer to the PHR Yard.
* Loaded robotic unit and TDS rail onto cargo unit for transfer to the PHR Yard.
* Dismantle Mud pump-1 and Mud pump-2.
*Housekeeping / Reposition Rig Equipment


Note : > Moving distance +/- 130 KM   "
SEBL,SEBL_002,PHR-026,8/16/2026,9/6/2026,8/16/2026 6:00,LOCN,MOB,MOVEON,R/D,6,,,0,"R/D Rig & equipment w/progress 75% at AMPH 00036

Activities:
* Dismantle dog house
* Dismantle driller console canopy
* Dismantle stairway dog house to water tank
* Dismantle stairway water tank to ground
* Dismantle stairway substructure to mud tank 1
* Release hydraulic jack rig carrier
* Install durabase at sliding ram
* Prepare release rig carrier for skid move
* Reposition Main Genset 
* Reposition HPU
- Reposition Fuel Tank
- Reposition Accumulator
* Reposition Compressor

Brake Point
- De-Brief and Re-Verify Safeguard before next job sequence (SOP, JSA, PTI, SYLA/SWC, Lift Plan, conducted PJSM walkthrough for repositionRig Down equipment, with SOP, JSA, PTI, Lift Plan, PJSM walkthrough
- Conducted PJSM Anti lupa - Walkthrough​ prior Job to ensure all crew involved understood the procedure and safety aspect.

Note : > Moving distance +/- 130 KM   "
SEBL,SEBL_002,PHR-026,8/16/2026,9/6/2026,8/16/2026 12:00,LOCN,MOB,MOVEON,R/D,6,,,0,"R/D Rig & equipment w/progress 100% at AMPH #36
Move Equipment f/ AMPH 00036  to SEBL 00055 w/ progress 5 % (5 of 82 loads)

Moved to Yard  :
Load list :
9. Real TDS + Flowline Tangki

Moving in SEBL00055:
Load List
1. Counter Weight Crane HE-031 (Tandem)
2. Crane Zoomlion HE-031 Lowbed)
3. Genset Light Tower + Blade HE-01 (Cargo)
4. Meeting Room (Trailler)
5. Dozer HE-01 + Loading Ram (Lowbed)

Activities:
- Reposition durabase
- Dismantle and setting matting board 
- Dismantle Loading Ram + T-Bar
- Dismantle Rig Carrier From Loading Ram
- Reposition Durabase
- R/D CCTV at RF area
- Dismantle air hose & Hydraulic line of driller console 
- R/D Driller console from RF to bottom mast 
- R/D Driller Canopy
- Prepare to R/D lower Mast and upper mast
- Reposition Mini Fuel Tank
- Unloading Crane

Note : > Moving distance +/- 130 KM   "
SEBL,SEBL_002,PHR-026,8/16/2026,9/6/2026,8/16/2026 18:00,LOCN,MOB,MOVEON,UNITMOV,6,,,0,"Move out from AMPH#36  (130 km) s  (5 of 82 loads),
Move in SEBL #0055 w/progres  6% (5 of 82 load)

Moving in SEBL00055:
Load List
1. Counter Weight Crane HE-031 (Tandem)
2. Crane Zoomlion HE-031 Lowbed)
3. Genset Light Tower + Blade HE-01 (Cargo)
4. Meeting Room (Trailler)
5. Dozer HE-01 + Loading Ram (Lowbed)

Activity :
- Dismantle walk way of mud tank#1 .
- R/Df substructure
- Reposition of lighting tower
- Dismantle handrail of monkey board
- Reposition of  mud tank 1
- Disconnect hose trip tank
- R/D Mgs
- Reposition of  fuel tank
- Rolling super choke

Notes:
> Unloading equipment at yard for maintenance
> Moving only on daylight
> Available transport fleet,
  ACS: 2 unit Lowbed, 2 unit Tandem, 1 unit Trailer, 3 unit Crane, 2 unit Dozer,

<><><><>AFTER MIDNIGHT<><><><>

00:00 - 05:00 Repositioning and Loading equipment onto transport, 

Move in SEBL #0055 w/progres  6% (5 of 82 load)

Load list Moved to Yard  :
10. Mud tank#1 (lowbed)
11. Mud Pump#2 (lowbed)
12. Gudang TDS + Walk Way Mud Tank (lowbed)
=================================
Load list Move in SEBL#0055 :
6. Accumulator (Trailer) 
7. Dog house ( Tandem)
8. Shale Shaker (Cargo)

Activity :
- Dismantle chain ches
- Reposition of substructure
- Reposition of mud tank 2
- Dismantle posummbely 
- Dismantle shale shaker
- Dismantle handrail of mud tank 2
- Dismantle substructure score and its handraik
- Dismantle watert tank handrail

Notes:
> Unloading equipment at yard for maintenance
> Moving only on daylight
> Available transport fleet,
  ACS: 2 unit Lowbed, 2 unit Tandem, 1 unit Trailer, 3 unit Crane, 2 unit Dozer,



"
SEBL,SEBL_002,PHR-026,8/17/2026,9/6/2026,8/17/2026,LOCN,MOB,MOVEON,OPSUS,5,5,,0,"Waiting On Daylight (Night Trip Policy)
Repositioning and Loading equipment onto transport, 

Notes: Move out from AMPH#36  (130 km) s  (12 of 82 loads); Move in SEBL #0055 w/progres  6% (5 of 82 load)

Load list Moved to Yard  :
10. Mud tank#1 (lowbed)
11. Mud Pump#2 (lowbed)
12. Gudang TDS + Walk Way Mud Tank (lowbed)
=================================
Load list Move in SEBL#0055 :
6. Accumulator (Trailer) 
7. Dog house ( Tandem)
8. Shale Shaker (Cargo)

Activity :
- Dismantle chain ches
- Reposition of substructure
- Reposition of mud tank 2
- Dismantle posummbely 
- Dismantle shale shaker
- Dismantle handrail of mud tank 2
- Dismantle substructure score and its handraik
- Dismantle watert tank handrail

Notes:
> Unloading equipment at yard for maintenance
> Moving only on daylight
> Available transport fleet,
  ACS: 2 unit Lowbed, 2 unit Tandem, 1 unit Trailer, 3 unit Crane, 2 unit Dozer,



"
SEBL,SEBL_002,PHR-026,8/17/2026,9/6/2026,8/17/2026 5:00,LOCN,MOB,MOVEON,UNITMOV,7,,,0,"Move out from AMPH#36 to yard (12 loads)
Move to SEBL #0055 w/progres  10% (8 of 82 loads)

Load list Moved to Yard  :
10. Mud tank#1 (lowbed)
11. Mud Pump#2 (lowbed)
12. Gudang TDS + Walk Way Mud Tank (lowbed)
=================================
Load list Move in SEBL#0055 :
6. Accumulator (Trailer) 
7. Dog house ( Tandem)
8. Shale Shaker (Cargo)

Activity :
- PJSM walktrue dismantle rig mast
- Prepare dismantle rig mast
- Dismantle rig mast
- Dismantle drilling line from drawwork to spool drilling line

Notes:
> Unloading equipment at yard for maintenance
> Moving distance +/- 130 KM  
> Available transport fleet,
  ACS: 2 unit Lowbed, 2 unit Tandem, 1 unit Trailer, 3 unit Crane, 2 unit Dozer,"
SEBL,SEBL_002,PHR-026,8/17/2026,9/6/2026,8/17/2026 12:00,LOCN,MOB,MOVEON,UNITMOV,6,,,0,"Move out from AMPH#36 to yard (12 loads)
Move in SEBL #0055 w/progress  10% (8 of 82 loads)

Load list Moved to Yard  :
10. Mud tank#1 (lowbed)
11. Mud Pump#2 (lowbed)
12. Gudang TDS + Walk Way Mud Tank (lowbed)
=================================
Load list Move in SEBL#0055 :
6. Accumulator (Trailer) 
7. Dog house ( Tandem)
8. Shale Shaker (Cargo)

Activity:
- Dismantle loading ram + sliding ram + T-bar
- Reposition switch case
- Reposition line mud gas separator + line choke manifold
- Reposition choke manifold
- Reposition trip tank + support long flow line + discharge line
- Dismantle substructure matt
- Reposition matting board

Notes:
- Moving distance +/- 130 KM  
- Available transport fleet,
  ACS: 2 unit Lowbed, 2 unit Tandem, 1 unit Trailer, 3 unit Crane, 2 unit Dozer"
SEBL,SEBL_002,PHR-026,8/17/2026,9/6/2026,8/17/2026 18:00,LOCN,MOB,MOVEON,UNITMOV,6,,,0,"Move out from AMPH#36 to yard (12 loads)
Move in SEBL #0055 w/progress  10% (8 of 82 loads)

Load list Moved to Yard  :
10. Mud tank#1 (lowbed)
11. Mud Pump#2 (lowbed)
12. Gudang TDS + Walk Way Mud Tank (lowbed)
=================================
Load list Move in SEBL#0055 :
6. Accumulator (Trailer) 
7. Dog house ( Tandem)
8. Shale Shaker (Cargo)

Activity:
- Remove handling tool,from ground to tool box
- Reposition water tank 
- Lifting and lashing equipment onto transport vehicle
- Loading Matting Board
- Loading Gaso Pump

Notes:
- Moving distance +/- 130 KM  
- Available transport fleet,
  ACS: 2 unit Lowbed, 2 unit Tandem, 1 unit Trailer, 3 unit Crane, 2 unit Dozer

<><><><>AFTER MIDNIGHT<><><><>
00:00 - 05:00 
Waiting On Daylight (Night Trip Policy)
Repositioning and Loading equipment onto transport, 

Move out from AMPH#36  PHR Yard   (12  loads)
Move in SEBL #0055 w/progress  10% (8 of 82 load)

Move to Yard  :
Load list :
13. Rig Carrier
14. Desilter + Degaser + Desander + Stairs Mud Tank
==============================
Move to SEBL#0055 :
9. Gaso Pump (Tandem)
10. Matting Board (Trailler)
11. Test Pump + Portable Toilet (Cargo)
12. Loading Ram (Lowbed)

Activity :
- Lifting and lashing equipment onto transport vehicle
- Repositioning equipment for transport loading process
- Cont'd remove handling tool from ground to tool box
- Clean and wash handling tool

Notes:
> Unloading equipment at yard for maintenance
> Moving only on daylight
> Available transport fleet,
  ACS: 2 unit Lowbed, 2 unit Tandem, 1 unit Trailer, 3 unit Crane, 2 unit Dozer,
"
SEBL,SEBL_002,PHR-026,8/18/2026,9/6/2026,8/18/2026,LOCN,MOB,MOVEON,OPSUS,5,5,,0,"Waiting On Daylight (Night Trip Policy)
Repositioning and Loading equipment onto transport,  

Move out from AMPH#36  PHR Yard   (12  loads)
Move in SEBL #0055 w/progress  10% (8 of 82 load)

Move to Yard  :
Load list :
13. Rig Carrier
14. Desilter + Degaser + Desander + Stairs Mud Tank
==============================
Move to SEBL#0055 :
9. Gaso Pump (Tandem)
10. Matting Board (Trailler)
11. Test Pump + Portable Toilet (Cargo)
12. Loading Ram (Lowbed)

Activity :
- Lifting and lashing equipment onto transport vehicle
- Repositioning equipment for transport loading process
- Cont'd remove handling tool from ground to tool box
- Clean and wash handling tool

Notes:
> Unloading equipment at yard for maintenance
> Moving only on daylight
> Available transport fleet,
  ACS: 2 unit Lowbed, 2 unit Tandem, 1 unit Trailer, 3 unit Crane, 2 unit Dozer,"
SEBL,SEBL_002,PHR-026,8/18/2026,9/6/2026,8/18/2026 5:00,LOCN,MOB,MOVEON,UNITMOV,7,,,0,"Move out from AMPH#36 to yard (total 14 loads)
Move to SEBL #0055 w/progress  13% (12 of 82 load)

Move to Yard  :
Load list :
13. Rig Carrier
14. Desilter + Degaser + Desander + Stairs Mud Tank
==============================
Move to SEBL#0055 :
9. Gaso Pump (Tandem)
10. Matting Board (Trailler)
11. Test Pump + Portable Toilet (Cargo)
12. Loading Ram (Lowbed)

Activity :
- Housekeeping Substructure
- Loading Rig Carrier
- Cleaning on Water Tank

Notes: 
>Unloading equipment at yard for maintenance
>Available transport fleet,
  ACS: 2 unit Lowbed, 2 unit Tandem, 1 unit Trailer, 3 unit Crane, 2 unit Dozer,
Note : > Moving distance +/- 130 KM "
SEBL,SEBL_002,PHR-026,8/18/2026,9/6/2026,8/18/2026 12:00,LOCN,MOB,MOVEON,UNITMOV,6,,,0,"Move out from AMPH#36 to yard (total 14 loads)
Move to SEBL #0055 w/progress  13% (12 of 82 load)

Move to Yard  :
Load list :
13. Rig Carrier
14. Desilter + Degaser + Desander + Stairs Mud Tank
==============================
Move to SEBL#0055 :
9. Gaso Pump (Tandem)
10. Matting Board (Trailler)
11. Test Pump + Portable Toilet (Cargo)
12. Loading Ram (Lowbed)

Activity :
- Housekeeping substructure and water tank

- prepare equipment for load

- waiting unit for moving

Notes: 
>Unloading equipment at yard for maintenance
>Available transport fleet,
  ACS: 2 unit Lowbed, 2 unit Tandem, 1 unit Trailer, 3 unit Crane, 2 unit Dozer,
Note : > Moving distance +/- 130 KM "
SEBL,SEBL_002,PHR-026,8/18/2026,9/6/2026,8/18/2026 18:00,LOCN,MOB,MOVEON,UNITMOV,6,,,0,"Move to SEBL #0055 w/progress  13% (12 of 82 load)

Move to SEBL#0055 :
Load list :
13. BOP (Tandem) Std by at AMPH36
14. Substructure (Lowbed) Std by at AMPH36

Activity:
- Repositioning equipment for transport loading proces
- Lifting equipment onto transport vehicle 
- lashing equipment
- Refueling Heavy equipment and Transport Vehicle   
Notes:
- Moving distance +/- 130 KM  
- Available transport fleet,
  ACS: 2 unit Lowbed, 2 unit Tandem, 1 unit Trailer, 3 unit Crane, 2 unit Dozer

<><><><>AFTER MIDNIGHT<><><><>
00:00 - 05:00 
Waiting On Daylight (Night Trip Policy)
Repositioning and Loading equipment onto transport, 

Move in SEBL #0055 w/progres 16% (14 of 82 load)

Move to SEBL#0055 :
Loading equipmentt to transport
15. Matting board, BOP Hose (Trailer) Std by at AMPH36
16.Main Genset (Lowbed) Std by at AMPH36

Activity :
- Repositioning equipment for transport loading proces
- Lifting equipment onto transport vehicle 
- lashing equipment 

Notes:
> Unloading equipment at yard for maintenance
> Moving only on daylight
> Available transport fleet,
  ACS: 2 unit Lowbed, 2 unit Tandem, 1 unit Trailer, 3 unit Crane, 2 unit Dozer,
"
SEBL,SEBL_002,PHR-026,8/19/2026,9/6/2026,8/19/2026,LOCN,MOB,MOVEON,OPSUS,5,5,,0,"Waiting On Daylight (Night Trip Policy)
Repositioning and Loading equipment onto transport, 

Move in SEBL #0055 w/progres 13% (12 of 82 load)

Move to SEBL#0055 :
Loading equipmentt to transport
15. Matting board, BOP Hose (Trailer)
16. Mini Main Genset + Compressor + Blower (Cargo)
17. Main Genset (Lowbed)

Activity :
- Repositioning equipment for transport loading proces
- Lifting equipment onto transport vehicle 
- lashing equipment 

Notes:
> Unloading equipment at yard for maintenance
> Moving only on daylight
> Available transport fleet,
  ACS: 2 unit Lowbed, 2 unit Tandem, 1 unit Trailer, 3 unit Crane, 2 unit Dozer,

"
SEBL,SEBL_002,PHR-026,8/19/2026,9/6/2026,8/19/2026 5:00,LOCN,MOB,MOVEON,UNITMOV,7,,,0,"Move to SEBL #0055 w/progress 19% (17 of 82 load)

Move to SEBL#0055 :
13. BOP (Tandem)
14. Substructure (Lowbed)
15. Matting board, BOP Hose (Trailer)
16. Mini Main Genset + Compressor + Blower (Cargo)
17. Main Genset (Lowbed)

Activities :
- Reposition Catwalk
- Reposition Pipe Rack 
- Reposition Stair Substructure
- Reposition V-Door
  
Note:
>Available transport fleet,
  ACS: 2 unit Lowbed, 2 unit Tandem, 1 unit Trailer, 3 unit Crane, 2 unit Dozer
>Moving distance +/- 130 KM  
"
SEBL,SEBL_002,PHR-026,8/19/2026,9/6/2026,8/19/2026 12:00,LOCN,MOB,MOVEON,UNITMOV,6,,,0,"Move to SEBL #0055 w/progress 19% (17 of 82 load)

Move to SEBL#0055 :
13. BOP (Tandem)
14. Substructure (Lowbed)
15. Matting board, BOP Hose (Trailer)
16. Mini Main Genset + Compressor + Blower (Cargo)
17. Main Genset (Lowbed)

Activities :
- Reposition walkway
- Reposition Rotary
- Reposition MGS
- Cont'd Cleaning water tank

Note:
>Available transport fleet,
  ACS: 2 unit Lowbed, 2 unit Tandem, 1 unit Trailer, 3 unit Crane, 2 unit Dozer
>Moving distance +/- 130 KM  
"
SEBL,SEBL_002,PHR-026,8/19/2026,9/6/2026,8/19/2026 18:00,LOCN,MOB,MOVEON,UNITMOV,6,,,0,"Move in SEBL #0055 w/progress  19% (17 of 82 loads)

Move to SEBL#0055 :
Load list :
18. Loading stair + Line MP + Blower + Gaso Pump (Cargo)  Std by at AMPH36 
19. Rotary table (tandem) Std by at AMPH36

Activity :
- Reposition pipebox, water tank
- Cleaning water tank
- loading water tank to lowboy  
- lashing equipment
- Refueling Heavy equipment and Transport Vehicle  

Notes:
- Moving distance +/- 130 KM  
- Available transport fleet,
  ACS: 2 unit Lowbed, 2 unit Tandem, 1 unit Trailer, 3 unit Crane, 2 unit Dozer

<><><><>AFTER MIDNIGHT<><><><>

00:00 - 05:00 
Waiting On Daylight (Night Trip Policy)
Repositioning and Loading equipment onto transport, 

Move out from AMPH#36  PHR Yard   (14 loads)
Move in SEBL #0055 w/progres 19% (17 of 82 load)

Move to PHR Yard  :
Load list :
15.Line manifold mud tank, box assembly, (Trailer)
==============================
Move to SEBL#0055 :
Loading equipmentt to transport
18. stair + Line MP + Blower + Gaso Pump (Cargo)
19. Water Tank (Lowbed)
20. Pipe Box (Lowbed)
21. Traveling Block + Rotary Table (Tandem)
22. walkway substructure + Choke Manifold (Trailler)

Activity :
- Repositioning equipment for transport loading proces
- .loading pipe box to lowbed
-  lashing equipment 
-  loading rotary table to tandem
-  loading box assembly dan manipol mud tank to trailer
Notes:
> Unloading equipment at yard for maintenance
> Moving only on daylight
> Available transport fleet,
  ACS: 2 unit Lowbed, 2 unit Tandem, 1 unit Trailer, 3 unit Crane, 2 unit Dozer,
"
SEBL,SEBL_002,PHR-026,8/20/2026,9/6/2026,8/20/2026,LOCN,MOB,MOVEON,OPSUS,5,5,,0,"Waiting On Daylight (Night Trip Policy)
Repositioning and Loading equipment onto transport, 

Move out from AMPH#36  PHR Yard   (14 loads)
Move in SEBL #0055 w/progres 19% (16 of 84 load)

Move to PHR Yard  :
Load list :
15.Line manifold mud tank, box assembly, (Trailer)
==============================
Move to SEBL#0055 :
Loading equipmentt to transport
18. stair + Line MP + Blower + Gaso Pump (Cargo)
19. Water Tank (Lowbed)
20. Pipe Box (Lowbed)
21. Traveling Block + Rotary Table (Tandem)
22. walkway substructure + Choke Manifold (Trailler)

Activity :
- Repositioning equipment for transport loading proces
- .loading pipe box to lowbed
-  lashing equipment 
-  loading rotary table to tandem
-  loading box assembly dan manipol mud tank to trailer

Notes:
> Unloading equipment at yard for maintenance
> Moving only on daylight
> Available transport fleet,
  ACS: 2 unit Lowbed, 2 unit Tandem, 1 unit Trailer, 3 unit Crane, 2 unit Dozer,
"
SEBL,SEBL_002,PHR-026,8/20/2026,9/6/2026,8/20/2026 5:00,LOCN,MOB,MOVEON,UNITMOV,7,,,0,"Move out from AMPH#36  PHR Yard   (15 loads)
Move in SEBL #0055 w/progres 25% (22 of 82 load)

Move to PHR Yard  :
Load list :
15.Line manifold mud tank, box assembly, (Trailer)
==============================
Move to SEBL#0055 :
Loading equipmentt to transport
18. stair + Line MP + Blower + Gaso Pump (Cargo)
19. Water Tank (Lowbed)
20. Pipe Box (Lowbed)
21. Traveling Block + Rotary Table (Tandem)
22. walkway substructure + Choke Manifold (Trailler)

Activities at AMPH 36
- Loading Hose Line, Discharge line to cargo
- Dismantle Walkway Trip Tank
- Housekeeping Trip Tank
- Laoding walkway substructure + Choke Manifold to trailer

Activities At Yard
- Install line power mud tank 1,
- Install line power mud tank 2
- Prepare walk way mud tank 2,3
- Prepare line manifold mud pump
- Prepare line by pass mud tank 1,2
- Prepare line desander, desilter

Notes:
> Available transport vehicles,
   ACS: 2 unit Lowbed, 1 unit Tandem, 1 unit Trailer, 1 unit cargo 3 unit Crane, 2 unit Dozer
Note : > Moving distance +/- 130 KM    
"
SEBL,SEBL_002,PHR-026,8/20/2026,9/6/2026,8/20/2026 12:00,LOCN,MOB,MOVEON,UNITMOV,6,,,0,"Move in SEBL #0055 w/progres 25% (22 of 82 load)

Move in SEBL#0055 :
Loading equipmentt to transport
18. stair + Line MP + Blower + Gaso Pump (Cargo)
19. Water Tank (Lowbed)
20. Pipe Box (Lowbed)
21. Traveling Block + Rotary Table (Tandem)
22. walkway substructure + Choke Manifold (Trailler)

Activities at AMPH 36
- Housekeeping warehouse
- Clean Skid pipebox

Activities At Yard
- Cont'd Install line power mud tank 1,
- Cont'd Install line power mud tank 2
- Cont'd Prepare walkway mud tank 2,3
- Cont'd Prepare line manifold mud pump
- Cont'd Prepare line bypass mud tank 1,2
- Cont'd Prepare line desander, desilter
- Service engine rig 1
- Install mud tank 4 on progress

Notes:
> Available transport vehicles,
   ACS: 2 unit Lowbed, 1 unit Tandem, 1 unit Trailer, 1 unit cargo 3 unit Crane, 2 unit Dozer
Note : > Moving distance +/- 130 KM  "
SEBL,SEBL_002,PHR-026,8/20/2026,9/6/2026,8/20/2026 18:00,LOCN,MOB,MOVEON,UNITMOV,6,,,0,"Move to SEBL #0055 w/progres 25% (22 of 82 load)

Move to SEBL#0055 :
Load list :
23. MGS (tandem) Std by at AMPH36
 
Activities at AMPH#36
# Repositioned DP pipe box.
# Repositioned DC pipe box.
# Repositioned riser and drilling spool.
# Loaded MGS onto tandem.

Activities at SEBL#0055
# Installed matting board.
# Installed substructure walkway.

Notes:
- Moving distance +/- 130 KM  
- Available transport vehicles,
  ACS: 2 unit Lowbed, 1 unit Tandem, 1 unit Trailer, 1 unit cargo 3 unit Crane, 2 unit Dozer

<><><><>AFTER MIDNIGHT<><><><>

00:00 - 05:00 
Waiting On Daylight (Night Trip Policy)
Repositioning and Loading equipment onto transport

Move in SEBL #0055 w/progres 25% (22 of 82 load)

Move to SEBL#0055 :
Loading equipmentt to transport
23. MGS (tandem) Std by at AMPH36
24. Pipe box (Lowbed) Std by at AMPH36
25. Pipe box (Lowbed) Std by at AMPH36

Activity :
- Backloaded excess of 7"" casing and 3-1/2"" UE tubing onto trailer for transportation to Baung.
- Repositioned riser and drilling spool.
- Loaded MGS onto tandem truck.
- Loaded DP pipe box onto lowbed trailer.
- Loaded DC pipe box onto lowbed trailer.
- Loaded MP manifold, MGS line, sliding cutting unit, and mud lab onto cargo truck.

Notes:
> Unloading equipment at yard for maintenance
> Moving only on daylight
> Available transport vehicles,
  ACS: 2 unit Lowbed, 1 unit Tandem, 1 unit Trailer, 1 unit cargo 3 unit Crane, 2 unit Dozer,
"
SEBL,SEBL_002,PHR-026,8/21/2026,9/6/2026,8/21/2026,LOCN,MOB,MOVEON,OPSUS,5,5,,0,"Waiting On Daylight (Night Trip Policy)
Repositioning and Loading equipment onto transport

Move in SEBL #0055 w/progres 25% (22 of 84 load)

Move to SEBL#0055 :
Loading equipmentt to transport
23. MGS (tandem) Std by at AMPH36
24. Pipe box (Lowbed) Std by at AMPH36
25. Pipe box (Lowbed) Std by at AMPH36

Activity :
- Backloaded excess of 7"" casing and 3-1/2"" UE tubing onto trailer for transportation to Baung.
- Repositioned riser and drilling spool.
- Loaded MGS onto tandem truck.
- Loaded DP pipe box#1 onto lowbed trailer.
- Loaded DC pipe box#2 onto lowbed trailer.
- Loaded MP manifold, MGS line, sliding cutting unit, and mud lab onto cargo truck.

Activities At Yard
- Cont'd Install line power mud tank 1,
- Cont'd Install line power mud tank 2
- Cont'd Prepare walk way mud tank 2,3
- Con'td Prepare line manifold mud pump
- Cont'd Prepare line by pass mud tank 1,2
- Con'td Prepare line desander, desilter
- Service engine rig 1
- Install mud tank 4 on progres

Notes:
> Unloading equipment at yard for maintenance
> Moving only on daylight
> Available transport vehicles,
  ACS: 2 unit Lowbed, 1 unit Tandem, 1 unit Trailer, 1 unit cargo 3 unit Crane, 2 unit Dozer,
"
SEBL,SEBL_002,PHR-026,8/21/2026,9/6/2026,8/21/2026 5:00,LOCN,MOB,MOVEON,UNITMOV,7,,,0,"Move to SEBL #0055 w progress 34% (28 of 82 load)

Move to SEBL#0055 :
23. MGS (Tandem)
24. Manifold MP ,Modul MP ,line MGS ,Drilling line (Cargo)
25. Mud lab ,sliding cating ,tangga portable (Lowbed)
26. Pipe Box (Lowbed)
27. Pipe Box (Lowbed)
28. Casing Marker + Pipe Rack + Flow Line +  Line MGS (Trailler)

Activities at AMPH 36:
- Housekeeping Trip Tank
- Loading Casing Marker + Pipe Rack + Flow Line onto Truck trailler

Activities At Yard:
- Install active bypass lines for mud tanks 2 & 3 (in progress)
- Install desander and desilter lines (in progress)
- Install active premix partition (in progress)
- Install rig hydraulic tank
- Service rig engine#1
- Install mud tank 4

Notes:
> Available transport vehicles,
   ACS: 2 unit Lowbed, 1 unit Tandem, 1 unit Trailer, 1 unit cargo 3 unit Crane, 2 unit Dozer
Note : > Moving distance +/- 130 KM    
"
SEBL,SEBL_002,PHR-026,8/21/2026,9/6/2026,8/21/2026 12:00,LOCN,MOB,MOVEON,UNITMOV,6,,,0,"Move to SEBL #0055 w progress 34% (28 of 82 load)

Move to SEBL#0055 :
23. MGS (Tandem)
24. Manifold MP ,Modul MP ,line MGS ,Drilling line (Cargo)
25. Mud lab ,sliding cating ,tangga portable (Lowbed)
26. Pipe Box (Lowbed)
27. Pipe Box (Lowbed)
28. Casing Marker + Pipe Rack + Flow Line +  Line MGS (Trailler)

Activities at AMPH 36:
- Housekeeping Tool box
- Housekeeping  crew rest room & access control

Activities at yard:
- Cont'd Install active bypass lines for mud tanks 2 & 3 (on progress)
- Cont'd Install desander and desilter linesr (on progress)
- Cont'd Install active premix partition (on progress)
- Cleaning mud tank 1, 2 & 3

Notes:
> Available transport vehicles,
   ACS: 2 unit Lowbed, 1 unit Tandem, 1 unit Trailer, 1 unit cargo 3 unit Crane, 2 unit Dozer
Note : > Moving distance +/- 130 KM    
"
SEBL,SEBL_002,PHR-026,8/21/2026,9/6/2026,8/21/2026 18:00,LOCN,MOB,MOVEON,UNITMOV,6,,,0,"Move in SEBL #0055 w progress 34% (28 of 82 load)

Move to SEBL#0055 :
Load list :
29.Pipe box DP #3 (lowbed)  Std by at AMPH36
30.Pipe box DP #4  (lowbed)  Std by at AMPH36
 
Activities at AMPH#36
# Repositioned DP pipe box #3.
# Repositioned DP pipe box #4.
# Repositioned Tool box
# Loading activities (Pipe box)

Activities at PHR Yard
# welding jobs on mud  tank dumping outlet

# weldingf ""active partition"" in Mud Tank #3

Notes:
- Moving distance +/- 130 KM  
- Available transport vehicles,
  ACS: 2 unit Lowbed, 1 unit Tandem, 1 unit Trailer, 1 unit cargo 3 unit Crane, 2 unit Dozer

<><><><>AFTER MIDNIGHT<><><><>

00:00 - 05:00 
Waiting On Daylight (Night Trip Policy)
Repositioning and Loading equipment onto transport, 

Move in SEBL #0055 w progress 34% (28 of 82 load)

Move to SEBL#0055 :
Loading equipmentt to transport
31. Catwalk (Trailer) Std by at AMPH36
32. Light tower, desander line ,MP line, Dumping PVC, Cutting sliding support, hose  & sling (Cargo) Std by at AMPH36
33. Tool Box (Tandem) Std by at AMPH36

Activities at AMPH#36 :
- Repositioned Catwalk
- Loaded catwalk onto trailer  truck.
- Loaded  Light tower, desander line ,MP line, Dumping PVC, Cutting sliding support, hose  & slings onto cargo truck.
- Loaded tool box onto tandem truck.

Activities at PHR Yard
# Cont'd welding jobs on mud  tank dumping outlet

# Cont'd welding  ""active partition"" in Mud Tank #3

Notes:
> Repair and maintenance activities are carried out at PHR Yard 
> Moving only on daylight
> Available transport vehicles,
  ACS: 2 unit Lowbed, 1 unit Tandem, 1 unit Trailer, 1 unit cargo 3 unit Crane, 2 unit Dozer,
"
SEBL,SEBL_002,PHR-026,8/22/2026,9/6/2026,8/22/2026,LOCN,MOB,MOVEON,OPSUS,5,5,,0,"Waiting On Daylight (Night Trip Policy)
Repositioning and Loading equipment onto transport, 

Move in SEBL #0055 w progress 34% (28 of 82 load)

Move to SEBL#0055 :
Loading equipmentt to transport
31. Catwalk (Trailer) Std by at AMPH36
32. Light tower, desander line ,MP line, Dumping PVC, Cutting sliding support, hose  & sling (Cargo) Std by at AMPH36
33. Tool Box (Tandem) Std by at AMPH36

Activities at AMPH#36 :
- Repositioned Catwalk
- Loaded catwalk onto trailer  truck.
- Loaded  Light tower, desander line ,MP line, Dumping PVC, Cutting sliding support, hose  & slings onto cargo truck.
- Loaded tool box onto tandem truck.

Activities at PHR Yard
# Cont'd welding jobs on mud  tank dumping outlet

# Cont'd welding  ""active partition"" in Mud Tank #3

Notes:
> Repair and maintenance activities are carried out at PHR Yard 
> Moving only on daylight
> Available transport vehicles,
  ACS: 2 unit Lowbed, 1 unit Tandem, 1 unit Trailer, 1 unit cargo 3 unit Crane, 2 unit Dozer,
"
SEBL,SEBL_002,PHR-026,8/22/2026,9/6/2026,8/22/2026 5:00,LOCN,MOB,MOVEON,UNITMOV,7,,,0,"Move to SEBL #0055 w progress 40% (33 of 82 load)

Move to SEBL#0055 :
29. Pipebox (Lowbed)
30. Pipebox (Lowbed)
31. Catwalk (Trailer)
32. Light tower, line desander, line mud pump (Cargo)
33. Toolbox (Tandem)

Activities at AMPH 36:
- Remove Sling from ground to rack sling
- Remove tubing pup to pipe box
- Reposition well safety

Activities At Yard:
- Install line buang mud over (on progres)
- Install line desander (on progres)
- Change out Shale Shaker 2 (on progress)
- Prepare line suck over (on progress)
- Welding sekat premix (on progress)

Notes:
> Available transport fleet,
  ACS: 2 unit Lowbed, 1 unit Tandem, 1 unit Trailer, 1 unit cargo 3 unit Crane, 2 unit Dozer
Note : > Moving distance +/- 130 KM "
SEBL,SEBL_002,PHR-026,8/22/2026,9/6/2026,8/22/2026 12:00,LOCN,MOB,MOVEON,UNITMOV,6,,,0,"Move to SEBL #0055 w progress 40% (33 of 82 load)

Move to SEBL#0055 :
29. Pipebox (Lowbed)
30. Pipebox (Lowbed)
31. Catwalk (Trailer)
32. Light tower, line desander, line mud pump (Cargo)
33. Toolbox (Tandem)

Activities at AMPH 36:
- Reposition Box Sling
- Housekeeping Tool Box

Activities At Yard:
- Cont'd Install Line Discharge Mud Hopper (on progress)
- Cont'd Install Line Desander (on progress)
- Cont'd Change Out Shale Shaker 2 
- Cont'd Prepare Suction Line Hopper (on progress)
- Cont'd Welding premix partition (on progress)
- Housekeeping at rig carrier

Notes:
> Available transport fleet,
  ACS: 2 unit Lowbed, 1 unit Tandem, 1 unit Trailer,1 Cargo 3 unit Crane, 2 unit Dozer,
Note : > Moving distance +/- 130 KM "
SEBL,SEBL_002,PHR-026,8/22/2026,9/6/2026,8/22/2026 18:00,LOCN,MOB,MOVEON,UNITMOV,6,,,0,"Move to SEBL #0055 w progress 40% (33 of 82 load)

Move to SEBL#0055 :
Load list :
34.Rig Mast (lowbed) Std by at AMPH36
35.Tool Box (Tandem) Std by at AMPH36
 
Activities at AMPH#36
1.Loading rig mast
2.Loading warehouse ccu 
3.Refueling heavy transport 

Activities at PHR Yard
# Install 6-inch valve on mud hopper line
# Install Mud Pump 3 suction line + 8-inch valve to Mud Pump 3
# Weld desander suction line (4 points)

<><><><>AFTER MIDNIGHT<><><><>
00:00 - 05:00 
Waiting On Daylight (Night Trip Policy)
Repositioning and Loading equipment onto transport, 

Move to SEBL #0055 w progress 37% (33 of 82 load)

Move to SEBL#0055 :
Loading equipmentt to transport
34. Rig Mast (lowbed) Std by at AMPH36
35. Tool box(Tandem) Std by at AMPH36
36. Drilling Spool + Box handling tool + scaffolding + superchoke (Cargo) Std by at AMPH36

Activities at AMPH#36 :
- Repositioned lighting tower
- Refueling heavy transport 
- Repositioned welding machine
- Loading Welding machine & Lighting tower unit  
=============================
Activities at PHR Yard
- Weld partition between Active Mud Tank 3 and Slug Tank 
- Weld transfer line from MT2 to MT3 including 6-inch valve installation 
- Electrical cable installation for Agitators No. 1, 2, 3, and 4 
- TDS Function Test – 70% Complete (In Progress)
==============================
Activities at SEBL#0055
- R/U substructure
- Housekeeping MGS & TBAR.
Notes:
> Repair and maintenance activities are carried out at PHR Yard 
> Moving only on daylight
> Available transport vehicles,
  ACS: 2 unit Lowbed, 1 unit Tandem, 1 unit Trailer, 1 unit cargo 3 unit Crane, 2 unit Dozer,
"
SEBL,SEBL_002,PHR-026,8/23/2026,9/6/2026,8/23/2026,LOCN,MOB,MOVEON,OPSUS,5,5,,0,"Waiting On Daylight (Night Trip Policy)
Repositioning and Loading equipment onto transport, 

Move to SEBL #0055 w progress 37% (33 of 82 load)

Move to SEBL#0055 :
Loading equipmentt to transport
34. Rig Mast (lowbed) Std by at AMPH36
35. Tool box(Tandem) Std by at AMPH36
36. Drilling Spool + Box handling tool + scaffolding + superchoke (Cargo) Std by at AMPH36

Activities at AMPH#36 :
- Repositioned lighting tower
- Refueling heavy transport 
- Repositioned welding machine
- Loading Welding machine & Lighting tower unit  
=============================
Activities at PHR Yard
- Weld partition between Active Mud Tank 3 and Slug Tank 
- Weld transfer line from MT2 to MT3 including 6-inch valve installation 
- Electrical cable installation for Agitators No. 1, 2, 3, and 4 
- TDS Function Test – 70% Complete (In Progress)
==============================
Activities at SEBL#0055
- R/U substructure
- Housekeeping MGS & TBAR.
Notes:
> Repair and maintenance activities are carried out at PHR Yard 
> Moving only on daylight
> Available transport vehicles,
  ACS: 2 unit Lowbed, 1 unit Tandem, 1 unit Trailer, 1 unit cargo 3 unit Crane, 2 unit Dozer,
"
SEBL,SEBL_002,PHR-026,8/23/2026,9/6/2026,8/23/2026 5:00,LOCN,MOB,MOVEON,UNITMOV,7,,,0,"Move to SEBL #0055 w progress 46% (38 of 82 load)

Move to SEBL#0055 :
34. Rig Mast (Lowbed)
35. Tool box & Warehouse CCU (Tandem)
36. Drilling Spool + Box handling tool + scafholding + superchoke (Cargo)
37. Boom Crane + Counter Weight (Trailer)
38. Crane Latice + Block Crane + Ram (Lowbed)

Activities at AMPH#36
- Dismantle Boom Crane Lattice Zoomlion
- Dismantle Counter Weight Crane Lattice Zoomlion
- Loading Boom Crane + Counter Weight Crane Lattice Zoomlion to trailler

Activities at PHR Yard :
- Install Line Separator (On Progress)
- Install Line By Pass talang mud tank 2 ke 3  (on progress)
- Connect Cable Power Agitator
- Install Engine Rig 1 (on progres )
- Install Flange line Mud Hover 
- Install Line Shaker 1, 2 & 3  (on progress)
- Repair Line Hover Mud Tank  (on progress)

Note:
- Available transport fleet. ACS: 2 unit Lowbed, 1 unit Tandem, 1 unit Trailer, 1 unit cargo, 3 unit Crane, 2 unit Dozer
- Moving distance +/- 130 KM
- After offloading the excess casing and tubing at Baung, the trailer truck will proceed to AMPH-336 site to load the pipe rack. 
"
SEBL,SEBL_002,PHR-026,8/23/2026,9/6/2026,8/23/2026 12:00,LOCN,MOB,MOVEON,UNITMOV,6,,,0,"Move to SEBL #0055 w progress 46% (38 of 82 load)

Move to SEBL#0055 :
34. Rig Mast (Lowbed)
35. Tool box & Warehouse CCU (Tandem)
36. Drilling Spool + Box handling tool + scafholding + superchoke (Cargo)
37. Boom Crane + Counter Weight (Trailer)
38. Crane Latice + Block Crane + Ram (Lowbed)

Activities at AMPH#36
- Housekeeping Rig Equipment at location

Activities at PHR Yard :
- Cont'd Install Line Separator (On Progress)
- Cont'd Install Line Bypass mud tank 2 ke 3  (on progress)
- Cont'd Install Engine Rig 1 (on progress)
- Cont'd Install Flange line Mud Hover 
- Cont'd Install Line Shaker 1, 2 & 3  (on progress)
- Cont'd Repair Line Hover Mud Tank  (on progress)

Notes:
> Available transport fleet,
  ACS: 2 unit Lowbed, 1 unit Tandem, 1 unit Trailer,1 Cargo 3 unit Crane, 2 unit Dozer,
Note : > Moving distance +/- 130 KM "
SEBL,SEBL_002,PHR-026,8/23/2026,9/6/2026,8/23/2026 18:00,LOCN,MOB,MOVEON,UNITMOV,6,,,0,"Move in SEBL #0055 w progress 46% (38 of 82 load)

Move to SEBL#0055 :
Load list :
39.Trip-tank & Oil Containment box (tandem) Std by at AMPH36
40.Portable ladders, Vibration-hose, walkway, bell nipple & accessories (cargo) Std by at AMPH36
 
Activities at AMPH#36
1.Repositioned trip tank and oil containment box.
2.Loaded tools and equipment onto transport vehicles. 
3.Refueled heavy transport vehicles.

Activities at PHR Yard
1.Welded skid beam of Mud Tank #1
2.Welded three (3) units of 6-inch valves on Mud Tank #2. 
3.Welded 10-inch bypass line connecting Mud Tank #1 to Mud Tank #2

Activities at SEBL#0055
1.Installed lattice crane main block.
2.Installed lattice crane wire drum.
3.Unloaded rig mast from lowbed trailer.

<><><><>AFTER MIDNIGHT<><><><>
00:00 - 05:00 
Waiting On Daylight (Night Trip Policy)
Repositioning and Loading equipment onto transport, 

Move in SEBL #0055 w progress 46% (38 of 82 load)
Move to SEBL#0055 :
Load list :
39.Trip-tank & Oil Containment box (tandem) Std by at AMPH36
40.Portable ladders, Vibration-hose, walkway, bell nipple & accessories (cargo) Std by at AMPH36
41.Pipe rack, PVC Cutting dumping support frame (Trailer) Std by at AMPH36
42.Pipe Box (Lowbed) Std by at AMPH36
 
Activities at AMPH#36
1.Repositioned trip tank and oil containment box.
2.Loaded Equipment and tools  onto transport vehicles. 
3.Refueled heavy transport vehicles.

Activities at PHR Yard
1.Welded suction line Mud tank#2
2.Setting suction line from active to premix on Mud Tank #2. 
3.Cont'd welding work on the suction lines at the slug, active, and premix compartments of Mud Tank #3
4.Cont'd welding work on the partition between the active and premix compartments of Mud Tank #3

Notes:
> Available transport fleet,
  ACS: 2 unit Lowbed, 1 unit Tandem, 1 unit Trailer,1 Cargo 3 unit Crane, 2 unit Dozer,
Note : > Moving distance +/- 130 KM "
SEBL,SEBL_002,PHR-026,8/24/2026,9/6/2026,8/24/2026,LOCN,MOB,MOVEON,OPSUS,5,5,,0,"Waiting On Daylight (Night Trip Policy)
Repositioning and Loading equipment onto transport, 

Move in SEBL #0055 w progress 46% (38 of 82 load)
Move to SEBL#0055 :
Load list :
39.Trip-tank & Oil Containment box (tandem) Std by at AMPH36
40.Portable ladders, Vibration-hose, walkway, bell nipple & accessories (cargo) Std by at AMPH36
41.Pipe rack, PVC Cutting dumping support frame (Trailer) Std by at AMPH36
42.Pipe Box (Lowbed) Std by at AMPH36
 
Activities at AMPH#36
1.Repositioned trip tank and oil containment box.
2.Loaded Equipment and tools  onto transport vehicles. 
3.Refueled heavy transport vehicles.

Activities at PHR Yard
1.Welded suction line Mud tank#2
2.Setting suction line from active to premix on Mud Tank #2. 
3.Cont'd welding work on the suction lines at the slug, active, and premix compartments of Mud Tank #3
4.Cont'd welding work on the partition between the active and premix compartments of Mud Tank #3

Notes:
> Available transport fleet,
  ACS: 2 unit Lowbed, 1 unit Tandem, 1 unit Trailer,1 Cargo 3 unit Crane, 2 unit Dozer,
Note : > Moving distance +/- 130 KM "
SEBL,SEBL_002,PHR-026,8/24/2026,9/6/2026,8/24/2026 5:00,LOCN,MOB,MOVEON,UNITMOV,7,,,0,"Move to SEBL #0055 w progress 51% (42 of 82 load)

Move to SEBL#0055 :
Load list :
39.Trip-tank & Oil Containment box (tandem)
40.Portable ladders, Vibration-hose, walkway, bell nipple & accessories (cargo)
41.Pipe rack, PVC Cutting dumping support frame (Trailer)
42.Pipe Box (Lowbed)
 
Activities at AMPH#36
- Reposition warehouse
- Housekeeping

Activities at PHR Yard
- Prepare sliding cutting (on progress)
- Welding line bypass mud tank 2,3 (on progress)
- Install cover drawwork
- Install cable power mud tank 1,2,3,4 (on progress)
- Prepare line mud (on progress)
- Welding line desilter
- Reposisi support walkway mud tank 1

Note:
- Available transport fleet. ACS: 2 unit Lowbed, 1 unit Tandem, 1 unit Trailer, 1 unit cargo, 3 unit Crane, 2 unit Dozer
- Moving distance +/- 130 KM
"
SEBL,SEBL_002,PHR-026,8/24/2026,9/6/2026,8/24/2026 12:00,LOCN,MOB,MOVEON,UNITMOV,6,,,0,"Move to SEBL #0055 w progress 51% (42 of 82 load)

Move to SEBL#0055 :
Load list :
39.Trip-tank & Oil Containment box (tandem)
40.Portable ladders, Vibration-hose, walkway, bell nipple & accessories (cargo)
41.Pipe rack, PVC Cutting dumping support frame (Trailer)
42.Pipe Box (Lowbed)
 
Activities at AMPH#36
- Housekeeping

Activities at PHR Yard
- Prepare sliding cutting (on progress)
- Cont'd  Welding line bypass mud tank 2,3 (on progress)
* Cont'd Install cover drawwork
* Cont'd Install kable power mud tank 1,2,3,4 (on progress)
* Cont'd Prepare line mud (on progress)
* Cont'd Welding line desilter

Note:
- Available transport fleet. ACS: 2 unit Lowbed, 1 unit Tandem, 1 unit Trailer, 1 unit cargo, 3 unit Crane, 2 unit Dozer
- Moving distance +/- 130 KM
- Disposal Pit AMPH 036 Dewatering Handover Done
"
SEBL,SEBL_002,PHR-026,8/24/2026,9/6/2026,8/24/2026 18:00,LOCN,MOB,MOVEON,UNITMOV,6,,,0,"Move to SEBL #0055 w progress 51% (42 of 82 load)

Move to SEBL#0055 :
Load list :
43.Pipe-rack, Walkway (trailer) Std by at AMPH36
44.Warehouse CCU (Lowbed) Std by at AMPH36
45.Secondary containment, box slings (Tandem) Std by at AMPH36
 
Activities at AMPH#36
1.Repositioned Pipe-rack and Warehouse CCU.
2.Loaded tools and equipment onto transport vehicles. 
3.Refueled heavy transport vehicles.

Activities at PHR Yard
1.Welded Mud Tank #1 Shale Shaker and the Shale Shaker partition.
2.Welded 10-inch bypass line on Mud Tanks #1 and #2.
3.Welded the intermediate line from Mud Tank #2 to the active compartment of Mud Tank #3.

Activities at SEBL#0055
1.unloading of the pipe boxes from the lowbed trailer.
2.Install  the substructure turnbuckles (long and short types).
3.Setting & alignment of T-bars.

<><><><>AFTER MIDNIGHT<><><><>
00:00 - 05:00 
Waiting On Daylight (Night Trip Policy)
Repositioning and Loading equipment onto transport, 
Move to SEBL #0055 w progress 51% (42 of 82 load)

Move to SEBL#0055 :
Load list :
43.Pipe-rack, Walkway (trailer) Std by at AMPH36
44.Warehouse CCU (Lowbed) Std by at AMPH36
45.Secondary containment, box slings (Tandem) Std by at AMPH36
46.Walkway,monkey board handrail (cargo) Std by at AMPH36
47.Porta camp accommodation for the Sperry crew (Lowbed) Std by at AMPH36

Activities at AMPH#36
# Repositioned Walkway & Portacamp.
# Loaded Equipment and tools  onto transport vehicles
# Refueled heavy transport vehicles.. 

Activities at PHR Yard
# Cont'd Welded the intermediate line from Mud Tank #2 to the active compartment of Mud Tank #3
# Welded fllange of desande & desilter suction line
# Repaired skid beam of Mud Tank #1.

Activities at SEBL#0055
# Reposition choke manifold
#  Housekeeping choke manifold
,BOPE
,MGS

Notes:
> Available transport fleet,
  ACS: 2 unit Lowbed, 1 unit Tandem, 1 unit Trailer,1 Cargo 3 unit Crane, 2 unit Dozer,
Note : > Moving distance +/- 130 KM "
SEBL,SEBL_002,PHR-026,8/25/2026,9/6/2026,8/25/2026,LOCN,MOB,MOVEON,OPSUS,5,5,,0,"Waiting On Daylight (Night Trip Policy)
Repositioning and Loading equipment onto transport, 
Move to SEBL #0055 w progress 51% (42 of 82 load)

Move to SEBL#0055 :
Load list :
43.Pipe-rack, Walkway (trailer) Std by at AMPH36
44.Warehouse CCU (Lowbed) Std by at AMPH36
45.Secondary containment, box slings (Tandem) Std by at AMPH36
46.Walkway,monkey board handrail (cargo) Std by at AMPH36
47.Portacamp accommodation for the Sperry crew (Lowbed) Std by at AMPH36

Activities at AMPH#36
# Repositioned Walkway & Portacamp.
# Loaded Equipment and tools  onto transport vehicles
# Refueled heavy transport vehicles.. 

Activities at PHR Yard
# Cont'd Welded the intermediate line from Mud Tank #2 to the active compartment of Mud Tank #3
# Welded fllange of desande & desilter suction line
# Repaired skid beam of Mud Tank #1.

Activities at SEBL#0055
# Reposition choke manifold
#  Housekeeping choke manifold
,BOPE
,MGS

Notes:
> Available transport fleet,
  ACS: 2 unit Lowbed, 1 unit Tandem, 1 unit Trailer,1 Cargo 3 unit Crane, 2 unit Dozer,
Note : > Moving distance +/- 130 KM "
SEBL,SEBL_002,PHR-026,8/25/2026,9/6/2026,8/25/2026 5:00,LOCN,MOB,MOVEON,UNITMOV,7,,,0,"Move to SEBL #0055 w progress 57% (47 of 82 load)

Move to SEBL#0055 :
Load list :
43.Pipe-rack, Walkway (trailer)
44.Warehouse CCU (Lowbed)
45.Secondary containment, box slings (Tandem) 
46.Walkway,monkey board handrail (cargo)
47.Portacamp accommodation for the Sperry crew (Lowbed)
 
Activities at AMPH#36
- Reposition Tool Box
- Housekeeping

Activities at SEBL#055
- Install stair dog house
- Housekeeping

Activities at PHR Yard
- Install Box Assembly (On Progress)
- Install Flange shaker 2 to Possum belly (On Progress)
- Welding Water Line (On Progress)
- Install Sliding Cutting (On Progress)
- Install Cable Power (On Progress)
- Install Cover Drawwork (On Progress)
- Cont'd Install Engine Rig 1 (On Progress)
- Welding line bypass mud tank 1 & 2 (On Progress)
- Repair line mud gun (On Progress)

Note:
- Available transport fleet. ACS: 2 unit Lowbed, 1 unit Tandem, 1 unit Trailer, 1 unit cargo, 3 unit Crane, 2 unit Dozer
- Moving distance +/- 130 KM
"
SEBL,SEBL_002,PHR-026,8/25/2026,9/6/2026,8/25/2026 12:00,LOCN,MOB,MOVEON,UNITMOV,6,,,0,"Move to SEBL #0055 w progress 57% (47 of 82 load)

Move to SEBL#0055 :
Load list :
43.Pipe-rack, Walkway (trailer)
44.Warehouse CCU (Lowbed)
45.Secondary containment, box slings (Tandem) 
46.Walkway,monkey board handrail (cargo)
47.Portacamp accommodation for the Sperry crew (Lowbed)
 
Activities at AMPH#36
- Housekeeping

Activities at SEBL#055
- Unloading pipe rack
- Unloading Warehouse
- Unloading Secondary containment ,box sling
- Unloading Walkway , handrail monkey board
- Unloading Portacamp Sperry + Mud eng

Activities at PHR Yard
- Cont'd Install Box Assembly ( On Progress )
- Cont'd Install Flange shaker 2 to Possum belly ( On Progress )
- Cont'd Welding Water Line ( On Progress )
- Cont'd Install Sliding Cutting ( On Progress )
- Cont'd Install Cable Power ( On Progress )
- Cont'd Install Cover Drawwork ( On Progress )
- Cont'd Install Engine Rig 1 ( On Progress )
- Welding line by pass mud tank 1 & 2 ( On Progress )
- Repair line mud gun ( On Progress )

Note:
- Available transport fleet. ACS: 2 unit Lowbed, 1 unit Tandem, 1 unit Trailer, 1 unit cargo, 3 unit Crane, 2 unit Dozer
- Moving distance +/- 130 KM
"
SEBL,SEBL_002,PHR-026,8/25/2026,9/6/2026,8/25/2026 18:00,LOCN,MOB,MOVEON,UNITMOV,6,,,0,"Move to SEBL #0055 w progress 57% (47 of 82 load)

Move to SEBL#0055 :
Load list :
48.Diesel fuel Tank Storage (Tandem) Std by at AMPH36

Activities at AMPH#36
1.Refueled heavy transport vehicles. 
2.Repositioned Diesel fuel tank 
3.Dismantle Overhead water tank (Toren)

Activities at PHR Yard
1.continue weld mud line in Mud Tank#2
2.continue weld dumping line from shale shakers
3.continue weld skid-beam Mud Tank#4
4.welded line out desander

Activities at SEBL#0055
- Spotting Warehouse CCU  
- Spotting Secondary containment, box sling
- Spotting Porta camp cabin for sperry crew.
- Spotting Porta camp cabin for Mud engineer crew

<><><><>AFTER MIDNIGHT<><><><>
00:00 - 05:00 
Waiting On Daylight (Night Trip Policy)
Repositioning and Loading equipment onto transport, 
Move to SEBL #0055 w progress 57% (47 of 82 load)

Move to SEBL#0055 :
Load list :
48.Diesel fuel Tank Storage (Tandem) Std by at AMPH36
49.HES Office (Trailer) Std by at AMPH36
50.DSR Office (Lowbed) Std by at AMPH36
51.RSM & clerk office (Lowbed) Std by at AMPH36

Activities at AMPH#36
# Repositioned HES Office, DSR and Clerck Office
# Repositioned Overhead water tank 
# Loaded Equipment and tools  onto transport vehicles
# Housekeeping. 

Activities at PHR Yard
- Welded skid-beam  Mud tank 1 left and Right 
- Welded ped eye Skor walk way mud tank 1
- Welded ped eye sliding cutting shaker 2,3

Activities at SEBL#0055
- Dams around the substructure area
- Setting portable toilet
- house keeping water tank

Notes:
> Available transport fleet,
  ACS: 2 unit Lowbed, 1 unit Tandem, 1 unit Trailer,1 Cargo 3 unit Crane, 2 unit Dozer,
Note : > Moving distance +/- 130 KM "
SEBL,SEBL_002,PHR-026,8/26/2026,9/6/2026,8/26/2026,LOCN,MOB,MOVEON,OPSUS,5,5,,0,"Waiting On Daylight (Night Trip Policy)
Repositioning and Loading equipment onto transport, 
Move to SEBL #0055 w progress 57% (47 of 82 load)

Move to SEBL#0055 :
Load list :
48.Diesel fuel Tank Storage (Tandem) Std by at AMPH36
49.HES Office (Trailer) Std by at AMPH36
50.DSR Office (Lowbed) Std by at AMPH36
51.RSM & clerk office (Lowbed) Std by at AMPH36

Activities at AMPH#36
# Repositioned HES Office, DSR and Clerck Office
# Repositioned Overhead water tank 
# Loaded Equipment and tools  onto transport vehicles
# Housekeeping. 

Activities at PHR Yard
- Welded skid-beam  Mud tank 1 left and Right 
- Welded ped eye Skor walk way mud tank 1
- Welded ped eye sliding cutting shaker 2,3

Activities at SEBL#0055
- Dams around the substructure area
- Setting portable toilet
- house keeping water tank

Notes:
> Available transport fleet,
  ACS: 2 unit Lowbed, 1 unit Tandem, 1 unit Trailer,1 Cargo 3 unit Crane, 2 unit Dozer,
Note : > Moving distance +/- 130 KM "
SEBL,SEBL_002,PHR-026,8/26/2026,9/6/2026,8/26/2026 5:00,LOCN,MOB,MOVEON,UNITMOV,7,,,0,"Move to SEBL #0055 w progress 63% (52 of 82 load)

Move to SEBL#0055 :
Load list :
48. Diesel fuel Tank Storage (Tandem)
49. HES Office (Trailer)
50. DSR Office (Lowbed
51. RSM & clerk office (Lowbed)
52. Poly tank & Genset Office (Cargo)

Activities at AMPH#36  
- Loading poly tank + tanki solar mini + genset portacamp
- Loading portacamp RSM / Rig office
- Loading portacamp DSR
- Loading portacamp HES / Chief Electrik / Mechanik

Activities at PHR Yard
- Install cable power agitator mud tank-1
- Install cable power shale shaker
- Install cable di at mud tank-2
- Install water line at mud tank-2 & mud tank-3
- Housekeeping in mud tank-1 & mud tank-2
- Welded water line at mud tank-1 & mud tank-2

Activities at SEBL#0055
- Reposisi excess casing 
- Housekeeping tool

Note:
- Available transport fleet. ACS: 2 unit Lowbed, 1 unit Tandem, 1 unit Trailer, 1 unit cargo, 3 unit Crane, 2 unit Dozer
- Moving distance +/- 130 KM
"
SEBL,SEBL_002,PHR-026,8/26/2026,9/6/2026,8/26/2026 12:00,LOCN,MOB,MOVEON,UNITMOV,6,,,0,"Move to SEBL #0055 w progress 63% (52 of 82 load)

Move to SEBL#0055 :
Load list :
48. Diesel fuel Tank Storage (Tandem)
49. HES Office (Trailer)
50. DSR Office (Lowbed
51. RSM & clerk office (Lowbed)
52. Poly tank & Genset Office (Cargo)

Activities at AMPH#36  
- House Keeping at area location

Activities at PHR Yard
- Modifikasi paritan mud tank-1,2,3 (on progress)
- Modifikasi line mud hopper (on progress)
- Running engine drawwork
- Modifikasi water line at mud tank (on progress)
- Setting desilter and modifikasi line desilter (on progress)
- Install sliding cutting and modifikasi (on progress)

Activities at SEBL#0055
- Housekeeping SubStructure

Note:
- Available transport fleet. ACS: 2 unit Lowbed, 1 unit Tandem, 1 unit Trailer, 1 unit cargo, 3 unit Crane, 2 unit Dozer
- Moving distance +/- 130 KM
"
SEBL,SEBL_002,PHR-026,8/26/2026,9/6/2026,8/26/2026 18:00,LOCN,MOB,MOVEON,UNITMOV,6,,,0,"Move to SEBL #0055 w progress 63% (52 of 82 load)

Activities at AMPH#36  
- Reposition Portacamp Medic + TDS for Loading
- House Keeping at area location

Activities at PHR Yard
- Welding 10"" Flange Shale Shaker 2 ( on progress )
- Welding talang air mudTank 3 ( On Progress )
- Welding Line Buang Mud Tank 2 ( On Progress )

Activities at SEBL#0055
- Unloading Diesel fuel Tank Storage
- Unloading HES Office
- Unloading DSR Office
- Unloading Poly tank & Genset
- Connect Cable Power Portacamp Rig Office & DSR Office
- Set water tank
- install dog house
Note:
- Available transport fleet. ACS: 2 unit Lowbed, 1 unit Tandem, 1 unit Trailer, 1 unit cargo, 3 unit Crane, 2 unit Dozer
- Moving distance +/- 130 KM

<><><><>AFTER MIDNIGHT<><><><>
00:00 - 05:00 
Waiting On Daylight (Night Trip Policy)
Repositioning and Loading equipment onto transport, 
Move to SEBL #0055 w progress 63% (52 of 82 load)

Move to SEBL#0055 :
Load list :
53. Portacamp geologist+ Musholla (Lowbed) Std by at AMPH36
54. portacamp TDS+Medic (Lowbed) Std by at AMPH36
55. Mini pipe box + rack Sling + Polytank(Treller ) Std by at AMPH36
56.Genset Portacamp + Mini Fuel Tank + Radiator + Polytank( Cargo) Std by at AMPH36
57. Acc Control,Rest Crew
+ ⁠Toilet Portable (Lowbed) Std by at AMPH36

Activities at AMPH#36
# Loaded Equipment and tools  onto transport vehicles
# Housekeeping. 

Activities at PHR Yard
- Welding water line 3"" mud tank 2 ( on progress )
- Welding 8"" flange mud tank 2 ( On Progress )
- Welding suck line Mud Tank 2 ( On Progress )

Activities at SEBL#0055
- Setting Loading Ram
- Setting line bop trail
- Setting Compresor Airman
- Reposition & Set Up Accumulator
- Install polytank portacamp HSE

Notes:
> Available transport fleet,
  ACS: 2 unit Lowbed, 1 unit Tandem, 1 unit Trailer,1 Cargo 3 unit Crane, 2 unit Dozer,
Note : > Moving distance +/- 130 KM "
SEBL,SEBL_002,PHR-026,8/27/2026,9/6/2026,8/27/2026,LOCN,MOB,MOVEON,OPSUS,5,5,,0,"Waiting On Daylight (Night Trip Policy)
Repositioning and Loading equipment onto transport, 
Move to SEBL #0055 w progress 63% (52 of 82 load)

Move to SEBL#0055 :
Load list :
53. Portacamp geologist+ Musholla (Lowbed) Std by at AMPH36
54. portacamp TDS+Medic (Lowbed) Std by at AMPH36
55. Mini pipe box + rack Sling + Polytank(Treller ) Std by at AMPH36
56. Genset Portacamp + Mini Fuel Tank + Radiator + Polytank( Cargo) Std by at AMPH36
57. Acc Control,Rest Crew
+ ⁠Toilet Portable (Lowbed) Std by at AMPH36

Activities at AMPH#36
# Loaded Equipment and tools  onto transport vehicles
# Housekeeping. 

Activities at PHR Yard
- Welding water line 3"" mud tank 2 ( on progress )
- Welding 8"" flange mud tank 2 ( On Progress )
- Welding suck line Mud Tank 2 ( On Progress )

Activities at SEBL#0055
- Setting Loading Ram
- Setting line bop trail
- Setting Compresor Airman
- Reposition & Set Up Accumulator
- Install polytank portacamp HSE

Notes:
> Available transport fleet,
  ACS: 2 unit Lowbed, 1 unit Tandem, 1 unit Trailer,1 Cargo 3 unit Crane, 2 unit Dozer,
Note : > Moving distance +/- 130 KM "
SEBL,SEBL_002,PHR-026,8/27/2026,9/6/2026,8/27/2026 5:00,LOCN,MOB,MOVEON,UNITMOV,7,,,0,"Move to SEBL #0055 w progress 70% (57 of 82 load)

Move to SEBL#0055 :
Load list :
53. Portacamp geologist+ Musholla (Lowbed)
54. portacamp TDS+Medic (Lowbed)
55. Mini pipe box + rack Sling + Polytank(Trailler )
56. Genset Portacamp + Mini Fuel Tank + Radiator + Polytank( Cargo)
57. Acc Control, Rest Crew + ⁠Toilet Portable (Lowbed)

Activities at AMPH#36:
- Housekeeping at area location

Activities at PHR Yard:
- Cont'd modifikasi paritan at mud tank-3
- Cont'd modifikasi line mud hopper
- Housekeeping at rig carrier
- Install cable power lamp
- Install line bypass under shaker (on progress)
- Install score sliding cutting

Activities at SEBL#0055:
- Painting the guardrail water tank
- Reposition all pipe box
- Re-Setting portacamp Rig Office + RSM
- Cont'd housekeeping pipe box and tool box

Note:
- Available transport fleet. ACS: 2 unit Lowbed, 1 unit Tandem, 1 unit Trailer, 1 unit cargo, 3 unit Crane, 2 unit Dozer
- Moving distance +/- 130 KM
"
SEBL,SEBL_002,PHR-026,8/27/2026,9/6/2026,8/27/2026 12:00,LOCN,MOB,MOVEON,UNITMOV,6,,,0,"Move to SEBL #0055 w progress 70% (57 of 82 load)

Move to SEBL#0055 :
Load list :
53. Portacamp geologist+ Musholla (Lowbed)
54. portacamp TDS+Medic (Lowbed)
55. Mini pipe box + rack Sling + Polytank(Trailler )
56. Genset Portacamp + Mini Fuel Tank + Radiator + Polytank( Cargo)
57. Acc Control, Rest Crew + ⁠Toilet Portable (Lowbed)

Activities at AMPH#36:
- Housekeeping at area location

Activities at PHR Yard:
- Install stick lamp at all area mud tank
- Install line 10"" at mud tank-1 to mud tank-2
- Cont'd modifikasi paritan at mud tank-3
- Painting mud tank-1 & mud tank-2
- Setting sliding cutting 
- Welded line by pass under shaker (on progress)

Activities at SEBL#0055:
- Unloading Portacamp Geologist + Musholla
- Unloading Portacamp Medic + TDS
- Unloading Mini Pipe Box + rack Sling + Polytank
- Unloading Rest Crew + Acces Control + Portable Toilet
- House keeping tool box

Note:
- Available transport fleet. ACS: 2 unit Lowbed, 1 unit Tandem, 1 unit Trailer, 1 unit cargo, 3 unit Crane, 2 unit Dozer
- Moving distance +/- 130 KM
"
SEBL,SEBL_002,PHR-026,8/27/2026,9/6/2026,8/27/2026 18:00,LOCN,MOB,MOVEON,UNITMOV,6,,,0,"Move to SEBL #0055 w progress 70% (57 of 82 load)

Note: - Remaining at AMPH 036 ( crane,Dozer)   Loading Waiting On Daylight

Activities at AMPH#36:
- Loading counter Weight crane+ ⁠Light Tower
- Housekeeping at area location

Activities at PHR Yard:
- Welding Union Hummer 10"" by pass mud tank 1 to mud tank 2
- Contd Welding talang air at mud tank 3
- Welding Line 6"" Pipe at mud tank 4

Activities at SEBL#0055:
- Unloading Genset Portacamp + Mini Fuel Tank + Radiator + Polytank
- Install CCTV at Portacamp DSR Office

- Install Stair Water Tank

Note:
- Available transport fleet. ACS: 2 unit Lowbed, 1 unit Tandem, 1 unit Trailer, 1 unit cargo, 3 unit Crane, 2 unit Dozer
- Moving distance +/- 130 KM
- Moving only on daylight


<><><><>AFTER MIDNIGHT<><><><>
00:00 - 05:00 
Waiting On Daylight (Night Trip Policy)
Repositioning and Loading equipment onto transport, 
Move to SEBL #0055 w progress 70% (57 of 82 load)

Activities at AMPH#36
# Housekeeping. 

Activities at PHR Yard
- Contd Welding talang air at mud tank 3
- Contd Welding Line 6"" Pipe at mud tank 4
- Welding exhaust line mud tank 3
- Welding 6"" Union Hummer exhaust line mud tank 3

Activities at SEBL#0055
- Install Cable Power Porta camp Medic
- Reposition Light Tower
- Reposition Drill Pipe 
- Housekeeping
Notes:
> Remaining at AMPH 036 ( crane,Dozer)   Loading Waiting On Daylight
> Available transport fleet,
  ACS: 2 unit Lowbed, 1 unit Tandem, 1 unit Trailer,1 Cargo 3 unit Crane, 2 unit Dozer,
> Moving distance +/- 130 KM 
> Moving only on daylight"
SEBL,SEBL_002,PHR-026,8/28/2026,9/6/2026,8/28/2026,LOCN,MOB,MOVEON,OPSUS,5,5,,0,"Waiting On Daylight (Night Trip Policy)
Repositioning and Loading equipment onto transport, 
Move to SEBL #0055 w progress 70% (57 of 82 load)

Activities at AMPH#36
# Housekeeping. 

Activities at PHR Yard
- Contd Welding talang air at mud tank 3
- Contd Welding Line 6"" Pipe at mud tank 4
- Welding exhaust line mud tank 3
- Welding 6"" Union Hummer exhaust line mud tank 3

Activities at SEBL#0055
- Install Cable Power Porta camp Medic
- Reposition Light Tower
- Reposition Drill Pipe 
- Housekeeping
Notes:
> Remaining at AMPH 036 ( crane,Dozer)   Loading Waiting On Daylight
> Available transport fleet,
  ACS: 2 unit Lowbed, 1 unit Tandem, 1 unit Trailer,1 Cargo 3 unit Crane, 2 unit Dozer,
> Moving distance +/- 130 KM 
> Moving only on daylight"
SEBL,SEBL_002,PHR-026,8/28/2026,9/6/2026,8/28/2026 5:00,LOCN,MOB,MOVEON,UNITMOV,7,,,0,"Move to SEBL #0055 w progress 76% (62 of 82 load)

Move out From AMPH#36 to PHR Yard:
Loadlist:
16. Crane Zoomlion (Lowbed)
17. Dozer + Ram (Lowbed)
18. Counterweight Crane + Genset Light Tower (Tandem)

Move From PHR Yard to SEBL#0055:
Load list :
58. Rig Carrier (Lowbed)
59. Mud Pump (Lowbed)
60. Robotic TDS (Trailer )
61. Desilter+ Desander +Degasser( Cargo)
62. HPU TDS + Fuel Tank Mini (Lowbed)

Activities at AMPH#36
- Housekeeping. (No Equipment left at Location)

Activities at PHR Yard
- Install line mud gun at mud tank-1 (ok)
- Cont'd modifikasi paritan at mud tank-3 (on progress)
- Loading possumbelly box, desilter, desander, vacuum degasser at cargo, move to SEBL
- Install elmot agitator at mud tank-2 (on progress)
- Cont'd modifikasi line mud hopper

Activities at SEBL#0055
- Housekeeping rig mast
- Prepare HWDP 20 jts from pipe box to pipe rack

Notes:
> Available transport fleet,
  ACS: 2 unit Lowbed, 1 unit Tandem, 1 unit Trailer,1 Cargo 3 unit Crane, 2 unit Dozer,
> Moving distance +/- 130 KM 
"
SEBL,SEBL_002,PHR-026,8/28/2026,9/6/2026,8/28/2026 12:00,LOCN,MOB,MOVEON,UNITMOV,6,,,0,"Move to SEBL #0055 w progress 76% (62 of 82 load)

Move out From AMPH#36 to PHR Yard:
Loadlist:
16. Crane Zoomlion (Lowbed)
17. Dozer + Ram (Lowbed)
18. Counterweight Crane + Genset Light Tower (Tandem)

Move From PHR Yard to SEBL#0055:
Load list :
58. Rig Carrier (Lowbed)
59. Mud Pump (Lowbed)
60. Robotic TDS (Trailer )
61. Desilter+ Desander +Degasser( Cargo)
62. HPU TDS + Fuel Tank Mini (Lowbed)

Activities at PHR Yard
- Cont'd modifikasi line mud hopper f/ mud tank 3 to mud tank 2
- Modifikasi line mud hopper f/ mud tank 2 to mud tank 4
- Install water line at mud tank 1 
- Loading HPU to lowbed move to SEBL
- Loading Robotic + real TDS + lighting tower to trailer move to SEBL
- Loading rig carrier to lowbed move to SEBL
- Loading engine mud pump to lowbed move to SEBL

Activities at SEBL#0055
- Cont'd house keeping rig mast
- Housekeeping travelling block
- Housekeeping main genset

Notes:
> Available transport fleet,
  ACS: 2 unit Lowbed, 1 unit Tandem, 1 unit Trailer,1 Cargo 3 unit Crane, 2 unit Dozer,
> Moving distance +/- 130 KM 
"
SEBL,SEBL_002,PHR-026,8/28/2026,9/6/2026,8/28/2026 18:00,LOCN,MOB,MOVEON,UNITMOV,6,,,0,"Move to SEBL #0055 w progress 76% (62 of 82 load)

Move From PHR Yard to SEBL#0055:
Load list :
58. Rig Carrier (Lowbed)
59. Mud Pump (Lowbed)
60. Robotic TDS (Trailer )
61. Desilter+ Desander +Degasser( Cargo)
62. HPU TDS + Fuel Tank Mini (Lowbed)

Activities at AMPH#36
- Housekeeping. (No Equipment left at Location)

Activities at PHR Yard
- Install line mud gun at mud tank-1 (ok)
- Cont'd modifikasi paritan at mud tank-3 (on progress)
- Loading possumbelly box, desilter, desander, vacuum degasser at cargo, move to SEBL
- Install elmot agitator at mud tank-2 (on progress)
- Cont'd modifikasi line mud hopper

Activities at SEBL#0055
- Unloading HPU Top Drive + Fuel Tank + Tower Light
- Unloading Robotic TDS 
- Set Tower Light
- Loading 20 Jts 5"" HWDP

Notes:
> Available transport fleet,
  ACS: 2 unit Lowbed, 1 unit Tandem, 1 unit Trailer,1 Cargo 3 unit Crane, 2 unit Dozer,
> Moving distance +/- 100 KM 

<><><><>AFTER MIDNIGHT<><><><>
00:00 - 05:00 

Waiting On Daylight (Night Trip Policy)
Repositioning and Loading equipment onto transport, 
Move in SEBL #0055 w progress 70% (59 of 82 load)

Activities at PHR Yard
- Contd Welding Conection 2"" water line mud tank 1, 2 & 3 ( On Progress )
- Contd welding talang air mud tank 3
- Welding 6"" Flange to 6"" king niple transfer line mud  3 dan mud tank 2
- welding line mud gun mud tank 3
- Welding transfer line mud tank 2

Activities at SEBL#0055
 - Unloading Mud Pump
-  Unloading Rig Carrier
- Housekeeping

Notes:
> Available transport fleet,
  ACS: 2 unit Lowbed, 1 unit Tandem, 1 unit Trailer,1 Cargo 3 unit Crane, 2 unit Dozer,
> Moving distance +/- 100 KM 
> Moving only on daylight"
SEBL,SEBL_002,PHR-026,8/29/2026,9/6/2026,8/29/2026,LOCN,MOB,MOVEON,OPSUS,5,5,,0,"Waiting On Daylight (Night Trip Policy)
Repositioning and Loading equipment onto transport, 
Move to SEBL #0055 w progress 76% (62 of 82 load)

Activities at PHR Yard
- Contd Welding Conection 2"" water line mud tank 1, 2 & 3 ( On Progress )
- Contd welding talang air mud tank 3
- Welding 6"" Flange to 6"" king niple transfer line mud  3 dan mud tank 2
- welding line mud gun mud tank 3
- Welding transfer line mud tank 2

Activities at SEBL#0055
- Unloading Mud Pump
- Unloading Rig Carrier
- Housekeeping

Notes:
> Available transport fleet,
  ACS: 2 unit Lowbed, 1 unit Tandem, 1 unit Trailer,1 Cargo 3 unit Crane, 2 unit Dozer,
> Moving distance +/- 100 KM 
> Moving only on daylight"
SEBL,SEBL_002,PHR-026,8/29/2026,9/6/2026,8/29/2026 5:00,LOCN,MOB,MOVEON,UNITMOV,7,,,0,"Move to SEBL #0055 w progress 78% (64 of 82 load)

Move From PHR Yard to SEBL#0055:
Load list :
63. Engine mud pump 1 (Lowbed)
64. Engine mud pump 2 (Lowbed)

Activities at PHR Yard
- Loading engine MP 1, Lowbed move to SEBL
- Loading engine MP 3, Lowbed move to SEBL
- Install Valve buang mud over mud tank 2 (on progress)
- Install mud gun mud tank 2 (on progress)
- Install line by pass mud over mud tank 2 to 4, (on progress)
- Install lamp mud tank 1,2,3,4  (on progress)

Activities at SEBL#0055
- Install walkway and handrail rig carrier 
- Reposisi spoller drilling line
- Greasing crown sheave
- Remove handling tool
- House keeping area rig carrier

Notes:
> Available transport fleet,
  ACS: 2 unit Lowbed, 1 unit Tandem, 1 unit Trailer,1 Cargo 3 unit Crane, 2 unit Dozer,
> Moving distance from PHR Yard to SEBL055 +/- 100 KM "
SEBL,SEBL_002,PHR-026,8/29/2026,9/6/2026,8/29/2026 12:00,LOCN,MOB,MOVEON,UNITMOV,6,,,0,"Move to SEBL #0055 w progress 82% (67 of 82 load)

Move From PHR Yard to SEBL#0055:
Load list :
65. Engine Mud pump 3 + Topdrive (Lowbed)
66.TDS Warehouse + Shale Shaker (Trailer)
67. Handling Tools

Activities at PHR Yard
- Cont'd Install Valve buang mud over mud tank 2
- Cont'd Install mud gun mud tank 2 
- Cont'd Install line bypass mud over mud tank 2 to 4
- Cont'd Install lamp mud tank 1,2,3,4
- Install Valve 8"" line suction pompa
- Install cable power mud tank 4
- Install mud over (on progress)

Activities at SEBL#0055
- Unloading engine mud pump 1 and 2
- Unloading engine mud pump3
- Unloading mini warehouse top drive 
- Unloading real top drive
- Unloading shale shaker

Notes:
> Available transport fleet,
  ACS: 2 unit Lowbed, 1 unit Tandem, 1 unit Trailer,1 Cargo 3 unit Crane, 2 unit Dozer,
> Moving distance from PHR Yard to SEBL055 +/- 100 KM 
"
SEBL,SEBL_002,PHR-026,8/29/2026,9/6/2026,8/29/2026 18:00,LOCN,MOB,MOVEON,UNITMOV,6,,,0,"Move to SEBL #0055 w progress 82% (67 of 82 load)

Move From PHR Yard to SEBL#0055:
Load list :
68. Mud pump 1 ( Std by at PHR Yard )
69. Mud Pump 2 ( Std by at PHR Yard )

Activities at PHR Yard
- Loading Mud Pump 1
- Loading Mud Pump 2
- Dismantle Walkway Mud Tank 1
- Housekeeping at Mud Tank

Activities at SEBL#0055
- Connect Cable Power at porta camp Rest crew
- Running engine rig carrier
- Reposition Genset Light tower
- Reposition Rig Carrier
- Prepare Install Rig Mast

Notes:
> Available transport fleet,
  ACS: 2 unit Lowbed, 1 unit Tandem, 1 unit Trailer,1 Cargo 3 unit Crane, 2 unit Dozer,
> Moving distance from PHR Yard to SEBL055 +/- 100
> Moving only on daylight

<><><><>AFTER MIDNIGHT<><><><>
00:00 - 05:00 
Waiting On Daylight (Night Trip Policy)

Repositioning and Loading equipment onto transport, 
Move to SEBL #0055 w progress 80% (66 of 82 load)

Move From PHR Yard to SEBL#0055:
Load list :
68. Mud pump 1 ( Std by at PHR Yard )
69. Mud Pump 2 ( Std by at PHR Yard )
70. walkway mud tank1 + Line Manifold mud tank  ( Std by at PHR Yard )
71. Mud tank 1  ( Std by at PHR Yard )

Activities at PHR Yard
- Loading walkway mud tank1 + Line Manifold mud tank 
- Loading Mud tank 1 
- Contd Welding Paritan Mud Tank 1
- Welding Pad Eye Sliding Cutting
- Welding Manhole Mud Tank 2

Activities at SEBL#0055
- Install Rig Mast 
- Install Pin Rising Jack
- Install Pin Bottom Mast
- Install Sling Guy Line
- Install Sling Upper Mast
- Install Sling Lower Mast
- Housekeeping Area Rig Carrier

Notes:
> Available transport fleet,
  ACS: 2 unit Lowbed, 1 unit Tandem, 1 unit Trailer,1 Cargo 3 unit Crane, 2 unit Dozer,
> Moving distance +/- 100 KM 
> Moving only on daylight"
SEBL,SEBL_002,PHR-026,8/30/2026,9/6/2026,8/30/2026,LOCN,MOB,MOVEON,OPSUS,5,5,,0,"Waiting On Daylight (Night Trip Policy)
Repositioning and Loading equipment onto transport, 
Move to SEBL #0055 w progress 82% (67 of 82 load)

Move From PHR Yard to SEBL#0055:
Load list :
68. Mud pump 1 ( Std by at PHR Yard )
69. Mud Pump 2 ( Std by at PHR Yard )
70. walkway mud tank1 + Line Manifold mud tank  ( Std by at PHR Yard )
71. Mud tank 1  ( Std by at PHR Yard )

Activities at PHR Yard
- Loading walkway mud tank1 + Line Manifold mud tank 
- Loading Mud tank 1 
- Cont'd Welding Paritan Mud Tank 1
- Welding Pad Eye Sliding Cutting
- Welding Manhole Mud Tank 2

Activities at SEBL#0055
- Install Rig Mast 
- Install Pin Rising Jack
- Install Pin Bottom Mast
- Install Sling Guy Line
- Install Sling Upper Mast
- Install Sling Lower Mast
- Housekeeping Area Rig Carrier

Notes:
> Available transport fleet,
  ACS: 2 unit Lowbed, 1 unit Tandem, 1 unit Trailer,1 Cargo 3 unit Crane, 2 unit Dozer,
> Moving distance +/- 100 KM 
> Moving only on daylight"
SEBL,SEBL_002,PHR-026,8/30/2026,9/6/2026,8/30/2026 5:00,LOCN,MOB,MOVEON,UNITMOV,7,,,0,"Move to SEBL #0055 w progress 87% (71 of 82 load)

Move From PHR Yard to SEBL#0055:
Load list :
68.Mud pump 1 (Lowbed)
69.Mud Pump 2 (Lowbed)
70.walkway mud tank1 + Line Manifold mud tank (Cargo)
71.Mud tank 1  (Additional Lowbed from ACS24)

Activities at PHR Yard
- Install mud gun mud tank 2
- Wellding talang mud tank 2 (on progress)
- Install gritting plat mud tank 2
- Install Valve 6"" mud over, mud tank 1,2
- C/O flank 6"" mud over 1,2 (on progress)
- Housekeeping

Activities at SEBL#0055
- Reposisi traveling block
- Rolling drilling line
- Install fibrator house hose stand pipe
- Install line hose hydraulic
- Housekeeping area rig mast and rig carrier
- Reposisi polytank portacamp TDS

Notes:
> Available transport fleet,
  ACS: 2 unit Lowbed, 1 unit Tandem, 1 unit Trailer,1 Cargo 3 unit Crane, 2 unit Dozer,
> Moving distance +/- 100 KM "
SEBL,SEBL_002,PHR-026,8/30/2026,9/6/2026,8/30/2026 12:00,LOCN,MOB,MOVEON,UNITMOV,6,,,0,"Move to SEBL #0055 w progress 87% (71 of 82 load)

Move From PHR Yard to SEBL#0055:
Load list :
68.Mud pump 1 (Lowbed)
69.Mud Pump 2 (Lowbed)
70. walkway mud tank1 + Line Manifold mud tank (Cargo)
71. Mud tank 1  (Additional Lowbed from ACS24)

Activities at PHR Yard
- Cont'd Welding talang mud tank 2
- Cont'd C/O flank 6"" mud over 1,2
- Dismantle walkway mud tank 4 for NDT, pin, pad eye
- Install man hole mud tank 2,3
- Install cable power mud tank 4
- Install flange mud over 
- Dismantle grating plat mud tank 4 

Activities at SEBL#0055
- Unloading mud tank1
- Unloading accessories mud tank
- Unloading mud pump 1 and 3
- Cont'd rolling drilling line to drawwork
- Install sling air hoist
- Unloading tubular (HWDP 20 joint)

Notes:
> Available transport fleet,
  ACS: 2 unit Lowbed, 1 unit Tandem, 1 unit Trailer,1 Cargo 3 unit Crane, 2 unit Dozer, and 1 additional Lowbed from ACS-24
> Moving distance +/- 100 KM 
> Remaining Load at PHR Yard:
"
SEBL,SEBL_002,PHR-026,8/30/2026,9/6/2026,8/30/2026 18:00,LOCN,MOB,MOVEON,UNITMOV,6,,,0,"Move to SEBL #0055 w progress 87% (71 of 82 load) R/U activities at SEBL 055 #  5 %

Move From PHR Yard to SEBL#0055:
Load list :
72.Add portacamp Geologist ( lowbed Std by at PHR Yard )

Activities at PHR Yard
- Welding line mud gun mud tank 3
- Contd Prepare walkway mud tank 4
- welding grating plate mud tank 3

Activities at SEBL#0055
- Install Climbing Device
- Install Slow Sped 
- Install Sliding Cutting
- Install Walkway Mud Tank 1
- Install Support walkway
- Dress up area acces spot rig carrier

Notes:
> Available transport fleet,
  ACS: 2 unit Lowbed, 1 unit Tandem, 1 unit Trailer,1 Cargo 3 unit Crane, 2 unit Dozer, and 1 additional Lowbed from ACS-24
> Moving distance +/- 100 KM 


<><><><>AFTER MIDNIGHT<><><><>
00:00 - 05:00 
Waiting On Daylight (Night Trip Policy)

Repositioning and Loading equipment onto transport, 
Move to SEBL #0055 w progress 87% (71 of 82 load)

Move From PHR Yard to SEBL#0055:
Load list :
72.Add portacamp Geologist ( lowbed Std by at PHR Yard )

Activities at PHR Yard
- Loading Add portacamp Geologist
- Contd  welding grating plate mud tank 3

- Loading Stairs mud tank 4 dan guardrail 

R/U Rig & Equipment 10%  
Activities at SEBL#0055
- install Stairs mud tank 1 & guardrail
- install desander
- install degasser
- install shale shaker 1,2,3

Notes:
>SWA spot rig Waiting On Daylight; Durabase mats are slippery due to the previous night's rain
> Available transport fleet,
  ACS: 2 unit Lowbed, 1 unit Tandem, 1 unit Trailer,1 Cargo 3 unit Crane, 2 unit Dozer,
> Moving distance +/- 100 KM
> Remaining Load at PHR Yard:11 load"
SEBL,SEBL_002,PHR-026,8/31/2026,9/6/2026,8/31/2026,LOCN,MOB,MOVEON,OPSUS,5,5,,0,"Waiting On Daylight (Night Trip Policy)

Repositioning and Loading equipment onto transport, 
Move to SEBL #0055 w progress 87% (71 of 82 load)

Move From PHR Yard to SEBL#0055:
Load list :
72.Add portacamp Geologist ( lowbed Std by at PHR Yard )

Activities at PHR Yard
- Loading Add portacamp Geologist
- Contd  welding grating plate mud tank 3

- Loading Stairs mud tank 4 dan guardrail 

R/U Rig & Equipment 10%  
Activities at SEBL#0055
- install Stairs mud tank 1 & guardrail
- install desander
- install degasser
- install shale shaker 1,2,3

Notes:
>SWA spot rig Waiting On Daylight; Durabase mats are slippery due to the previous night's rain
> Available transport fleet,
  ACS: 2 unit Lowbed, 1 unit Tandem, 1 unit Trailer,1 Cargo 3 unit Crane, 2 unit Dozer,
> Moving distance +/- 100 KM
> Remaining Load at PHR Yard:11 load"
SEBL,SEBL_002,PHR-026,8/31/2026,9/6/2026,8/31/2026 5:00,LOCN,MOB,MOVEON,UNITMOV,7,,,0,"Move to SEBL #0055 w progress 88% (72 of 82 load)
R/U Rig & Equipment 15%  

Move From PHR Yard to SEBL#0055:
Load list :
72. Additional Portacamp Geologist (Lowbed)

Activities at PHR Yard
- Loading Additional Portacamp
- Loading mud tank 2
- Loading mud tank 3
- Loading stairs mud tank 4 & guardrail

Activities at SEBL#0055
- Setting possumbelly box
- Install handrail mud tank 1
- Housekeeping in mud tank 1
- Greasing track crane Zoomlion telescoping

Notes:
> Available transport fleet,
  ACS: 2 unit Lowbed, 1 unit Tandem, 1 unit Trailer,1 Cargo 3 unit Crane, 2 unit Dozer, and 1 additional Lowbed from ACS-24
> Moving distance +/- 100 KM 
> Remaining Load at PHR Yard: 10 loads
"
SEBL,SEBL_002,PHR-026,8/31/2026,9/6/2026,8/31/2026 12:00,LOCN,MOB,MOVEON,UNITMOV,6,,,0,"Move to SEBL #0055 w progress 92% (76 of 82 load)
20% R/U Rig & Equipments at SEBL #0055

Move From PHR Yard to SEBL#0055:
Load list :
72. Additional Portacamp Geologist (Lowbed)
73. Stairs mud tank 4 dan guardrail (Cargo)
74. Mud tank 2 (Lowbed)
75. Mud tank 3 (Lowbed)
76. Pipe Box 1 DP 3.5"" (Trailer)

Activities at PHR Yard
- Prepare additional mud tank

Activities at SEBL#0055
- Unloading Additional Portacamp Geologist
- Unloading stairs mud tank 4 dan guardrail 
- Unloading and setting  mud tank 2 
- Unloading mud tank 3
- Unloading Pipe Box DP 3.5""
- Install walkway mud tank 1 to mud tank 2
- Install line hose mud tank 2 to mud tank 3
- Setting mud tank 3 (On progress)

Notes:
> Available transport fleet,
  ACS: 2 unit Lowbed, 1 unit Tandem, 1 unit Trailer,1 Cargo 3 unit Crane, 2 unit Dozer, and 1 additional Lowbed from ACS-24
> Moving distance +/- 100 KM 
> Remaining Load at PHR Yard: 6 loads
"
SEBL,SEBL_002,PHR-026,8/31/2026,9/6/2026,8/31/2026 18:00,LOCN,MOB,MOVEON,UNITMOV,6,,,0,"Move to SEBL #0055 w progress 92% (76 of 82 load)
25% R/U Rig & Equipments at SEBL #0055

Activities at PHR Yard
- Prepare additional mud tank
- Houskeeping at Mud Tank 4

Activities at SEBL#0055
- Setting Main Genset
- Setting Mini Fuel tank main genset
- Setting Mud Tank #3
- Install Hi-Beam Substructure
- Reposition Conductor pipe
- Spot rig carrier
- Leveling jack
- Install Turn Buckle Rig
- Install Secondary climbing device

Notes:
> Available transport fleet,
  ACS: 2 unit Lowbed, 1 unit Tandem, 1 unit Trailer,1 Cargo 3 unit Crane, 2 unit Dozer, and 1 additional Lowbed from ACS-24
> Moving distance +/- 100 KM 
> Remaining Load at PHR Yard: 6 loads

<><><><>AFTER MIDNIGHT<><><><>
00:00 - 05:00 
Waiting On Daylight (Night Trip Policy)

Move to SEBL #0055 w progress 92% (76 of 82 load)
30% R/U Rig & Equipments at SEBL #0055

Activities at PHR Yard
- Prepare additional mud tank
- Houskeeping at Mud Tank 4

R/U Rig & Equipment 30%  
Activities at SEBL#0055
- Reposition Green Room
- Install Stair Substructure to ground
- Install Handraill mud tank 3
- Install walkway water tank tu rig carrier
- setting cat walk
- Setting V-Door
- Install walkway mud tank 2 to mud tank 3
- Install line manifold mud tank
- install cable power & lamp mud tank
- c/o fuel filter genset light tower

Notes:
> Available transport fleet,
  ACS: 2 unit Lowbed, 1 unit Tandem, 1 unit Trailer,1 Cargo 3 unit Crane, 2 unit Dozer,
> Moving distance +/- 100 KM
> Remaining Load at PHR Yard:6 load:
77. Additional Mud Tank
78. Pipe Box 2 DP 3.5"" 
79. Pipe Box 3 HWDP 3.5""
80. Crane 
81. Counterweight crane 
82. Dozer "
SEBL,SEBL_002,PHR-026,9/1/2026,9/6/2026,9/1/2026,LOCN,MOB,MOVEON,OPSUS,5,5,,0,"Waiting On Daylight (Night Trip Policy)

Move to SEBL #0055 w progress 92% (76 of 82 load)
30% R/U Rig & Equipments at SEBL #0055

Activities at PHR Yard
- Prepare additional mud tank
- Houskeeping at Mud Tank 4

R/U Rig & Equipment 30%  
Activities at SEBL#0055
- Reposition Green Room
- Install Stair Substructure to ground
- Install Handraill mud tank 3
- Install walkway water tank tu rig carrier
- setting cat walk
- Setting V-Door
- Install walkway mud tank 2 to mud tank 3
- Install line manifold mud tank
- install cable power & lamp mud tank
- c/o fuel filter genset light tower

Notes:
> Available transport fleet,
  ACS: 2 unit Lowbed, 1 unit Tandem, 1 unit Trailer,1 Cargo 3 unit Crane, 2 unit Dozer,
> Moving distance +/- 100 KM
> Remaining Load at PHR Yard:6 load:
77. Additional Mud Tank
78. Pipe Box 2 DP 3.5"" 
79. Pipe Box 3 HWDP 3.5""
80. Crane 
81. Counterweight crane 
82. Dozer "
SEBL,SEBL_002,PHR-026,9/1/2026,9/6/2026,9/1/2026 5:00,LOCN,MOB,MOVEON,UNITMOV,7,,,0,"Move to SEBL #0055 w progress 95% (78 of 82 load)
35% R/U Rig & Equipments at SEBL #0055

Move From PHR Yard to SEBL#0055:
Load list :
77. Dozer (Lowbed)
78. Pipebox (Trailer)

Activities at SEBL#0055
- Reposisi MGS
- Install line out desilter
- Reposisi trip tank
- Install line mud hopper f/ mud tank 3 to mud tank 2
- Repair handrail mud tank 1
- Housekeeping in mud tank 2,and 3
- Setting blower at mud tank

Notes:
> Available transport fleet,
  ACS: 2 unit Lowbed, 1 unit Tandem, 1 unit Trailer,1 Cargo 3 unit Crane, 2 unit Dozer> Moving distance +/- 100 KM 
> Remaining Load at PHR Yard: 4 loads"
SEBL,SEBL_002,PHR-026,9/1/2026,9/6/2026,9/1/2026 12:00,LOCN,MOB,MOVEON,UNITMOV,6,,,0,"Move to SEBL #0055 w progress 95% (78 of 82 load)
40% R/U Rig & Equipments at SEBL #0055

Move From PHR Yard to SEBL#0055:
Load list :
77. Dozer (Lowbed)
78. Pipebox (Trailer)

Activities at SEBL#0055
- Install line vacuum degasser
- Unloading dozer
- Unloading pipe box DP 3 1/2
- Welded wall mud tank 1
- Reposisi line mud pump
- Install silinder tong (make up tong)
- Rig up MGS
- Welded floor sand trap

Notes:
> Available transport fleet,
  ACS: 2 unit Lowbed, 1 unit Tandem, 1 unit Trailer,1 Cargo 3 unit Crane, 2 unit Dozer> Moving distance +/- 100 KM 
> Remaining Load at PHR Yard: 4 loads"
SEBL,SEBL_002,PHR-026,9/1/2026,9/6/2026,9/1/2026 18:00,LOCN,MOB,MOVEON,UNITMOV,6,,,0,"Move to SEBL #0055 w progress 95% (78 of 82 load)
45% R/U Rig & Equipments at SEBL #0055

Activities at SEBL#0055
* Prepare rig up lower mast
* Install inner guy line lower mast
* Rig up lower mast
* Install driller Consul 
* Prepare rig up upper mast
* Prepare install mud pump
* R/U Upper Mast
* Install CCTV at Mud Tank

Activities at PHR Yard
- Prepare additional mud tank
- Houskeeping at Mud Tank 4

Notes:
> Available transport fleet,
  ACS: 2 unit Lowbed, 1 unit Tandem, 1 unit Trailer,1 Cargo 3 unit Crane, 2 unit Dozer> Moving distance +/- 100 KM 
> Remaining Load at PHR Yard: 4 loads

<><><><>AFTER MIDNIGHT<><><><>
00:00 - 05:00 
Waiting On Daylight (Night Trip Policy)

Move to SEBL #0055 w progress 95% (78 of 82 load)
50% R/U Rig & Equipments at SEBL #0055

R/U Rig & Equipment 
Activities at SEBL#0055
* Setting Mud Pump #1
* Setting Mud Pump #2
* Setting Mud Pump #3
* Setting Engine Mud Pump #3
* Install Guy Line ( On Progress )
* Disconnect Cable Power Fuel Tank
* Reposition & Setting Fuel Tank
* Connect Cable Power Fuel Tank

Activities at PHR Yard
- Prepare additional mud tank
- Housekeeping at Mud Tank 4


Notes:
> Available transport fleet,
  ACS: 2 unit Lowbed, 1 unit Tandem, 1 unit Trailer,1 Cargo 3 unit Crane, 2 unit Dozer,
> Moving distance +/- 100 KM
> Remaining Load at PHR Yard:4 load:
79.Additional Mud Tank
80. Pipe Box 2 DP 3.5"" 
81. Crane  
82. Counterweight crane "
SEBL,SEBL_002,PHR-026,9/2/2026,9/6/2026,9/2/2026,LOCN,MOB,MOVEON,OPSUS,5,5,,0,"Waiting On Daylight (Night Trip Policy)

Move to SEBL #0055 w progress 95% (78 of 82 load)
50% R/U Rig & Equipments at SEBL #0055

R/U Rig & Equipment 
Activities at SEBL#0055
* Setting Mud Pump #1
* Setting Mud Pump #2
* Setting Mud Pump #3
* Setting Engine Mud Pump #3
* Install Guy Line ( On Progress )
* Disconnect Cable Power Fuel Tank
* Reposition & Setting Fuel Tank
* Connect Cable Power Fuel Tank

Activities at PHR Yard
- Prepare additional mud tank
- Housekeeping at Mud Tank 4


Notes:
> Available transport fleet,
  ACS: 2 unit Lowbed, 1 unit Tandem, 1 unit Trailer,1 Cargo 3 unit Crane, 2 unit Dozer,
> Moving distance +/- 100 KM
> Remaining Load at PHR Yard:4 load:
79.Additional Mud Tank
80. Pipe Box 2 DP 3.5"" 
81. Crane  
82. Counterweight crane "
SEBL,SEBL_002,PHR-026,9/2/2026,9/6/2026,9/2/2026 5:00,LOCN,MOB,MOVEON,UNITMOV,7,,,0,"Move to SEBL #0055 w progress 95% (78 of 82 load)
55% R/U Rig & Equipments at SEBL #0055

R/U Rig & Equipment 
Activities at SEBL#0055
- Change Out Filter Engine
- Install Cable MP
- Install Weight indicator
- Repair Wall mud tank 1
- setting travelling block center to rotary table
- prepare tool for rig up gate rail and robotic
- setting canopy driller console

Notes:
> Available transport fleet,
  ACS: 2 unit Lowbed, 1 unit Tandem, 1 unit Trailer,1 Cargo 3 unit Crane, 2 unit Dozer> Moving distance +/- 100 KM 
> Remaining Load at PHR Yard: 4 loads"
SEBL,SEBL_002,PHR-026,9/2/2026,9/6/2026,9/2/2026 12:00,LOCN,MOB,MOVEON,UNITMOV,6,,,0,"Move to SEBL #0055 w progress 96% (79 of 82 load)
60% R/U Rig & Equipments at SEBL #0055

Move From PHR Yard to SEBL#0055:
Load list :
79. Additional Mud Tank

R/U Rig & Equipment 
Activities at SEBL#0055
- Cont'd install cable mud tank
- Install  Cover plat rig floor
- R/U Gate Rail
- Install Turnbuckle Gate Rail
- Install Robotic
- Install Water hose 6""

Notes:
> Available transport fleet,
  ACS: 2 unit Lowbed, 1 unit Tandem, 1 unit Trailer,1 Cargo 3 unit Crane, 2 unit Dozer,
> Moving distance +/- 100 KM
> Remaining Load at PHR Yard:3 load"
SEBL,SEBL_002,PHR-026,9/2/2026,9/6/2026,9/2/2026 18:00,LOCN,MOB,MOVEON,UNITMOV,6,,,0,"Move to SEBL #0055 w progress 96% (79 of 82 load)
65% R/U Rig & Equipments at SEBL #0055

Move From PHR Yard to SEBL#0055:
Load list :
80. Crane  ( lowbed Std by at PHR Yard )
81. Counterweight crane +Sliding ram crane ( lowbed Std by at PHR Yard )

R/U Rig & Equipment 
Activities at SEBL#0055
* Unloading mud tank 4 and setting 
* Install hose 2"" water line f/ mud tank 2 to 1 and 3
* Setting engine mud pump 1
* Welded wall mud tank 3 on progress
* Install Kelly hose
* Remove tubular handling f/ tool box to rig floor
* Function test top drive 

Notes:
> Available transport fleet,
  ACS: 2 unit Lowbed, 1 unit Tandem, 1 unit Trailer,1 Cargo 3 unit Crane, 2 unit Dozer,
> Moving distance +/- 100 KM
> Remaining Load at PHR Yard:3 load
80. Crane 
81. Counterweight crane +Sliding ram crane 
82.Pipe Box 3.5"" DP

<><><><>AFTER MIDNIGHT<><><><>
00:00 - 05:00 
Waiting On Daylight (Night Trip Policy)

Move From PHR Yard to SEBL#0055:
Load list :
80. Crane  ( lowbed Std by at PHR Yard )
81. Counterweight crane +Sliding ram crane ( lowbed Std by at PHR Yard )

Move to SEBL #0055 w progress 96% (79 of 82 load)
70% R/U Rig & Equipments at SEBL #0055
R/U Rig & Equipment 
Activities at SEBL#0055
Welded wall mud tank 2 
Welded floor mud tank 1 
Welded pipe line 2 water line 
Install line mud gun (ok)
Change chain mud pump 2 (on progress)
Install handrail mud tank 4, and stair way 
Install conductor pipe 
Install flow line 
Install and function test break system ( emergency break, chronomantic, hydromantic)
Install line outlet, inlet MGS 

Notes:
> Available transport fleet,
  ACS: 2 unit Lowbed, 1 unit Tandem, 1 unit Trailer,1 Cargo 3 unit Crane, 2 unit Dozer,
> Moving distance +/- 100 KM
> Remaining Load at PHR Yard:1 load:
82. Pipe Box 2 DP 3.5"" "
SEBL,SEBL_002,PHR-026,9/3/2026,9/6/2026,9/3/2026,LOCN,MOB,MOVEON,OPSUS,5,5,,0,"Waiting On Daylight (Night Trip Policy)

Move From PHR Yard to SEBL#0055:
Load list :
80. Crane  ( lowbed Std by at PHR Yard )
81. Counterweight crane +Sliding ram crane ( lowbed Std by at PHR Yard )

Move to SEBL #0055 w progress 96% (79 of 82 load)
70% R/U Rig & Equipments at SEBL #0055
R/U Rig & Equipment 
Activities at SEBL#0055
Welded wall mud tank 2 
Welded floor mud tank 1 
Welded pipe line 2 water line 
Install line mud gun (ok)
Change chain mud pump 2 (on progress)
Install handrail mud tank 4, and stair way 
Install conductor pipe 
Install flow line 
Install and function test break system ( emergency break, chronomantic, hydromantic)
Install line outlet, inlet MGS 

Notes:
> Available transport fleet,
  ACS: 2 unit Lowbed, 1 unit Tandem, 1 unit Trailer,1 Cargo 3 unit Crane, 2 unit Dozer,
> Moving distance +/- 100 KM
> Remaining Load at PHR Yard:1 load:
82. Pipe Box 2 DP 3.5"" "
SEBL,SEBL_002,PHR-026,9/3/2026,9/6/2026,9/3/2026 5:00,LOCN,MOB,MOVEON,UNITMOV,7,,,0,"Move to SEBL #0055 w progress 98% (81 of 82 load)
75% R/U Rig & Equipments at SEBL #0055

Move From PHR Yard to SEBL#0055:
Load list :
80. Crane
81. Counterweight crane +Sliding ram crane

R/U Rig & Equipment 
Activities at SEBL#0055
- Install discharge line
- Clean up Mud Tank 4
- Install Vibrator Hose 4"" Stand Pipe
- Install Vibrator hose 4"" MP 1
- Install Chain MP 1 & MP 3
- C/O Couter pin Chain MP 1 & MP3
- Function test Desilter, desander & Mud Over

Notes:
> Available transport fleet,
  ACS: 2 unit Lowbed, 1 unit Tandem, 1 unit Trailer,1 Cargo 3 unit Crane, 2 unit Dozer,
> Moving distance +/- 100 KM
> Remaining Load at PHR Yard:1 load:
82. Pipe Box 2 DP 3.5"" "
SEBL,SEBL_002,PHR-026,9/3/2026,9/6/2026,9/3/2026 12:00,LOCN,MOB,MOVEON,UNITMOV,6,,,0,"Move to SEBL #0055 w progress 100% (82 of 82 load)
80% R/U Rig & Equipments at SEBL #0055

Move From PHR Yard to SEBL#0055:
Load list :
80. Crane
81. Counterweight crane +Sliding ram crane
82. Pipe Box 2 DP 3.5"" 


R/U Rig & Equipment 
Activities at SEBL#0055
- Cleaning mud tank 4 
- Repair stair mud tank 4 to ground
- Tight nut flange desander + desilter + mud hopper
- install chain mud pump 1 + 3
- install surface line (ok)
- dress up location for material position
- install line MGS
- install connection 2"" discharge line to manifold
- install hose 2"" manifold to MGS
- cont'd install cable electric in the dog house and mud pump
- unloading crane telescopic from lowbed
- unloading counter weight crane + sliding ram + grating plat
- cont'd repair mud tank with welder

Notes:
> Available transport fleet,
  ACS: 2 unit Lowbed, 1 unit Tandem, 1 unit Trailer,1 Cargo 3 unit Crane, 2 unit Dozer,
> Moving distance +/- 100 KM
> Remaining Load at PHR Yard:1 load:
82. Pipe Box 2 DP 3.5"" "
SEBL,SEBL_002,PHR-026,9/3/2026,9/6/2026,9/3/2026 18:00,LOCN,MOB,MOVEON,R/U,6,,,0,"85% R/U Rig & Equipments at SEBL #0055

R/U Rig & Equipment 
Activities at SEBL#0055
* Cont'd Cleaning mud tank 4
* Install safety clamp on the surface line
* Install line realis valve mud pump 1,2,and 3
* Modification water line mud tank 4 (on progress)
* Welded support line realis valve mud pump 1,2,and 3
* Modification line out desliter and desander
* Repair wooden sleeper and stopper pipe rack
* Prepare 22 jts Hwdp 5"" to pipe rack

<><><><>AFTER MIDNIGHT<><><><>

00:00 - 05:00 

90% R/U Rig & Equipments at SEBL #0055

R/U Rig & Equipment 
Activities at SEBL#0055
-Install Engine Mud pump 2
-Install chain mud pump 2
-Install Propeler Saft rotary table
-Welded wall mud tank 3
-Test agitator mud tank 2 and 3 
-Install safety clamp 10""line by pass mud tank 1 and 2
-Cont'd prepare support line reales valve mud pump 1,2 and 3
-Function test rotary table L&R
-Cont'd modification water line f/mud tank 3 to mud tank 4

"
SEBL,SEBL_002,PHR-026,9/4/2026,9/6/2026,9/4/2026,LOCN,MOB,MOVEON,R/U,6,,,0,"90% R/U Rig & Equipments at SEBL #0055

R/U Rig & Equipment 
Activities at SEBL#0055
-Install Engine Mud pump 2
-Install chain mud pump 2
-Install Propeler Saft rotary table
-Welded wall mud tank 3
-Test agitator mud tank 2 and 3 
-Install safety clamp 10""line by pass mud tank 1 and 2
-Cont'd prepare support line reales valve mud pump 1,2 and 3
-Function test rotary table L&R
-Cont'd modification water line f/mud tank 3 to mud tank 4

"
SEBL,SEBL_002,PHR-026,9/4/2026,9/6/2026,9/4/2026 6:00,LOCN,MOB,MOVEON,R/U,6,,,0,"95% R/U Rig & Equipments at SEBL #0055

R/U Rig & Equipment 
Activities at SEBL#0055
- Cleaning thread pin/box tubular
- Install and repair sliding cutting
- Repair support line release Valve
- Grease & oil filling all agitator mud tank + all elmot mud tank
- Change out elmot compressor electric
- Repair wall mud tank 3 (slug)
- Additional oil chain case mud pump 1
- Install screen shale shaker 1+2+3
"
SEBL,SEBL_002,PHR-026,9/4/2026,9/6/2026,9/4/2026 12:00,LOCN,MOB,MOVEON,UNITMAIN,6,,,0,"95% R/U Rig & Equipments at SEBL #0055 
(ACS Team Propose to use Preventive Maintenance prior to finish mud tank modification from 12:00)

Preventive Maintenance Activities:
- Fabricate sliding cutting line desilter & desander
- Welded Mud tank 3
- Welded mud tank 4
- Fabricated line bypass flowline to triptank
- Tighting mainhole mud tank 1
- Fabricate 2"" Water Line from mud tank 3 to mud tank 4
- Fabricate support PRV line Mud pump 1, 2, 3 to Mud tank 3
- Function test desilter
- Install load limiter
- Install panel spm mud pump
- Unloading 9-5/8"" Casing from trailer (18 of 25jts)
- Fill up water radiator engine MP
- supply water to water tank by vacuum truck
- Install Cable monitor IDS 
- Repair hose 2"" Water transfer MT 3 to MT 4
- C/O Dies slip

Notes:
* Preventive Maintenance : Total used (September) 6 hrs. / 16 hrs.

"
SEBL,SEBL_002,PHR-026,9/4/2026,9/6/2026,9/4/2026 18:00,LOCN,MOB,MOVEON,UNITMAIN,6,,,0,"Preventive Maintenance prior to finish mud tank modification and circulating equipment 

Preventive Maintenance Activities:
*Cont'Fabricated line bypass flowline to triptank
* Unloading 9-5/8"" Casing from trailer 
* Install Cable monitor IDS 
* Fabricate 2"" Water Line mud tank 2 
* Install sensor spm 
* Install sensor pvt
* Install sensor Rpm
* Test desander
* Test shale shaker
* Test charging mud pump
* Running engine mud pump
* Install clamp release valve mud pump 1,2,and 3

Notes:
* Preventive Maintenance : Total used (September) 12 hrs. / 16 hrs.

<><><><>AFTER MIDNIGHT<><><><>

00:00 - 04:00 

Preventive Maintenance prior to finish mud tank modification and circulating equipment 

Preventive Maintenance Activities:
- Tighting union hammer line desilter 
- Welded  sliding cutting line  desander
- Welded  sliding cutting line Desilter
- Portacamp generator repair
- Fabricate PRV line Mud pump  2
- C/O generator Portacamp from yard
- Fabricate support line sliding cutting to mud pit


Notes:
* Preventive Maintenance : Total used (September) 16 hrs. / 16 hrs.

04:00-05:00

*Repair discharge line to mud pump 1 Leaking
Note ;
- Welded  line  discharge line to mud pump 1 on progress
- Prepare Welded fence mud tank 3 areal mud hoper
- Prepare Change out pulse meter display SPM mud pump 1
- Prepare Test line & test mud pump "
SEBL,SEBL_002,PHR-026,9/5/2026,9/6/2026,9/5/2026,LOCN,MOB,MOVEON,UNITMAIN,4,,,0,"Preventive Maintenance prior to finish mud tank modification and circulating equipment 

Preventive Maintenance Activities:
- Tighting union hammer line desilter 
- Welded  sliding cutting line  desander
- Welded  sliding cutting line Desilter
- Portacamp generator repair
- Fabricate PRV line Mud pump  2
- C/O generator Portacamp from yard
- Fabricate support line sliding cutting to mud pit


Notes:
* Preventive Maintenance : Total used (September) 16 hrs. / 16 hrs."
SEBL,SEBL_002,PHR-026,9/5/2026,9/6/2026,9/5/2026 4:00,LOCN,MOB,MOVEON,EQRPR,5,5,,0,"*Repair discharge line to mud pump 1 Leaking
Note ;
- Welded  line  discharge line to mud pump 1 on progress
- Prepare Welded fence mud tank 3 areal mud hoper
- Prepare Change out pulse meter display SPM mud pump 1
- Prepare Test line & test mud pump "
SEBL,SEBL_002,PHR-026,9/5/2026,9/6/2026,9/5/2026 9:00,LOCN,MOB,MOVEON,R/U,3,,,0,"98% R/U Rig & Equipments at SEBL #0055

R/U Rig & Equipment 
Activities at SEBL#0055
- Prepare to Spud In
- Cont'd Fill up water to water tank
- Test Line
- Performace test mud pump 1,2,3"
SEBL,SEBL_002,PHR-026,9/5/2026,9/6/2026,9/5/2026 12:00,LOCN,MOB,MOVEON,R/U,5,,,0,"Cont'd R/U Rig & Equipments at SEBL #0055

R/U Rig & Equipment 
Activities at SEBL#0055
- Cont'd performance test mud pump 1, 2, 3 (single and combination)
- Install hydraulic hose DP spinner
- Repair wall mud tank 4 
- Cont'd supply water to water tank
- Change out pulse meter display SPM mud pump 1
- Tightening the flange push assembly to shale shaker 1
"
SEBL,SEBL_002,PHR-026,9/5/2026,9/6/2026,9/5/2026 17:00,LOCN,MOB,MOVEON,EQRPR,7,7,,0,"Troubleshoot Possum Belly Leak
Note:
- Tightening the flange push assembly to shale shaker 1,2,3
- C/O valve Possum Belly  to shaker 1
- Prepare tally for stand up string at surface section 
- Welded 2"" line to Conductor Pipe 

<><><><>AFTER MIDNIGHT<><><><>

00:00 - 03:00 
Conducted PJSM & On Site Spud Meeting with Crew. Spud in well on 6 September 2026 at 00:00 hrs.

Stand up total 23 jts 5"" HWDP + 1 jt Hydraulic Jar

Notes :
- Rabbit and flush 
- All tubular pick up f/ Pipe rack
- ECOL 5"" HWDP and 5"" DP Elevator

03:00 - 04:00 
PJSM M/U & TIH 12-1/4"" PDC BHI (RR-3)  + Bit Sub (c/w solid float valve) + 2 std 5"" HWDP (Slick BHA #1)
Bit Data 12-1/4"" PDC Bit
Type : TD605KS
Size : 12-1/4 inch
IADC : 519
Serial Number : 5370057
Length : 1.15 ft
Used : RR3
Nozzle : 2x12, 1x13, 1x14, 2x15
TFA : 0.846 in2
==================
Dull Grade In : 0-1-WT-G-X-IN-NO-TD
Dull Grade Out :

04:00 -05:00
Cleaned out 12-1/4"" hole f/ 33' MD to 116' MD
- Pump Rate : 250-300 GPM
- Rotation : 40 RPM
- WOB : 1-2 klbs
- PP (on/off bottom) : 110/50 psi 
- Torque (on/off bottom) : 0.4/0.2 kft.lbs
- P/U weight = 26 kips
- S/O weight = 25 kips
- Rot weight = 25 kips
Mw in / out : 8.7 ppg / 8.7 ppg

Litho : 10% Sand / 90% Wood

K+ : 38000 "
SEBL,SEBL_002,PHR-026,9/6/2026,9/6/2026,9/6/2026,DRLG,SURF,DRILL,DPP/U,3,,12.25,0,"Conducted PJSM & On Site Spud Meeting with Crew. Spud in well on 6 September 2026 at 00:00 hrs.

Stand up total 23 jts 5"" HWDP + 1 jt Hydraulic Jar

Notes :
- Rabbit and flush 
- All tubular pick up f/ Pipe rack
- ECOL 5"" HWDP and 5"" DP Elevator
"
SEBL,SEBL_002,PHR-026,9/6/2026,9/6/2026,9/6/2026 3:00,DRLG,SURF,DRILL,BHAPU/LD,1,,12.25,0,"PJSM M/U & TIH 12-1/4"" PDC BHI (RR-3)  + Bit Sub (c/w solid float valve) + 2 std 5"" HWDP (Slick BHA #1)
Bit Data 12-1/4"" PDC Bit
Type : TD605KS
Size : 12-1/4 inch
IADC : 519
Serial Number : 5369500
Length : 1.15 ft
Used : RR3
Nozzle : 2x12, 1x13, 1x14, 2x15
TFA : 0.846 in2
==================
Dull Grade In : 0-1-WT-G-X-IN-NO-TD
Dull Grade Out :"
SEBL,SEBL_002,PHR-026,9/6/2026,9/6/2026,9/6/2026 4:00,DRLG,SURF,DRILL,CLNOUT,1.75,,12.25,150,"Cleaned out 12-1/4"" hole f/ 33' MD to 150' MD
- Pump Rate : 250-300 GPM
- Rotation : 40 RPM
- WOB : 1-2 klbs
- PP (on/off bottom) : 180/100 psi 
- Torque (on/off bottom) : 0.4/0.2 kft.lbs
- P/U weight = 26 kips
- S/O weight = 25 kips
- Rot weight = 25 kips
Mw in / out : 8.7 ppg / 8.7 ppg

Litho : Shale 95%, wood 5%
K+ : 38000 "
SEBL,SEBL_002,PHR-026,9/6/2026,9/6/2026,9/6/2026 5:45,DRLG,SURF,DRILL,CC,0.25,,12.25,150,"CHC on bottom w/ pump rate 300 GPM, SPP 180 psi. Observe well, confirm static"
SEBL,SEBL_002,PHR-026,9/6/2026,9/6/2026,9/6/2026 6:00,DRLG,SURF,DRILL,TOH,1,,12.25,150,"TOH 12-1/4"" PDC Bit w/ Slick BHA. R/B 3 Jts 5"" HWDP

Note:
Bit Data 12-1/4"" PDC Bit
Type : TD605KS
Size : 12-1/4 inch
IADC : 519
Serial Number : 5369500
Length : 1.15 ft
Used : RR3
Nozzle : 2x12, 1x13, 1x14, 2x15
TFA : 0.846 in2
Dull Grade In : 0-1-WT-G-X-IN-NO-TD
Dull Grade out : 0-1-WT-G-X-IN-NO-BHA
"
SEBL,SEBL_002,PHR-026,9/6/2026,9/6/2026,9/6/2026 7:00,DRLG,SURF,DRILL,BHAPU/LD,5,,12.25,150,"M/U 12-1/4""  PDC Bit (Type: 519, TD605KS, TFA 0.846) + Steerable BHA #2: 8-1/4"" Motor M7840 XP (12-1/8"" Sleeve Stab) + 8"" Float Sub c/w Float Valve + 12-1/8"" Stabilizer + 8-1/4"" NMDC + 8-1/4"" XEM with APWD + 8-1/4"" Pony NMDC + X/O at 112' MD

SEBL_002_12.25HS_RUN_1
Mud Motor Data
- AKO : 0.78 deg on Bend Housing
- RPG Mud motor : 0.16 Rev/ Gal
- Bearing Gap in / out : 1 mm / xx mm

DnI Sensor Distance : 78.92 ft
APWD sensor distance : 96.97 ft
Toolface Offset : 259.15 deg

Total Circulating Time In / Out :
- 8-1/4” Motor : 0 hrs / xx hrs
- 8-1/4"" Float Sub : 0 hrs / xx hrs
- X/O 6-5/8""x 4-1/2"" : 0 hrs / xx hrs                                           
- 8-1/4"" NMDC : 0 hrs / xx hrs
- 8-1/4"" MWD + Gap sub : 0 hrs / xx hrs
- 8-1/4"" SNMDC : 0 hrs / xx hrs
- 6-1/2"" Drilling Jar : 0 hrs / xx hrs

Drilling Jar Settings :
- Jar Up : 90 Klbs
- Jar Down : 50 Klbs
- Delay time : 124 sec

 Bit Data 12-1/4"" PDC Bit
Type : TD605KS
Size : 12-1/4 inch
IADC : 519
Serial Number : 5369500
Length : 1.15 ft
Used : RR4
Nozzle : 2x12, 1x13, 1x14, 2x15
TFA : 0.846 in2
Dull Grade In : 0-1-WT-G-X-IN-NO-BHA
Dull Grade Out :"
SEBL,SEBL_002,PHR-026,9/6/2026,9/6/2026,9/6/2026 12:00,DRLG,SURF,DRILL,DRLROT,5,,12.25,477,"Drilling 12-1/4"" Surface Hole Section from 150' MD to 477 MD
- WOB			: 2-4 klbs
- Flow Rate		: 700 gpm
- SPP (On/Off Bottom)	: 800 /750 psi
- RPM			: 80
- Torque (On/Off Bottom)	: 800/ 600 ft-lbs 

Recorded References
- PU / SO / RW		: 45 / 45 / 45 klbs
- MW			: 8.8 ppg
- ECD after ream		: 8.97 ppg
- Avg ROP		: 81 fph
- Inst ROP		: 360 fph

Last Survey at depth 397.99 ftMD /397.96 ftTVD
Inc : 0.53  deg	
Azi : 128.47  deg	
C-C :  4.37 ft

Notes:
- Hole monitoring prior to connection
- Sweep hivis on the fly every 5 stands drilled
- MW In/Out 8.8/ 8.9 ppg

- Temp in/out: 90 deg F/ 94 deg F
- 
Lithology : 
100% shale, 0% sand, 


- Note :
-K+ : 7% (38.000 mg/l)"
SEBL,SEBL_002,PHR-026,9/6/2026,9/6/2026,9/6/2026 17:00,DRLG,SURF,DRILL,DRLROT,4,,12.25,795,"Drilling 12-1/4"" Surface Hole Section from 477' MD to 795,59  MD
Last drilling data:
   MW / ECD= 8.9 / 9.07 ppg. 
   Slide / Rotate= 6 % / 94 %. ROPins= 267 fph.
   WOB= 2-5 klbs. Flow Rate= 850 gpm..RPM= 100 rpm.
   Hook Load (PU / SO / RW)=60/ 59 /60 klbs.
   Torque (ON / OFF Bottom)= 1.0/ 0.8 ft-lbs.
   SPP (ON / OFF Bottom)=1120 /1060. psi.

Survey Dept : 707.89 ftMD / 707.85 ftTVD
Incl: 0.19 deg
Azim.: 288.64 deg
DLS: 0.18 deg/100ft
Ct-Ct: 5.18 ft (4.54 ft South , 2.49 ft East)

Projection to TD at 795.59 ft MD/ 795.59 ft TVD
Inc :0.35 deg	
Azi : 290.00 eg	
C-C 4.88 ft,( 4.4 ft South , 2.1 ft  East)

Notes:
- Hole monitoring prior to connection
- Sweep hivis on the fly every 5 stands drilled
- MW In/Out 8.9 / 9.0 ppg
- Temp In / Out 106 / 108 deg
- Lithology : Shale 90%, Sand 10%"
SEBL,SEBL_002,PHR-026,9/6/2026,9/6/2026,9/6/2026 21:00,DRLG,SURF,DRILL,CC,2,,12.25,795,"Circulate Hole Clean  w/ FR = 850 GPM, SPP = 1120 psi, until observe clean on return, include sweep hole w/ 2x 30 bbls  hi-vis mud (120 SMF) 2x bottom up volume. 

Notes :  
- flow check for 5 mins, confirm well static.
- pump slug 6 bbls for pull dry string
- Fluid caliper based on Hivis :
- Avg Hole size : 12.27 inch"
SEBL,SEBL_002,PHR-026,9/6/2026,9/6/2026,9/6/2026 23:00,DRLG,SURF,DRILL,TOH,1,,12.25,795,"POOH 12-1/4"" PDC bit + Anadrill directional  BHA#2  f/ 795.59' MD to 480'MD and R/B all string on Derrick stand. 

Notes : 
> No excessive drag during pull out of hole 
> Drilling jar out/ on surface at 00;00 hrs 7 Sept 2026
> Fill up well using Trip Tank

<><><><>AFTER MIDNIGHT<><><><>

00:00 - 01:30 

POOH 12-1/4"" PDC bit + Anadrill Directional  BHA#2  f/ 795.59' MD to surface and R/B all string on Derrick stand. 
Notes : 
> No excessive drag during pull out of hole 
> Drilling jar out/ on surface at 00;00 hrs 7 Sept 2026
> Fill up well using Trip Tank

01:30 - 04:00 

 L/D Anadrill Directional BHA#2 8-1/4"" Motor M7840 XP (12-1/8"" Sleeve Stab) + 8"" Float Sub c/w Float Valve + 12-1/8"" Stabilizer + 8-1/4"" NMDC + 8-1/4"" XEM with APWD + 8-1/4"" Pony NMDC + X/O
SEBL_002_12.25HS_RUN_1

Bit Data BHI :
Size     : 12 1/4 in
Type    : TD605KS
IADC    : 519
S/N      : 5369500
Nozzle : 2x12, 1x13, 1x14, 2x15
TFA      : 0.846 in2
Used    : RR4
Length : 1,15 ft
Dull Grade In: 0-1-WT-G-X-IN-NO-BHA
Dull Grade Out : 0-1-WT-G-X-IN-CT-TD

Mud Motor Data
- AKO : 0.78 deg on Bend Housing
- RPG Mud motor : 0.16 Rev/ Gal
- Bearing Gap in / out : 1 mm / 1 mm

DnI Sensor Distance : 78.92 ft
APWD sensor distance : 96.97 ft
Toolface Offset : 259.15 deg

Total Circulating Time In / Out :
- 8-1/4” Motor : 0 hrs / 9.1 hrs
- 8-1/4"" Float Sub : 0 hrs / 9.1 hrs
- X/O 6-5/8""x 4-1/2"" : 0 hrs / 9.1 hrs                                           
- 8-1/4"" NMDC : 0 hrs / 9.1 hrs
- 8-1/4"" MWD + Gap sub : 0 hrs / 9.1 hrs
- 8-1/4"" SNMDC : 0 hrs / 9.1 hrs
- 6-1/2"" Drilling Jar : 0 hrs / 9.1 hrs

Drilling Jar Settings :
- Jar Up : 90 Klbs
- Jar Down : 50 Klbs
- Delay time : 124 sec

04:00 -05:00
 
R/U Casing handling tools for Running 9-5/8"" Casing, (slip, elevator, power tong, swadge, centralizers)
 - C/O TDS elevator link
 - P/U 9-5/8"" Casing centralizer to rig floor"
SEBL,SEBL_002,PHR-026,9/7/2026,9/6/2026,9/7/2026,DRLG,SURF,DRILL,TOH,1.5,,12.25,795,"POOH 12-1/4"" PDC bit + Anadrill Directional  BHA#2  f/ 795.59' MD to surface and R/B all string on Derrick stand. 
Notes : 
> No excessive drag during pull out of hole 
> Drilling jar out/ on surface at 00;00 hrs 7 Sept 2026
> Fill up well using Trip Tank"
SEBL,SEBL_002,PHR-026,9/7/2026,9/6/2026,9/7/2026 1:30,DRLG,SURF,DRILL,BHAPU/LD,2.5,,12.25,795," L/D Anadrill Directional BHA#2 8-1/4"" Motor M7840 XP (12-1/8"" Sleeve Stab) + 8"" Float Sub c/w Float Valve + 12-1/8"" Stabilizer + 8-1/4"" NMDC + 8-1/4"" XEM with APWD + 8-1/4"" Pony NMDC + X/O
SEBL_002_12.25HS_RUN_1

Bit Data BHI :
Size     : 12 1/4 in
Type    : TD605KS
IADC    : 519
S/N      : 5370057
Nozzle : 2x12, 1x13, 1x14, 2x15
TFA      : 0.846 in2
Used    : RR4
Length : 1,15 ft
Dull Grade In: 0-1-WT-G-X-IN-NO-BHA
Dull Grade Out : 0-1-WT-G-X-IN-CT-TD

Mud Motor Data
- AKO : 0.78 deg on Bend Housing
- RPG Mud motor : 0.16 Rev/ Gal
- Bearing Gap in / out : 1 mm / 1 mm

DnI Sensor Distance : 78.92 ft
APWD sensor distance : 96.97 ft
Toolface Offset : 259.15 deg

Total Circulating Time In / Out :
- 8-1/4” Motor : 0 hrs / 9.1 hrs
- 8-1/4"" Float Sub : 0 hrs / 9.1 hrs
- X/O 6-5/8""x 4-1/2"" : 0 hrs / 9.1 hrs                                           
- 8-1/4"" NMDC : 0 hrs / 9.1 hrs
- 8-1/4"" MWD + Gap sub : 0 hrs / 9.1 hrs
- 8-1/4"" SNMDC : 0 hrs / 9.1 hrs
- 6-1/2"" Drilling Jar : 0 hrs / 9.1 hrs

Drilling Jar Settings :
- Jar Up : 90 Klbs
- Jar Down : 50 Klbs
- Delay time : 124 sec"
SEBL,SEBL_002,PHR-026,9/7/2026,9/6/2026,9/7/2026 4:00,DRLG,SURF,CSGCMT,CSGR/U,1.5,,12.25,795,"R/U Casing handling tools for Running 9-5/8"" Casing, (slip, elevator, power tong, swadge, centralizers)
 - C/O TDS elevator link
 - P/U 9-5/8"" Casing centralizer to rig floor"
SEBL,SEBL_002,PHR-026,9/7/2026,9/6/2026,9/7/2026 5:30,DRLG,SURF,CSGCMT,CSGRUN,4,,12.25,795,"PJSM and TIH 9-5/8"" Float Shoe (BTC) + 1 jt 9-5/8"" Csg Marker (18.78ft) + 9-5/8"" Float Collar (NR) + Total 21 jts 9-5/8"" Casing R3.

Note:
- Filled-up 9-5/8"" csg FS with mud, checked FS and FC on surface, no plug indication on floats.
- Shoe track length: 22 ft, 1.7 bbls (2.54% of displacement volume).
- Observe Well is static.
- 9-5/8"" Casing (36 ppf, K55, BTC, R3).
- SLB Dowell ready to mixed chemical cement
- Circulate Mud prior to reduce PV/YP"
SEBL,SEBL_002,PHR-026,9/7/2026,9/6/2026,9/7/2026 9:30,DRLG,SURF,CSGCMT,CMTR/U,1,,12.25,795,"R/U SLB Cementing Head.

Note:
- Inserted Top Plug into Cementing head with turned 31 times, witnessed by DSR."
SEBL,SEBL_002,PHR-026,9/7/2026,9/6/2026,9/7/2026 10:30,DRLG,SURF,CSGCMT,CMTCSG,3,,12.25,795,"PJSM. Cementing 9-5/8 Surface Casing job by SLB:
Notes:
* Mix & pump 40 bbls 11 ppg Scavenger
* Mix & pump 66 bbls (190% excess theoritical) 12.5 ppg Lead Slurry
* Mix & pump 84.3 bbls (190% excess theoritical) 15.8 ppg Tail Slurry
* Flush line, dropped Top Plug (NR).
* Displaced with 59.8 bbls 8.9 ppg Mud with 3-4 bpm.
* Observed 10 bbls 14.3 ppg cement return on surface (satisfy WSEA 12-A)
* Final pressure: 280 psi (theoretical: 229 psi).
* Bump Plug 780 psi, hold 15 minutes - ok (satisfy WSEA 6-B)
* Bleed back volume 0.1 bbls return. Flow check for 30 mins after CIP, confirmed well static.
* CIP at 12.30 hrs on 7-Sept-2026.

Chemical Usage
D907 : 644 sxs
D047 : 8 gal
D020 : 514 lbs
D153 : 77 lbs
D065 : 156 lbs
D167A : 145 lbs
M002 : 288 lbs
D155 : 86 gal

Casing Accesories:
bow spring hinged - welded 9-5/8 * 12-1/4 : 5 ea
Hinged Stop Collar w/ Nail Locking Device 9 5/8"" : 1 ea
Float Shoe Regular 9-5/8 in; 36#; K55; : 1 ea
Float Collar (PDC Drillable)  9-5/8 in; 36#; K55; BTC : 1 ea
PDC Drillable and Anti-Rotational Top Plug 9-5/8 in; 36# : 1 ea

On location :
1 unit bulker
2 unit water tank
1 unit cement pumping unit
103 km milleage

Cost $23.159.56"
SEBL,SEBL_002,PHR-026,9/7/2026,9/6/2026,9/7/2026 13:30,DRLG,SURF,CSGCMT,CMTR/D,1,,12.25,795,"Flushed Bell nipple & flowline. R/D SLB treating lines. N/D cementing head.

Note:
- Released SLB Cementing unit from location."
SEBL,SEBL_002,PHR-026,9/7/2026,9/6/2026,9/7/2026 14:30,DRLG,SURF,CSGCMT,WHDINST,2.5,,12.25,795,"Hung-up Bell nipple. Rough cut & L/D 9-5/8"" excess casing. Continued cut conductor pipe. L/D Bell nipple. Welded Casing support clamp between conductor pipe and 9-5/8"" surface casing.

Note:
- Checked annulus 9-5/8"" Casing - Conductor. Found no bubble. Checked gas reading, LEL 0 %, H2S 0 ppm.
- Dried-up cellar using Wilden pump."
SEBL,SEBL_002,PHR-026,9/7/2026,9/6/2026,9/7/2026 17:00,DRLG,SURF,CSGCMT,WHDINST,3,,12.25,795,"Final cut casing excess.
Installed & welded 9-5/8"" SOW BTM x 11""-2M TOP Wellhead Sec-A by PT ACS Rigless.
Cooling down for 30 mins. Cavity test on wellhead with 1,400 psi using nitrogen, hold 5 mins (satisfy WSEA 10-B).

Note:
- WH preheat: 178 degC.
- Top flange Casing Head: 0.46 ft (5.5 in) below ground level."
SEBL,SEBL_002,PHR-026,9/7/2026,9/6/2026,9/7/2026 20:00,DRLG,SURF,CSGCMT,BOPN/U,1.5,,12.25,795,"P/U & installed DSAF 11""-2M x 13-5/8""-5M + Riser Spool 13-5/8""-5M x 13-5/8""-5M (2 ft) to 11""-2M Wellhead Section-A."
SEBL,SEBL_002,PHR-026,9/7/2026,9/6/2026,9/7/2026 21:30,DRLG,SURF,CSGCMT,BOPN/U,2,,12.25,795,"N/U 13-5/8""-5M Class-III BOP onto 13-5/8"" drilling spool  
Final BOP configuration:
- 13-5/8""-5M Annular
- 13-5/8""-5M Double Ram
- 13-5/8""-5M Drilling Spool
- 13-5/8""-5M Riser (2 ft)
- 13-5/8""-5M x 11""-2M DSAF
- 11""-2M x 9-5/8"" SOW Wellhead Section A

"
SEBL,SEBL_002,PHR-026,9/7/2026,9/6/2026,9/7/2026 23:30,DRLG,SURF,CSGCMT,BOPN/U,0.5,,12.25,795,"Tighten the BOP bolts w/ torque wrench by Rig Crew
- DSAF to wellhead section A
- Drilling spool to BOP stack.  

<><><><>AFTER MIDNIGHT<><><><>

00:00 - 01:00 
Tighten the BOP bolts w/ torque wrench by Rig Crew
- DSAF to wellhead section A
- Drilling spool to BOP stack.  

01:00 - 02:30 

Installed pitcher nipple + flowline, killing line & chokeline on BOP, and MGS line.

02:30 -03:30

Performed function test on all BOP elements (Annular, Blind Ram & Pipe Ram), followed with Accumulator drawdown test (WSEA 9-A). 
Charging the accumulator system to 3,000 psi in 8 min 1 seconds with both Air Pump & Electric Pump.
Verified pressure in Accumulator system:
- Precharge: 1,000 psi
- Annular: 1,100 psi
- Manifold: 1,500 psi
- Accumulator: 3,000 psi
Switched-off pump system. Checked BOP element closing system as follows:
• Close Pipe Ram:8,30 sec, remaining pressure: 2440 psi
• Open Pipe Ram: 8.84 sec, remaining pressure: 2100 psi (to simulate closing Blind ram)
• Close Annular: 27 sec, remaining pressure: 1500 psi
• Open HCR: 2 sec, Final remaining pressure: 1500 psi (more than Precharge 1,000 psi), ok. [WSEA-09]

03:30-05:00

Full Test BOP :
Connected 20 ft pup joint, Install FOSV, Install Pump in sub, connected IBOP.
- Test #02 : Pressure test Annular : Closed Annular, FOSV-1, V#1, V2. Pressure test against 11"" test plug w/ 300 psi (low) & 700 psi (high), held for 5 mins each. Recorded PT on barton chart.
- Test #03 : Pressure test Annular : Closed Annular, FOSV-2, V#1, V3. Pressure test against 11"" test plug w/ 300 psi (low) & 700 psi (high), held for 5 mins each. Recorded PT on barton chart.



"
SEBL,SEBL_002,PHR-026,9/8/2026,9/6/2026,9/8/2026,DRLG,SURF,CSGCMT,BOPN/U,1,,12.25,795,"Tighten the BOP bolts w/ torque wrench by Rig Crew
- DSAF to wellhead section A
- Drilling spool to BOP stack.  
"
SEBL,SEBL_002,PHR-026,9/8/2026,9/6/2026,9/8/2026 1:00,DRLG,SURF,CSGCMT,BOPN/U,1.5,,12.25,795,"Installed pitcher nipple + flowline, killing line & chokeline on BOP, and MGS line."
SEBL,SEBL_002,PHR-026,9/8/2026,9/6/2026,9/8/2026 2:30,DRLG,SURF,CSGCMT,BOPTST,1,,12.25,795,"Performed function test on all BOP elements (Annular, Blind Ram & Pipe Ram), followed with Accumulator drawdown test (WSEA 9-A). 
Charging the accumulator system to 3,000 psi in 8 min 1 seconds with both Air Pump & Electric Pump.
Verified pressure in Accumulator system:
- Precharge: 1,000 psi
- Annular: 1,100 psi
- Manifold: 1,500 psi
- Accumulator: 3,000 psi
Switched-off pump system. Checked BOP element closing system as follows:
• Close Pipe Ram:8,30 sec, remaining pressure: 2440 psi
• Open Pipe Ram: 8.84 sec, remaining pressure: 2100 psi (to simulate closing Blind ram)
• Close Annular: 27 sec, remaining pressure: 1500 psi
• Open HCR: 2 sec, Final remaining pressure: 1500 psi (more than Precharge 1,000 psi), ok. [WSEA-09]"
SEBL,SEBL_002,PHR-026,9/8/2026,9/6/2026,9/8/2026 3:30,DRLG,SURF,CSGCMT,BOPTST,1.75,,12.25,795,"Full Test BOP :
Connected 20 ft pup joint, Install FOSV, Install Pump in sub, connected IBOP.
- Test #02 : Pressure test Annular : Closed Annular, FOSV-1, V#1, V2. Pressure test against 11"" test plug w/ 300 psi (low) & 700 psi (high), held for 5 mins each. Recorded PT on barton chart.
- Test #03 : Pressure test Annular : Closed Annular, FOSV-2, V#1, V3. Pressure test against 11"" test plug w/ 300 psi (low) & 700 psi (high), held for 5 mins each. Recorded PT on barton chart.
- Test #04: Pressure test Pipe Ram: Closed Pipe Ram, IBOP, CV-1, V#4, V#5, V#7, V#9. Pressure test against 11"" test plug w/ 300 psi (low) & 700  psi (high). held for 5 mins each. Recorded PT on  barton chart
"
SEBL,SEBL_002,PHR-026,9/8/2026,9/6/2026,9/8/2026 5:15,DRLG,SURF,CSGCMT,DPP/U,17,,12.25,795,"Stand up total 140  jts 5"" DP  P/U all string f/ pipe rack for drilling production section, assist by Crane

Note :
- Review SOP S/U Tubular
- Rabbit and Hammer All string.
- P/U additional string from pipe rack.
- Rabbit 5"" DP with size 3-1/8"".
- Clean out threads tubular  and Including Tubulars measurement

"
SEBL,SEBL_002,PHR-026,9/8/2026,9/6/2026,9/8/2026 22:15,DRLG,SURF,CSGCMT,EQRPR,1,1,12.25,795,"*Repair Stopper cat walk broken 
Note ;
- Welded Stopper cat walk 
- C/O dies manual tong 
- Prepare 24 jts 5""HWDP "
SEBL,SEBL_002,PHR-026,9/8/2026,9/6/2026,9/8/2026 23:15,DRLG,SURF,CSGCMT,DPP/U,0.75,,12.25,795,"Stand up total 140  jts 5"" DP + 8 of 24 jts HWDP, P/U all string f/ pipe rack for drilling production section, assist by Crane

Note :
- Review SOP S/U Tubular
- Rabbit and Hammer All string.
- P/U additional string from pipe rack.
- Rabbit 5"" DP with size 3-1/8"".
- Clean out threads tubular  and Including Tubulars measurement

<><><><>AFTER MIDNIGHT<><><><>

00:00 - 03:45 
Stand up total 140 of 140 jts 5"" DP + 24 of 24 jts HWDP, P/U all string f/ pipe rack for drilling production section, assist by Crane
Note :
- Review SOP S/U Tubular
- Rabbit and Hammer All string.
- P/U additional string from pipe rack.
- Rabbit 5"" DP with size 3-1/8"".
- Clean out threads tubular  and Including Tubulars measurement
- Flush with 600 GPM for 5 minutes  24 jts HWDP

 03:45 - 05:00
On Progress M/U & Performed Shallow Test Agitator ZP 
Note:
*Running  6 jts 5""HWDP without an agitator
Pumping test:
- 300 gpm Pressure:30 psi
- 400 gpm Pressure:30 psi
- 500 gpm Pressure:40 psi
- 630 gpm Pressure:50 psi
* Running  2 jts HWDP+ agitator+4 jts HWDP
"
SEBL,SEBL_002,PHR-026,9/9/2026,9/6/2026,9/9/2026,DRLG,SURF,CSGCMT,DPP/U,4,,12.25,795,"Stand up total 140 of 140 jts 5"" DP + 24 of 24 jts HWDP, P/U all string f/ pipe rack for drilling production section, assist by Crane
Note :
- Review SOP S/U Tubular
- Rabbit and Hammer All string.
- P/U additional string from pipe rack.
- Rabbit 5"" DP with size 3-1/8"".
- Clean out threads tubular  and Including Tubulars measurement
- Flush with 600 GPM for 5 minutes  24 jts HWDP
"
SEBL,SEBL_002,PHR-026,9/9/2026,9/6/2026,9/9/2026 4:00,DRLG,SURF,CSGCMT,BHAPU/LD,3,,12.25,795,"M/U & Performed Shallow Test Agitator ZP 

Note:
Running  6 jts 5""HWDP without agitator
Pumping test:
- 300 gpm Pressure:30 psi
- 400 gpm Pressure:30 psi
- 500 gpm Pressure:40 psi
- 630 gpm Pressure:50 psi

Running  2 jts HWDP+ agitator+4 jts HWDP
Pumping test:
- 300 gpm Pressure:50 psi
- 400 gpm Pressure:100 psi
- 500 gpm Pressure:180 psi
- 630 gpm Pressure:280 psi
"
SEBL,SEBL_002,PHR-026,9/9/2026,9/6/2026,9/9/2026 7:00,DRLG,SURF,CSGCMT,TSTSURFEQ,3,,12.25,795,"PJSM and Performed Mud Pump Performance test as follow :
- Function test Mud Pump 1, Test Gpm 300 Pressure 1700 psi 
- Function test Mud Pump 2: Test Gpm 300 Pressure 1730 psi 
- Function test Mud Pump 3: Test Gpm 300 Pressure 1700 psi.Found extention rod mud pimp #3 and ai Broken and airflex MP #2 leaking

Note:
* Change out 6"" liner into 5.5"" liner prior intermediate section.
* Lined-up MP discharge line directly to Choke Manifold during performance test.
* Keep rig personnel out of line of fire during test."
SEBL,SEBL_002,PHR-026,9/9/2026,9/6/2026,9/9/2026 10:00,DRLG,SURF,CSGCMT,EQRPR,3,3,12.25,795,C/O Extention rod mud pump #3 and C/O airflex MP #2
SEBL,SEBL_002,PHR-026,9/9/2026,9/6/2026,9/9/2026 13:00,DRLG,SURF,CSGCMT,TSTSURFEQ,0.5,,12.25,795,"Cont'd Performed Mud Pump Performance test as follow :
- Function test Mud Pump 1, Test Gpm 380 Pressure 1700 psi 
- Function test Mud Pump 2: Test Gpm 380 Pressure 1730 psi 
- Function test Mud Pump 3: Test Gpm 380 Pressure 1700 psi 
- Performance Test Mud Pump #1 combine with Mud Pump #2, Gpm 630 Pressure 2800 psi
- Performance Test Mud Pump #1 combine with Mud Pump #3, Gpm 630 Pressure 2800 psi
- Performance Test Mud Pump #2 combine with Mud Pump #3, Gpm  630  Pressure 2800 psi

Note:
* Change out 6"" liner into 5.5"" liner prior intermediate section.
* Lined-up MP discharge line directly to Choke Manifold during performance test.
* No anomalies visually observed on engine, pump & discharge line side during test.
* Keep rig personnel out of line of fire during test."
SEBL,SEBL_002,PHR-026,9/9/2026,9/6/2026,9/9/2026 13:30,DRLG,SURF,CSGCMT,BHAPU/LD,3.5,,12.25,795,"M/U 8-1/2""  PDC Bit (Type: 519,Type : TD605KS, TFA 0.97) + Steerable BHA #2: 8-1/4"" Motor  A675M7850XP (8-3/8"""" Sleeve Stab) + 6-3/4"" Float Sub c/w Float Valve + 7-1/2"" Stabilizer +ARC-6 (GR, RES, APWD) ZINC+MWD_6 3/4"" TeleScope+6-3/4"" NMDC

Mud Motor Data
- AKO : 1.5 deg on Bend Housing
- RPG Mud motor : 0.28 Rev/ Gal
- Bearing Gap in / out : 1.0 mm / XX mm

APWD sensor distance : 42.31 ft
Resistivity sensor distance : 44.64 ft
Gamma Ray sensor distance : 44.81 ft
D&I sensor distance : 69.17 ft
ZINC sensor distance : 36.99 ft

TFO : 261.45 deg

Total Circulating Time In / Out
- 6-3/4” Motor : 0 hrs / XX hrs
- 6-3/4” FS : 0 hrs / XX hrs
- 7-1/2"" String Stabilizer : 0 hrs / XX hrs
- Arc-6 (GR + RES +APWD+ZINC) : 0 hrs / XX hrs
- 6-3/4"" MWD (TeleScope) : 0 hrs / XX hrs
- 6-3/4"" NMDC : 0 hrs / XX hrs
- 6-1/2"" Hydraulic Drilling Jar = 9.1 hours / XX hours

Drilling Jar Settings_
* Jar Up : 90 Klbs
* Jar Down : 50 Klbs
* Delay time : 124 sec

Bit Data BHI :
Size     : 8 1/2 in
Type    : TD605KS
IADC    : 519
S/N      : 5370678
Nozzle : 3X14 ; 3X15
TFA      : 0,97
Used    : NEW
Length : 0,76 ft
Dull grading in : NEW
"
SEBL,SEBL_002,PHR-026,9/9/2026,9/6/2026,9/9/2026 17:00,DRLG,SURF,CSGCMT,TIH,1.5,,12.25,795,"TIH 8 1/2"" PDC Bit on Directional BHA #3  to TOC.Got tag at 773' MD.

Note
- FC set at 773'MD
- SHT 500 gpm 670 psi

"
SEBL,SEBL_002,PHR-026,9/9/2026,9/6/2026,9/9/2026 18:30,DRLG,SURF,CSGCMT,HESDRL,0.75,,12.25,795,"Conduct choke drill w/Crew A ,found during the choke pressure at super choke (CP 0 psi  DP 0 psi ).

Brake Point
- De-Brief and Re-Verify Safeguard before next job sequence (SOP, JSA, PTI, SYLA/SWC, Lift Plan)
- Walkthrough​ prior Job to ensure all crew involved understood the procedure and safety aspect.
"
SEBL,SEBL_002,PHR-026,9/9/2026,9/6/2026,9/9/2026 19:15,DRLG,SURF,CSGCMT,EQRPR,4.75,4.75,12.25,795,"*Repair super choke casing pressure & Drill pipe pressure  not functioning properly (0 psi )
Note ;
- Flush line CP & DP Pressure
- fill up oil 
- C/O pressure gauge CP 

<><><><>AFTER MIDNIGHT<><><><>

00:00 - 04:00 

Cont,d*Repair super choke casing pressure & Drill pipe pressure  not functioning properly (0 psi )
 Note ; 
- Flush line CP & DP Pressure 
- C/O pressure gauge CP 
- C/O pressure gauge DP  
- C/O Rubber Diaphragm at mud manifold
- Re fill up oil  Hydraulic super choke 

Cont'd* Conduct choke drill w/Crew A 
Brake Point
- De-Brief and Re-Verify Safeguard before next job sequence (SOP, JSA, PTI, SYLA/SWC, Lift Plan)
- Walkthrough​ prior Job to ensure all crew involved understood the procedure and safety aspect.

 04:00 -05:00

DOC from 773' MD to 781' MD 
Drilling Parameter :
 - WOB : 2-4 Klbs.
 - Flowrate : 450  Gpm.
 - String Rotation : 30 - 40 Rpm.
 - Pump Press (Off bottom / On bottom) :550/600 Psi.
 - Torque (Off / On bottom) :0,8/1,0 ftlbs.
* P/U:47
* S/O:45
* R/W:44

 "
SEBL,SEBL_002,PHR-026,9/10/2026,9/6/2026,9/10/2026,DRLG,SURF,CSGCMT,EQRPR,4,4,12.25,795,"Cont,d*Repair super choke casing pressure & Drill pipe pressure  not functioning properly (0 psi )
 Note ; 
- Flush line CP & DP Pressure 
- C/O pressure gauge CP 
- C/O pressure gauge DP  
- C/O Rubber Diaphragm at mud manifold
- Re fill up oil  Hydraulic super choke 

Cont'd* Conduct choke drill w/Crew A 
Brake Point
- De-Brief and Re-Verify Safeguard before next job sequence (SOP, JSA, PTI, SYLA/SWC, Lift Plan)
- Walkthrough​ prior Job to ensure all crew involved understood the procedure and safety aspect.
"
SEBL,SEBL_002,PHR-026,9/10/2026,9/6/2026,9/10/2026 4:00,DRLG,SURF,CSGCMT,DRLCMT,3,,12.25,800,"DOC from 773' MD to 800' MD  (5 ft new formation)
Drilling Parameter :
 - WOB : 2-4 Klbs.
 - Flowrate : 450  Gpm.
 - String Rotation : 30 - 40 Rpm.
 - Pump Press (Off bottom / On bottom) :550/610 Psi.
 - Torque (Off / On bottom) :0,8/1,0 ftlbs.
* P/U:48
* S/O:48
* R/W:48

Baseline #1 at 800 ftMD
Pump On
Flow : 450 gpm
RPM : 40
R/W : 48
P/U : 48 klbs
S/O :  48 klbs
Pressure : 610 psi
MW : 9.5 ppg

Pump OFF 
P/U : 48 klbs
S/O : 48 klbs

Note: 

- R/B 1 stds 5"" HWDP
- Pick up Jar & M/U
- Jar in @ 05:30 hrs,10 September 2026"
SEBL,SEBL_002,PHR-026,9/10/2026,9/6/2026,9/10/2026 7:00,DRLG,SURF,CSGCMT,FIT,1,,12.25,800,"Formation Integrity Test
- Drill Formation to  800 MD (5 ft below last casing shoe 795' MD)
- Reposition 8-1/2"" bit and directional BHA to inside casing shoe
- Space out drill string and close Annular BOP

EMW / Surf Press (psi) / Vol Pumped (ltrs) / Result
===============================
11 ppg / 62 psi / 17  ltrs / Hold
12  ppg / 103 psi / 4.5 ltrs / Hold
13  ppg /144 psi /2.5 ltrs / Hold

Notes :
- TVD 9 5/8"" casing shoe at 795' TVD
- MW inside drill string and annulus = 9.5 ppg
- Hold 5 mins at surface pressure 144 psi
- Total volume pumped = 24 Ltr
- Satisfy WSEA-7B
"
SEBL,SEBL_002,PHR-026,9/10/2026,9/6/2026,9/10/2026 8:00,DRLG,PRODCSG,DRILL,DRLROT,4,,8.5,1042," Vertical drilling 8-1/2"" Production hole section from 800' MD to 1042' MD 
IROP    = 172 fph.
Avg ROP = 60.5 fph

Drilling parameter:
 WOB= 2-4 klbs. 
 Flow Rate= 600 gpm. 
 RPM= 70 rpm.
 Hook Load (PU / SO / RW)= 54 / 52/ 53klbs.
 Torque (ON / OFF Bottom)= 1000/ 800 ft-lbs.
 SPP (ON / OFF Bottom)= 1080 /1000 psi.
 MW / ECD = 9.5 / 10.27 ppg. 
 Slide / Rotate= 0 % /100%.

Last Survey Depth: 972.26 ftMD/972.22 ftTVD
Incl: 0.36 deg
Azim: 355.00 deg
DLS: 0.10 deg/100 ft
Ct-Ct: 4.27 ft (3.8 South, 1.95 East)
"
SEBL,SEBL_002,PHR-026,9/10/2026,9/6/2026,9/10/2026 12:00,DRLG,PRODCSG,DRILL,DRLROT,6,,8.5,1480,"Vertical drilling 8-1/2""  hole section from 1042' MD to 1480' MD 
IROP    = 178 fph.
Avg ROP = 73 fph

Drilling parameter:
 WOB= 2-4 klbs. 
 Flow Rate= 600 gpm. 
 RPM= 70 rpm.
 Hook Load (PU / SO / RW)= 58 / 55/ 56 klbs.
 Torque (ON / OFF Bottom)= 2500/ 1000 ft-lbs.
 SPP (ON / OFF Bottom)= 1090 /1030 psi.
 MW / ECD = 9.5 / 10.24 ppg. 
 Slide / Rotate= 0 % /100%.

Last Survey Depth: 1349.06 ftMD/1349.02 ftTVD
Incl: 0.55 deg
Azim: 16.93 deg
DLS: 0.36 deg/100 ft
Ct-Ct: 2.56 ft (1.62 South, 1.98 East)

Note ;
- Last Cutting Description: 100% shale
- MW In/Out: 9.5 / 9.6 ppg
- K+ : 38K
"
SEBL,SEBL_002,PHR-026,9/10/2026,9/6/2026,9/10/2026 18:00,DRLG,PRODCSG,DRILL,DRLROT,6,,8.5,1787,"Vertical drilling 8-1/2""  hole section from 1480' MD to 1787' MD 
Last drilling data:
   MW / ECD= 9.6/ 10.2 ppg. 
   Slide / Rotate= 3 % / 97 %. ROPins= 174 fph.
   WOB= 2-5 klbs. Flow Rate= 600 gpm..RPM= 80 rpm.
   Hook Load (PU / SO / RW)=70/ 67 /68 klbs.
   Torque (ON / OFF Bottom)= 2.5/ 1.0 ft-lbs.
   SPP (ON / OFF Bottom)=1210 /1150. psi.

Survey Depth: 1655.98 ftMD/ 1655.93 ftTVD
Incl: 0.41 deg
Azim: 140.52 deg
DLS: 0.06 deg/100 ft
Ct-Ct: 3.27 ft (0.9 South, 3.14 East)

Note ;
- Last Cutting Description: Shale 90%, Sand 10%
- MW In/Out: 9.6 / 9.6 ppg
- Temp In / Out 116 / 120 deg
- K+ : 38K
- Graphite  3 ppb
- Soltex 2  ppb
- Sweep Hi Vis 3-5 stand

<><><><>AFTER MIDNIGHT<><><><>

00:00 - 05:00 

Pattern Drilling 8-1/2"" Hole Section  f/ 1787 ftMD to 2033 ftMD.
Last drilling data:
   MW / ECD= 9.6 / 10.18 ppg. 
   Slide / Rotate= 7 % / 93 %. ROPins= 146 fph.
   WOB= 4-6 klbs. Flow Rate= 600 gpm..RPM= 60 rpm.
   Hook Load (PU / SO / RW)=80/ 78 /79 klbs.
   Torque (ON / OFF Bottom)= 2.5/ 1.2 ft-lbs.
   SPP (ON / OFF Bottom)=1250. /1180. psi.

Last Survey Update
Survey Depth: 1965.23 ftMD / 1964.83 ftTVD
Incl: 5.60 deg
Azim: 83.85 deg
DLS: 2.54 deg/100 ft
Ct-Ct: 6.67 ft (0.59 Above, 6.64 Right)

Notes:
- Last Cutting Description: Shale 90%, Sand 10%
- MW In/Out 9.6 / 9.7 ppg

- Temp In / Out 118 / 122 deg
- K+ : 38K
- Graphite  3 ppb
- Soltex 2  ppb
- Sweep Hi Vis 3-5 stand
- KOP@ 1789'MD

"
SEBL,SEBL_002,PHR-026,9/11/2026,9/6/2026,9/11/2026,DRLG,PRODCSG,DRILL,DRLDD,5,,8.5,2033,"Pattern Drilling 8-1/2"" Hole Section  f/ 1787 ftMD to 2033 ftMD.
Last drilling data:
   MW / ECD= 9.6 / 10.18 ppg. 
   Slide / Rotate= 7 % / 93 %. ROPins= 146 fph.
   WOB= 4-6 klbs. Flow Rate= 600 gpm..RPM= 60 rpm.
   Hook Load (PU / SO / RW)=80/ 78 /79 klbs.
   Torque (ON / OFF Bottom)= 2.5/ 1.2 ft-lbs.
   SPP (ON / OFF Bottom)=1250. /1180. psi.

Last Survey Update
Survey Depth: 1965.23 ftMD / 1964.83 ftTVD
Incl: 5.60 deg
Azim: 83.85 deg
DLS: 2.54 deg/100 ft
Ct-Ct: 6.67 ft (0.59 Above, 6.64 Right)

Notes:
- Last Cutting Description: Shale 90%, Sand 10%
- MW In/Out 9.6 / 9.7 ppg

- Temp In / Out 118 / 122 deg
- K+ : 38K
- Graphite  3 ppb
- Soltex 2  ppb
- Sweep Hi Vis 3-5 stand
- KOP@ 1789'MD"
SEBL,SEBL_002,PHR-026,9/11/2026,9/6/2026,9/11/2026 5:00,DRLG,PRODCSG,DRILL,DRLDD,7,,8.5,2407,"Pattern Drilling 8-1/2"" Hole Section  f/ 2033 ftMD to 2407 ftMD.

Last drilling data:
   MW / ECD= 9.7 / 10.24 ppg. 
   Slide / Rotate= 11 % / 89 %. ROPins= 161 fph.
   WOB= 4-6 klbs. Flow Rate= 600 gpm..RPM= 60 rpm.
   Hook Load (PU / SO / RW)=90/ 84 /86 klbs.
   Torque (ON / OFF Bottom)= 3.0/ 1.7 ft-klbs.
   SPP (ON / OFF Bottom)=1290. /1200. psi.

Last Survey Update
Survey Depth: 2337.15 ftMD / 2330.41 ftTVD
Incl: 14.97 deg
Azim: 107.37 deg
DLS: 3.78 deg/100 ft
Ct-Ct: 9.98 ft (2.43 Above, 9.68 Right)

Notes:
- Last Cutting Description: Shale 20%, Sand 80%
- MW In/Out 9.7 / 9.8 ppg

- Temp In / Out 124 / 130 deg
- K+ : 38K
- Graphite  3 ppb
- Soltex 3  ppb
- Sweep Hi Vis 3-5 stand
- KOP@ 1789'MD
"
SEBL,SEBL_002,PHR-026,9/11/2026,9/6/2026,9/11/2026 12:00,DRLG,PRODCSG,DRILL,DRLDD,5,,8.5,2661,"Pattern Drilling 8-1/2"" Hole Section  f/ 2407 ftMD to 2661 ftMD.

Last drilling data:
   MW / ECD= 9.7 / 10.24 ppg. 
   Slide / Rotate= 31 % / 69 %. ROPins= 130 fph.
   WOB= 4-6 klbs. Flow Rate= 600 gpm..RPM= 60 rpm.
   Hook Load (PU / SO / RW)=95/ 91 /93 klbs.
   Torque (ON / OFF Bottom)= 3.5/ 2.0 ft-klbs.
   SPP (ON / OFF Bottom)=1320. /1210. psi.

Last Survey Update
Survey Depth: 2589.38 ftMD / 2570.26 ftTVD
Incl: 21.23 deg
Azim: 113.32 deg
DLS: 3.91 deg/100 ft
Ct-Ct: 9.28 ft (3.32 Above, 8.66 Left)

Notes:
- Last Cutting Description: Shale 80%, Sand 20%
- MW In/Out 9.7 / 9.8 ppg

- Temp In / Out 130 / 136 deg
- K+ : 38K
- Graphite  3 ppb
- Soltex 3  ppb
- Sweep Hi Vis 3-5 stand
- KOP@ 1789'MD
"
SEBL,SEBL_002,PHR-026,9/11/2026,9/6/2026,9/11/2026 17:00,DRLG,PRODCSG,DRILL,DRLDD,7,,8.5,2968,"Pattern Drilling 8-1/2"" Hole Section  f/ 2661 ftMD to 2968 ftMD.

Last drilling data:
   MW / ECD= 9.7 / 10.3 ppg. 
   Slide / Rotate= 18 % / 82 %. ROPins= 138 fph.
   WOB= 4-6 klbs. Flow Rate= 600 gpm..RPM= 60 rpm.
   Hook Load (PU / SO / RW)=110/ 100 /105 klbs.
   Torque (ON / OFF Bottom)= 3.8/ 2.5 ft-klbs.
   SPP (ON / OFF Bottom)=1400. /1250. psi.

Last Survey Update
Survey Depth: 2835.55 ftMD / 2796.17 ftTVD
Incl: 25.75 deg
Azim: 129.95 deg
DLS: 3.70 deg/100 ft
Ct-Ct: 8.34 ft (2.26 Above, 8.03 Left)

Notes:
- Last Cutting Description: Shale 70%, Sand 30%
- Temp In/Out : 130 °F /136 °F
- Mw in / Out : 9.7 ppg / 9.8 ppg
- K+ : 38K
- Graphite 3 ppb
- Soltex 4  ppb
- CaCO3 combine F/M : 20 ppb (LCM)
- Sweep Hi Vis 3-5 stand

<><><><>AFTER MIDNIGHT<><><><>

00:00 - 05:00 

Pattern Drilling 8-1/2"" Hole Section  f/ 2968 ftMD to 3152 ftMD.

Last drilling data:
   MW / ECD= 9.8 / 10.6 ppg. 
   Slide / Rotate= 18 % / 82 %. ROPins= 132 fph.
   WOB= 4-6 klbs. Flow Rate= 600 gpm..RPM= 60 rpm.
   Hook Load (PU / SO / RW)=118/ 104 /108 klbs.
   Torque (ON / OFF Bottom)= 4.5/ 3.0 ft-klbs.
   SPP (ON / OFF Bottom)=1450. /1300. psi.

Last Survey Depth: 3084.08 ftMD / 3012.38 ftTVD
Incl: 32.34 deg
Azim: 145.41 deg
DLS: 3.24 deg/100 ft
Ct-Ct: 6.20 ft (1.46 Above, 6.02 Left)

Notes:
- Last Cutting Description: Shale 80%, Sand 20%
- MW In/Out 9.7 / 9.8 ppg
- Temp In / Out 130 / 136 deg
- K+ : 7% ( 38K)
- Graphite  5 ppb
- Soltex 4  ppb
- CaCO3 combine F/M : 20 ppb (LCM)
- Sweep Low vis 20 bbls + Hi Vis  20 bbls 3-5 stand


"
SEBL,SEBL_002,PHR-026,9/12/2026,9/6/2026,9/12/2026,DRLG,PRODCSG,DRILL,DRLDD,6,,8.5,3200,"Pattern Drilling 8-1/2"" Hole Section  f/ 2968 ftMD to 3200 ftMD.Found chain MP #1 broken and Seat valve MP #3 leaking.

Last drilling data:
   MW / ECD= 9.8 / 10.6 ppg. 
   Slide / Rotate= 18 % / 82 %. ROPins= 132 fph.
   WOB= 4-6 klbs. Flow Rate= 600 gpm..RPM= 60 rpm.
   Hook Load (PU / SO / RW)=118/ 104 /108 klbs.
   Torque (ON / OFF Bottom)= 4.5/ 3.0 ft-klbs.
   SPP (ON / OFF Bottom)=1450. /1300. psi.

Last Survey Depth: 3084.08 ftMD / 3012.38 ftTVD
Incl: 32.34 deg
Azim: 145.41 deg
DLS: 3.24 deg/100 ft
Ct-Ct: 6.20 ft (1.46 Above, 6.02 Left)

Notes:
- Last Cutting Description: Shale 80%, Sand 20%
- MW In/Out 9.7 / 9.8 ppg
- Temp In / Out 130 / 136 deg
- K+ : 7% ( 38K)
- Graphite  5 ppb
- Soltex 4  ppb
- CaCO3 combine F/M : 20 ppb (LCM)
- Sweep Low vis 20 bbls + Hi Vis  20 bbls 3-5 stand
"
SEBL,SEBL_002,PHR-026,9/12/2026,9/6/2026,9/12/2026 6:00,DRLG,PRODCSG,DRILL,TOH,7,,8.5,3200,"TOH bit to shoe for install Agitator ZP.

Note
- No significant drag while TOH
- Use mud bucket
- Last depth 3200'MD
- Repair MP.(MP #1 C/O adjust chain  and MP3 # C/O seat valve and module)

Baseline
- 250 gpm 450 psi
- P/U S/O ROT = 118/104/108 klbs

Pump off
P/U S/O = 119/102  klbs"
SEBL,SEBL_002,PHR-026,9/12/2026,9/6/2026,9/12/2026 13:00,DRLG,PRODCSG,DRILL,EQRPR,3,3,8.5,3200,"Repair MP.(MP #1 Adjust chain sprocket and MP3 # C/O seat valve and module)
"
SEBL,SEBL_002,PHR-026,9/12/2026,9/6/2026,9/12/2026 16:00,DRLG,PRODCSG,DRILL,TIH,8,,8.5,3200,"M/U Agitator and TIH bit to bottom,Tagged at 3155 ftMDLast depth 3200'MD 

Notes: 
- wash down From 3155 ftMD to 3185 ftMD.w/ 600 gpm (1350 psi)  
- Last Depth:3200'MD,Tagged at 3155 ftMD
- SHT 550 gpm 850 psi at Depth 1064 ftMD
- Hole Monitoring during TIH
- Not found significant drag during TIH
- Well static
- Break Circulating every 1000ft with 300GPM
  *1064 ftMD 300 gpm, 400 psi
  *2066 ftMD 300 gpm, 500 psi
- Temp In/Out : 124°F /128 °F
- Mw in / Out : 10 ppg / 10 ppg

<><><><>AFTER MIDNIGHT<><><><>

00:00 - 00:15 
Cont'TIH bit to bottom,Last depth 3200'MD 
Notes: 
- wash down From 3185 ftMD until 3200 ftMD.w/ 600 gpm (1350 psi)  
- Last Depth:3200'MD,Tagged at 3155 ftMD
- Hole Monitoring during TIH
- Not found significant drag during TIH
- Well static
- Temp In/Out : 124°F /128 °F
- Mw in / Out : 10 ppg / 10 ppg

00:15 - 01:00

CHC 2X BU ,Sweep Tandem 20 bbls 36 smf LoVis & 20 bbls 120 smf  (10.2 ppg)  mud at 3200 ftMD. with FR 600 gpm (1400 psi) & 40 RPM until no significant cutting observed on shakers.

Note:
- Last cutting description after CHC: 80% shale, 20%
- Temp In/Out : 124°F /128 °F
- MW/ ECD : 10 ppg / 10.72 ppg
- (pump on)
   Hook Load (PU / SO / RW)=118 / 106 /111 klbs.
   Torque (ON / OFF Bottom)= 4.5/ 3.0 ft-klbs.
   SPP (ON / OFF Bottom)=1410. /1300. psi.
- (pump off) : PU:  122  klbs./ SO:107  klbs

01:00-05:00

Pattern Drilling 8-1/2"" Hole Section  f/ 3200 ftMD to 3308 ftMD.

Last drilling data:
   MW / ECD= 10 / 10.8 ppg. 
   Slide / Rotate= 20 % / 80 %. ROPins= 59 fph.
   WOB= 4-6 klbs. Flow Rate= 600 gpm..RPM= 60 rpm.
   Hook Load (PU / SO / RW)=120/ 106 /112 klbs.
   Torque (ON / OFF Bottom)= 5.0/ 3.5 ft-klbs.
   SPP (ON / OFF Bottom)=1530. /1430. psi.

Last Survey Depth: 3238.58 ftMD / 3139.59 ftTVD
Incl: 37.22 deg
Azim: 148.30 deg
DLS: 3.72 deg/100 ft
Ct-Ct: 2.84 ft (0.26 Above, 2.83 Left)

Notes:
- Last Cutting Description: Shale 70%, Sand 30%
- MW In/Out 10 / 10.1 ppg
"
SEBL,SEBL_002,PHR-026,9/13/2026,9/6/2026,9/13/2026,DRLG,PRODCSG,DRILL,TIH,0.25,,8.5,3200,"Cont'TIH bit to bottom,Last depth 3200'MD 
Notes: 
- wash down From 3185 ftMD until 3200 ftMD.w/ 600 gpm (1350 psi)  
- Last Depth:3200'MD,Tagged at 3155 ftMD
- Hole Monitoring during TIH
- Not found significant drag during TIH
- Well static
- Temp In/Out : 124°F /128 °F
- Mw in / Out : 10 ppg / 10 ppg"
SEBL,SEBL_002,PHR-026,9/13/2026,9/6/2026,9/13/2026 0:15,DRLG,PRODCSG,DRILL,CC,0.75,,8.5,3200,"CHC 2X BU ,Sweep Tandem 20 bbls 36 smf LoVis & 20 bbls 120 smf  (10.2 ppg)  mud at 3200 ftMD. with FR 600 gpm (1400 psi) & 40 RPM until no significant cutting observed on shakers.

Note:
- Last cutting description after CHC: 80% shale, 20%
- Temp In/Out : 124°F /128 °F
- MW/ ECD : 10 ppg / 10.72 ppg
- (pump on)
   Hook Load (PU / SO / RW)=118 / 106 /111 klbs.
   Torque (ON / OFF Bottom)= 4.5/ 3.0 ft-klbs.
   SPP (ON / OFF Bottom)=1410. /1300. psi.
- (pump off) : PU:  122  klbs./ SO:107  klbs"
SEBL,SEBL_002,PHR-026,9/13/2026,9/6/2026,9/13/2026 1:00,DRLG,PRODCSG,DRILL,DRLDD,4,,8.5,3308,"Pattern Drilling 8-1/2"" Hole Section  f/ 3200 ftMD to 3308 ftMD.

Last drilling data:
   MW / ECD= 10 / 10.8 ppg. 
   Slide / Rotate= 20 % / 80 %. ROPins= 59 fph.
   WOB= 4-6 klbs. Flow Rate= 600 gpm..RPM= 60 rpm.
   Hook Load (PU / SO / RW)=120/ 106 /112 klbs.
   Torque (ON / OFF Bottom)= 5.0/ 3.5 ft-klbs.
   SPP (ON / OFF Bottom)=1530. /1430. psi.

Last Survey Depth: 3238.58 ftMD / 3139.59 ftTVD
Incl: 37.22 deg
Azim: 148.30 deg
DLS: 3.72 deg/100 ft
Ct-Ct: 2.84 ft (0.26 Above, 2.83 Left)

Notes:
- Last Cutting Description: Shale 70%, Sand 30%
- MW In/Out 10 / 10.1 ppg
-Temp In / Out 136 / 140 deg
- K+ : 7% (38000 mg/lt)
- Graphite 5 ppb
- Soltex 4 ppb
 -CaCO3 combine F/M : 20 ppb (LCM)
- Lubricant 1% at Active System (D:3031, 3261'MD)
"
SEBL,SEBL_002,PHR-026,9/13/2026,9/6/2026,9/13/2026 5:00,DRLG,PRODCSG,DRILL,DRLDD,7,,8.5,3576,"Pattern Drilling 8-1/2"" Hole Section  f/ 3308 ftMD to 3576 ftMD.

Last drilling data:
   MW / ECD = 10 / 10.84 ppg. 
   Slide / Rotate= 23 % / 77 %. ROPins= 81 fph.
   WOB= 8-10 klbs. Flow Rate= 630 gpm..RPM= 60 rpm.
   Hook Load (PU / SO / RW)=126/ 107 /115 klbs.
   Torque (ON / OFF Bottom)= 5.5/ 3.5 ft-klbs.
   SPP (ON / OFF Bottom)=1650. /1550. psi.

Last Survey Depth: 3490.03 ftMD / 3330.52 ftTVD
Incl: 43.78 deg
Azim: 152.30 deg
DLS: 2.84 deg/100 ft
Ct-Ct: 3.39 ft (2.19 Above, 2.59 Left)

Notes:
- Last Cutting Description: Shale 80%, Sand 20%
- MW In/Out 10 / 10.1 ppg
- Temp In / Out 142 / 148 deg
- K+ : 7% (38000 mg/lt)
- Graphite 5 ppb
- Soltex 5 ppb
- CaCO3 combine F/M : 20 ppb (LCM)
- Lubricant 1% at Active System (D:3031, 3261'MD)"
SEBL,SEBL_002,PHR-026,9/13/2026,9/6/2026,9/13/2026 12:00,DRLG,PRODCSG,DRILL,DRLDD,5,,8.5,3810,"Pattern Drilling 8-1/2"" Hole Section  f/ 3576 ftMD to 3810 ftMD.

Last drilling data:
   MW / ECD = 10.1 / 11.0 ppg. 
   Slide / Rotate= 34 % / 66 %. ROPins= 86 fph.
   WOB= 8-10 klbs. Flow Rate= 630 gpm..RPM= 60 rpm.
   Hook Load (PU / SO / RW)=130/ 106 /118 klbs.
   Torque (ON / OFF Bottom)= 5.5/ 3.5 ft-klbs.
   SPP (ON / OFF Bottom)=1650. /1750. psi.

Last Survey Depth: 3678.25 ftMD / 3461.99 ftTVD
Incl: 48.55 deg
Azim: 149.97 deg
DLS: 4.28 deg/100 ft
Ct-Ct: 4.05 ft (2.5 Above, 3.19 Right)

Notes:
- Last Cutting Description: Shale 80%, Sand 20%
- MW In/Out 10 / 10.1 ppg
- Temp In / Out 148 / 152 deg
- K+ : 7% (38000 mg/lt)
- Graphite 5 ppb
- Soltex 6 ppb
- CaCO3 combine F/M : 20 ppb (LCM)
- Lubricant 1% at Active System (D:3031, 3261'MD)
"
SEBL,SEBL_002,PHR-026,9/13/2026,9/6/2026,9/13/2026 17:00,DRLG,PRODCSG,DRILL,DRLDD,7,,8.5,4000,"Pattern Drilling 8-1/2"" Hole Section  f/ 3810 ftMD to 4000 ftMD.

Last drilling data:
   MW / ECD = 10.1 / 11.1 ppg. 
   Slide / Rotate= 21 % / 79 %, ROPins= 55.2 fph
   WOB= 8-10 klbs, Flow Rate= 630 gpm, RPM= 60 rpm
   Hook Load (PU / SO / RW)=129/ 104 /114 klbs
   Torque (ON / OFF Bottom)= 6.5/ 4.5 ft-klbs
   SPP (ON / OFF Bottom)=1800 /1700 psi

Last Survey Update
Survey Depth : 3930.36 ftMD / 3613.43 ftTVD
Incl : 57.88 deg
Azim : 149.88 deg
DLS : 4.38 deg/100 ft
Ct-Ct : 2.16 ft (1.58 Above, 1.48 Right)

Notes:
- Last Cutting Description: Shale 50%, Sand 50%
- MW In/Out 10.1 / 10.2 ppg
- Temp In / Out 148 / 152 deg
- K+ : 7% (38000 mg/lt)
- Graphite 5 ppb
- Soltex 6 ppb (found minor sloughing)
- CaCO3 combine F/M : 20 ppb (LCM)
- Lubricant 1% at Active System (D:3031, 3261'MD)
- Sweep Low vis 20 bbls + Hi Vis  20 bbls 3-5 stand

=====After Midnight=====
00:00 - 01:00

Pattern Drilling 8-1/2"" Hole Section  f/ 4000 ftMD to 4062 ftMD.

Last drilling data:
   MW / ECD = 10.1 / 11.1 ppg. 
   Slide / Rotate= 0% / 100%, ROPins= 106 fph
   WOB= 8-10 klbs, Flow Rate= 630 gpm, RPM= 60 rpm
   Hook Load (PU / SO / RW)=128/ 104 /115 klbs
   Torque (ON / OFF Bottom)= 6.5/ 4.5 ft-klbs
   SPP (ON / OFF Bottom)=1800 /1700 psi

Last Survey Update
Survey Depth: 3993.21 ftMD / 3645.53 ftTVD
Incl: 60.68 deg
Azim: 149.92 deg
DLS: 4.46 deg/100 ft
Ct-Ct: 2.44 ft (1.99 Above, 1.40 Right)

Notes:
- Last Cutting Description: Shale 50%, Sand 50%
- MW In/Out 10.1 / 10.2 ppg

01:00 - 03:00
CHC 2x BU, sweep tandem Low-vis & Hi-vis prior to short trip to Baseline #2

Note: Static check before TOH BHA - well static

03:00 - 05:00
TOH 8.5"" BHA to baseline #2 @ 3200 ftMD

Note
- No significant drag while TOH
- Use mud bucket
- Baseline at 4062 ftMD
Pump ON
600 gpm / 1660 Psi
P/U : 128 klbs
Rot : 115 klbs
S/O : 104 klbs
Pump OFF 
P/U : 134 klbs
S/O : 104 klbs"
SEBL,SEBL_002,PHR-026,9/14/2026,9/6/2026,9/14/2026,DRLG,PRODCSG,DRILL,DRLDD,1,,8.5,4062,"Pattern Drilling 8-1/2"" Hole Section  f/ 4000 ftMD to 4062 ftMD.

Last drilling data:
   MW / ECD = 10.1 / 11.1 ppg. 
   Slide / Rotate= 0% / 100%, ROPins= 106 fph
   WOB= 8-10 klbs, Flow Rate= 630 gpm, RPM= 60 rpm
   Hook Load (PU / SO / RW)=128/ 104 /115 klbs
   Torque (ON / OFF Bottom)= 6.5/ 4.5 ft-klbs
   SPP (ON / OFF Bottom)=1800 /1700 psi

Last Survey Update
Survey Depth: 3993.21 ftMD / 3645.53 ftTVD
Incl: 60.68 deg
Azim: 149.92 deg
DLS: 4.46 deg/100 ft
Ct-Ct: 2.44 ft (1.99 Above, 1.40 Right)

Notes:
- Last Cutting Description: Shale 50%, Sand 50%
- MW In/Out 10.1 / 10.2 ppg
"
SEBL,SEBL_002,PHR-026,9/14/2026,9/6/2026,9/14/2026 1:00,DRLG,PRODCSG,DRILL,CC,2,,8.5,4062,"CHC 2x BU, sweep tandem Low-vis & Hi-vis prior to short trip to Baseline #2

Note: Static check before TOH BHA - well static
"
SEBL,SEBL_002,PHR-026,9/14/2026,9/6/2026,9/14/2026 3:00,DRLG,PRODCSG,DRILL,TOH,5,,8.5,4062,"TOH 8.5"" BHA to baseline #2 @ 3200 ftMD

Note
- Found drag 10-12 klbs at 3740'MD,3465'MD,3360,MD.3250'MD.Pump out with 500 gpm.Ok.
- Use mud bucket

- Baseline at 4062 ftMD
Pump ON
600 gpm / 1660 Psi
P/U : 128 klbs
Rot : 115 klbs
S/O : 104 klbs
Pump OFF 
P/U : 134 klbs
S/O : 104 klbs"
SEBL,SEBL_002,PHR-026,9/14/2026,9/6/2026,9/14/2026 8:00,DRLG,PRODCSG,DRILL,CC,0.5,,8.5,4062,"CHC 2x BU at baseline #2

Note: 
- Static check before TOH BHA
- No significant cutting return on shaker

- Baseline at 4062 ftMD
Pump ON
600 gpm / 1560 Psi
P/U : 118 klbs
Rot : 111 klbs
S/O : 106 klbs
Pump OFF 
P/U : 120 klbs
S/O : 112 klbs"
SEBL,SEBL_002,PHR-026,9/14/2026,9/6/2026,9/14/2026 8:30,DRLG,PRODCSG,DRILL,TIH,2.25,,8.5,4062,"TIH bit to bottom at 4062'MD.

Notes: 
- Last Depth:4062'MD,
- Hole Monitoring during TIH
- Well static
- Got tag 10 klbs at 3743'MD. Washdown with 500 gpm.Ok"
SEBL,SEBL_002,PHR-026,9/14/2026,9/6/2026,9/14/2026 10:45,DRLG,PRODCSG,DRILL,CC,0.75,,8.5,4062,"CHC 2x BU at 4062'MD.

Note: 
- Static check before TOH BHA 
- No significant cutting return on shaker

- Baseline at 4062 ftMD
Pump ON
600 gpm / 1660 Psi
P/U : 128 klbs
Rot : 115 klbs
S/O : 104 klbs
Pump OFF 
P/U : 134 klbs
S/O : 104 klbs"
SEBL,SEBL_002,PHR-026,9/14/2026,9/6/2026,9/14/2026 11:30,DRLG,PRODCSG,DRILL,DRLDD,5.5,,8.5,4314,"Pattern Drilling 8-1/2"" Hole Section  f/ 4062 ftMD to 4314 ftMD.

Last drilling data:
   MW / ECD = 10.2 / 11.06 ppg. 
   Slide / Rotate= 18% / 82%, ROPins= 78 fph
   WOB= 8-12 klbs, Flow Rate= 630 gpm, RPM= 60 rpm
   Hook Load (PU / SO / RW)=128/ 109 /118 klbs
   Torque (ON / OFF Bottom)= 6.5/ 4.5 ft-klbs
   SPP (ON / OFF Bottom)=1800 /1700 psi

Last Survey Depth: 4181.99 ftMD / 3734.71 ftTVD
Incl: 63.22 deg
Azim: 149.37 deg
DLS: 1.69 deg/100 ft
Ct-Ct: 6.94 ft (6.08 Above, 3.36 Left)

Notes:
- Last Cutting Description: Shale 80%, Sand 20%
- MW In/Out 10.2 / 10.3 ppg
"
SEBL,SEBL_002,PHR-026,9/14/2026,9/6/2026,9/14/2026 17:00,DRLG,PRODCSG,DRILL,DRLDD,7,,8.5,4567,"Pattern Drilling 8-1/2"" Hole Section  f/ 4314 ftMD to 4567 ftMD.

Last drilling data:
   MW / ECD = 10.2 / 10.96 ppg. 
   Slide / Rotate= 20 % / 80 %, ROPins= 99 fph
   WOB= 12 klbs, Flow Rate= 630 gpm, RPM= 60 rpm
   Hook Load (PU / SO / RW)=134/ 101 /116 klbs
   Torque (ON / OFF Bottom)= 7/ 5 ft-klbs
   SPP (ON / OFF Bottom)=1850 /1700 psi

Last Survey Update
Survey Depth: 4497.79 ftMD / 3870.44 ftTVD
Incl: 66.76 deg
Azim: 151.15 deg
DLS: 2.10 deg/100 ft
Ct-Ct: 5.35 ft (4.42 Above, 3.02 Right)

Notes:
- Last Cutting Description: Shale 90%, Sand 10%
- MW In/Out 10.2 / 10.3 ppg
- Temp In / Out 154 / 158 deg
- K+ : 7% (38000 mg/lt)
- Graphite 5 ppb
- Soltex 6 ppb (found minor sloughing)
- CaCO3 combine F/M : 20 ppb (LCM)
- Lubricant 1% at Active System (D:3031, 3261'MD)

=====After Midnight======
00:00 - 05:00
Pattern Drilling 8-1/2"" Hole Section  f/ 4567 ftMD to 4810 ftMD.

Last drilling data:
   MW / ECD = 10.2 / 10.98 ppg. 
   Slide / Rotate= 21 % / 79 %, ROPins= 104 fph
   WOB= 12 klbs, Flow Rate= 630 gpm, RPM= 60 rpm
   Hook Load (PU / SO / RW)=135/ 99 /115 klbs
   Torque (ON / OFF Bottom)= 7.5/ 5.5 ft-klbs
   SPP (ON / OFF Bottom)=1850 /1700 psi

Last Survey Update
Survey Depth: 4678.27 ftMD / 3934.79 ftTVD
Incl: 71.53 deg
Azim: 149.35 deg
DLS: 2.81 deg/100 ft
Ct-Ct: 3.25 ft (2.15 Above, 2.43 Right)

Notes:
- Last Cutting Description: Shale 90%, Sand 10%
- MW In/Out 10.2 / 10.3 ppg
- Temp In / Out 154 / 158 deg
- K+ : 7% (38000 mg/lt)
- Graphite 5 ppb
- Soltex 6 ppb (found minor sloughing)
- CaCO3 combine F/M : 20 ppb (LCM)
- Lubricant 1% at Active System (D:3031, 3261'MD)
"
SEBL,SEBL_002,PHR-026,9/15/2026,9/6/2026,9/15/2026,DRLG,PRODCSG,DRILL,DRLDD,6.5,,8.5,4881,"Pattern Drilling 8-1/2"" Hole Section  f/ 4567 ftMD to 4881 ftMD.

Last drilling data:
   MW / ECD = 10.2 / 10.98 ppg. 
   Slide / Rotate= 21 % / 79 %, ROPins= 104 fph
   WOB= 12 klbs, Flow Rate= 630 gpm, RPM= 60 rpm
   Hook Load (PU / SO / RW)=135/ 99 /115 klbs
   Torque (ON / OFF Bottom)= 7.5/ 5.5 ft-klbs
   SPP (ON / OFF Bottom)=1850 /1700 psi

Last Survey Update
Survey Depth: 4678.27 ftMD / 3934.79 ftTVD
Incl: 71.53 deg
Azim: 149.35 deg
DLS: 2.81 deg/100 ft
Ct-Ct: 3.25 ft (2.15 Above, 2.43 Right)

Notes:
- Last Cutting Description: Shale 90%, Sand 10%
- MW In/Out 10.2 / 10.3 ppg
- Temp In / Out 154 / 158 deg
- K+ : 7% (38000 mg/lt)
- Graphite 5 ppb
- Soltex 6 ppb (found minor sloughing)
- CaCO3 combine F/M : 20 ppb (LCM)
- Lubricant 1% at Active System (D:3031, 3261'MD)
"
SEBL,SEBL_002,PHR-026,9/15/2026,9/6/2026,9/15/2026 6:30,DRLG,PRODCSG,DRILL,CC,1.5,,8.5,4881,"Observed pressure spiking to 2300 psi when reaming up. Lower pipe and circulate hole clean. Sweep 2 x 20 bbls tandem lovis hivis.
Found medium/ major sloughing cutting on shale shaker.
Continue circulate until found decrease on sloughing cutting."
SEBL,SEBL_002,PHR-026,9/15/2026,9/6/2026,9/15/2026 8:00,DRLG,PRODCSG,DRILL,DRLDD,1,,8.5,4945,"Pattern Drilling 8-1/2"" Hole Section  f/ 4881 ftMD to 4945 ftMD.

Last drilling data:
   MW / ECD = 10.2 / 11 ppg. 
   Slide / Rotate= 21 % / 79 %, ROPins= 104 fph
   WOB= 12 klbs, Flow Rate= 630 gpm, RPM= 60 rpm
   Hook Load (PU / SO / RW)=135/ 99 /115 klbs
   Torque (ON / OFF Bottom)= 7.5/ 5.5 ft-klbs
   SPP (ON / OFF Bottom)=1850 /1700 psi

Last Survey Update
Survey Depth: 4847 ftMD / 3983 ftTVD
Incl: 75.12 deg
Azim: 148.81 deg
DLS: 2.58 deg/100 ft
Ct-Ct: 1.86 ft (1.75 Above, 0.61 Left)

Notes:
- Discussed w/ drilling office, decided to :
   > increase MW to 10.3 ppg
   > short trip to baseline#3 at 4062' MD
   > CHC at baseline #3
   > RBIH to last depth and CHC (sloughing test)"
SEBL,SEBL_002,PHR-026,9/15/2026,9/6/2026,9/15/2026 9:00,DRLG,PRODCSG,DRILL,CC,1.25,,8.5,4945,"CHC 1x BU using 630 GPM then continue using 500 GPM to homogenize MW to 10.3 ppg

Note:
Last cutting 90% shale, 10% sand, minor sloughing"
SEBL,SEBL_002,PHR-026,9/15/2026,9/6/2026,9/15/2026 10:15,DRLG,PRODCSG,DRILL,TOH,2.25,,8.5,4945,"TOH 8.5"" BHA to baseline #3 @ 4062 ftMD"
SEBL,SEBL_002,PHR-026,9/15/2026,9/6/2026,9/15/2026 12:30,DRLG,PRODCSG,DRILL,CC,0.75,,8.5,4945,"CHC 2x BU at baseline #3

Note: 
- No significant cutting return on shaker
- Baseline at 4062 ftMD
Pump ON
600 gpm / 1660 Psi
P/U : 128 klbs
Rot : 118 klbs
S/O : 106 klbs
Pump OFF 
P/U : 136 klbs
S/O : 108 klbs

- Below is baseline data taken at same depth on 14 Sep 2026
Pump ON
600 gpm / 1660 Psi
P/U : 128 klbs
Rot : 115 klbs
S/O : 104 klbs
Pump OFF 
P/U : 134 klbs
S/O : 104 klbs"
SEBL,SEBL_002,PHR-026,9/15/2026,9/6/2026,9/15/2026 13:15,DRLG,PRODCSG,DRILL,TIH,2.25,,8.5,4945,"TIH bit to bottom at 4945'MD.

Notes: 
- Hole Monitoring during TIH
- Well static
- Got tag 10 klbs at :
  > 4370' MD. Washdown with 500 gpm. Ok
  > 4519' MD. Washdown with 500 gpm. Ok"
SEBL,SEBL_002,PHR-026,9/15/2026,9/6/2026,9/15/2026 15:30,DRLG,PRODCSG,DRILL,CC,0.5,,8.5,4945,"CHC 1x BU at 4945'MD

Note: 
- No significant cutting return on shaker
Pump ON
600 gpm / 1660 Psi
P/U : 128 klbs
Rot : 118 klbs
S/O : 106 klbs
Pump OFF 
P/U : 136 klbs
S/O : 108 klbs"
SEBL,SEBL_002,PHR-026,9/15/2026,9/6/2026,9/15/2026 16:00,DRLG,PRODCSG,DRILL,DRLDD,8,,8.5,5196,"Pattern Drilling 8-1/2"" Hole Section  f/ 4945 ftMD to 5196 ftMD.

Last drilling data:
   MW / ECD = 10.4 / 11.21 ppg. 
   Slide / Rotate= 11% / 89%, ROPins= 61.5 fph
   WOB= 10 - 14 klbs, Flow Rate= 630 gpm, RPM= 60 rpm
   Hook Load (PU / SO / RW)=140/ 100 /116 klbs
   Torque (ON / OFF Bottom)= 8/ 6.2 ft-klbs
   SPP (ON / OFF Bottom)=2000 /1900 psi

Last Survey Update
Survey Depth: 5105.42 ftMD / 4047.74 ftTVD
Incl: 76.86 deg
Azim: 148.12 deg
DLS: 2.19 deg/100 ft
Ct-Ct: 8.57 ft (3.67 Above, 7.75 Left)

Notes:
- Last Cutting Description: Shale 70%, Sand 30%
- MW In/Out 10.4 / 10.5 ppg
- Temp In / Out 156 / 160 deg
- K+ : 7% (38000 mg/lt)
- Graphite 5 ppb
- Soltex 6 ppb
- CaCO3 combine F/M : 20 ppb (LCM)
- Lubricant 1% at Active System (D:3031, 3261'MD)
- Sweep tandem Low+Hi-vis every 3 stand down

======After Midnight======
00:00 - 05:00
Pattern Drilling 8-1/2"" Hole Section  f/ 5196 ftMD to 5344 ftMD.

Last drilling data:
   MW / ECD = 10.4 / 11.26 ppg. 
   Slide / Rotate= 33% / 67%, ROPins= 71.8 fph
   WOB= 12 klbs, Flow Rate= 630 gpm, RPM= 60 rpm
   Hook Load (PU / SO / RW)=142/ 97/116 klbs
   Torque (ON / OFF Bottom)= 8/ 6.2 ft-klbs
   SPP (ON / OFF Bottom)=2000 /1900 psi

Last Survey Update
Survey Depth: 5220.33 ftMD / 4071.83 ftTVD
Incl: 78.88 deg
Azim: 147.97 deg
DLS: 1.61 deg/100 ft
Ct-Ct: 12.84 ft (4.67 Above, 11.96 Left)

Notes:
- Last Cutting Description: Shale 60%, Sand 40%
- MW In/Out 10.4 / 10.5 ppg
- Temp In / Out 154 / 158 deg
- K+ : 7% (38000 mg/lt)
- Graphite 5 ppb
- Soltex 6 ppb
- CaCO3 combine F/M : 20 ppb (LCM)
- Lubricant 1.5% at Active System (D:3031, 3261', 5264'MD)

"
